{"type":"Feature","properties":{"id":"273772","COMMUNE":"West Moray","PROVINCE":"Inverness & Nairn and Moray, Badenoch & Strathspey","COUNTRY":"UK","FIREDATE":"2025-06-28 11:53:00","FINALDATE":"2025-06-30 12:04:00","CLASS":"FireSeason","areaHA_geo":9809.161},"geometry":{"type":"Polygon","coordinates":[[[-3.5908,57.460737],[-3.590865,57.460794],[-3.590982,57.460873],[-3.591151,57.460976],[-3.591373,57.461103],[-3.591564,57.461213],[-3.591724,57.461307],[-3.591853,57.461384],[-3.591951,57.461445],[-3.592029,57.461489],[-3.592086,57.461517],[-3.592123,57.461528],[-3.59214,57.461523],[-3.592163,57.461518],[-3.592193,57.461513],[-3.592228,57.461509],[-3.59227,57.461506],[-3.592315,57.461503],[-3.592364,57.461502],[-3.592416,57.461502],[-3.592472,57.461504],[-3.592524,57.461507],[-3.592572,57.461511],[-3.592616,57.461517],[-3.592656,57.461525],[-3.592692,57.461535],[-3.592724,57.461546],[-3.592752,57.461559],[-3.592776,57.461574],[-3.592795,57.46159],[-3.592811,57.461608],[-3.592823,57.461627],[-3.592831,57.461648],[-3.592835,57.461671],[-3.592835,57.461696],[-3.592831,57.461722],[-3.592823,57.46175],[-3.592813,57.461778],[-3.592802,57.461806],[-3.592789,57.461834],[-3.592775,57.461862],[-3.59276,57.46189],[-3.592743,57.461918],[-3.592724,57.461947],[-3.592705,57.461975],[-3.592683,57.462003],[-3.59266,57.462032],[-3.592636,57.46206],[-3.59261,57.462089],[-3.592583,57.462118],[-3.592555,57.462146],[-3.592525,57.462175],[-3.592493,57.462204],[-3.592464,57.462232],[-3.592439,57.46226],[-3.592416,57.462287],[-3.592396,57.462313],[-3.592379,57.462338],[-3.592364,57.462363],[-3.592353,57.462388],[-3.592345,57.462411],[-3.592339,57.462434],[-3.592336,57.462457],[-3.592337,57.462478],[-3.59234,57.462499],[-3.592346,57.462519],[-3.592355,57.462539],[-3.592367,57.462558],[-3.592382,57.462577],[-3.592397,57.462594],[-3.592415,57.46261],[-3.592433,57.462624],[-3.592453,57.462638],[-3.592473,57.46265],[-3.592495,57.462662],[-3.592519,57.462672],[-3.592543,57.462681],[-3.592569,57.462688],[-3.592596,57.462695],[-3.592624,57.4627],[-3.592653,57.462704],[-3.592683,57.462707],[-3.592715,57.462709],[-3.592748,57.462709],[-3.592782,57.462708],[-3.592817,57.46271],[-3.592852,57.462714],[-3.592888,57.46272],[-3.592925,57.462729],[-3.592963,57.46274],[-3.593001,57.462753],[-3.59304,57.462769],[-3.59308,57.462786],[-3.59312,57.462807],[-3.593161,57.462829],[-3.593203,57.462854],[-3.593246,57.462881],[-3.593289,57.462911],[-3.593333,57.462943],[-3.593377,57.462977],[-3.593422,57.463013],[-3.593463,57.463048],[-3.593498,57.463082],[-3.593528,57.463114],[-3.593553,57.463144],[-3.593573,57.463173],[-3.593589,57.4632],[-3.593599,57.463226],[-3.593604,57.463251],[-3.593604,57.463273],[-3.593599,57.463295],[-3.593589,57.463315],[-3.593574,57.463333],[-3.593554,57.46335],[-3.593529,57.463365],[-3.593499,57.463378],[-3.593463,57.463391],[-3.593429,57.463401],[-3.593394,57.463409],[-3.593359,57.463414],[-3.593325,57.463418],[-3.593291,57.463419],[-3.593257,57.463418],[-3.593223,57.463416],[-3.593189,57.463411],[-3.593156,57.463403],[-3.593123,57.463394],[-3.59309,57.463383],[-3.593057,57.463369],[-3.593024,57.463353],[-3.592992,57.463335],[-3.59296,57.463315],[-3.592928,57.463293],[-3.592896,57.463271],[-3.592865,57.463251],[-3.592835,57.463231],[-3.592806,57.463212],[-3.592777,57.463194],[-3.592749,57.463177],[-3.592721,57.46316],[-3.592694,57.463144],[-3.592668,57.46313],[-3.592642,57.463116],[-3.592617,57.463102],[-3.592593,57.46309],[-3.592569,57.463078],[-3.592546,57.463068],[-3.592523,57.463058],[-3.592501,57.463049],[-3.592482,57.463048],[-3.592465,57.463054],[-3.592451,57.463069],[-3.592439,57.463092],[-3.592429,57.463123],[-3.592422,57.463162],[-3.592418,57.463209],[-3.592415,57.463264],[-3.592416,57.463327],[-3.592419,57.463398],[-3.592424,57.463477],[-3.592432,57.463564],[-3.592442,57.463659],[-3.592455,57.463762],[-3.59247,57.463872],[-3.592488,57.463991],[-3.592506,57.464107],[-3.592525,57.46422],[-3.592545,57.46433],[-3.592566,57.464436],[-3.592586,57.464536],[-3.592606,57.46463],[-3.592626,57.464716],[-3.592645,57.464796],[-3.592662,57.464856],[-3.592675,57.464896],[-3.592685,57.464916],[-3.592692,57.464916],[-3.59273,57.4649],[-3.592801,57.464867],[-3.592904,57.464818],[-3.593038,57.464753],[-3.593187,57.464699],[-3.59335,57.464656],[-3.593528,57.464625],[-3.593719,57.464605],[-3.593928,57.46457],[-3.594156,57.464518],[-3.594401,57.464451],[-3.594664,57.464368],[-3.594904,57.464291],[-3.59512,57.464219],[-3.595312,57.464154],[-3.59548,57.464093],[-3.595642,57.464031],[-3.595796,57.463965],[-3.595944,57.463898],[-3.596085,57.463828],[-3.596198,57.463757],[-3.596283,57.463686],[-3.59634,57.463615],[-3.596369,57.463544],[-3.596438,57.463471],[-3.596546,57.463398],[-3.596693,57.463324],[-3.59688,57.463249],[-3.597003,57.463173],[-3.597062,57.463097],[-3.597057,57.463019],[-3.596988,57.462941],[-3.596949,57.462856],[-3.596939,57.462766],[-3.596958,57.462668],[-3.597007,57.462565],[-3.597068,57.462484],[-3.597142,57.462425],[-3.597228,57.462388],[-3.597326,57.462374],[-3.597391,57.462394],[-3.597423,57.462448],[-3.597422,57.462537],[-3.597388,57.46266],[-3.597375,57.462768],[-3.597382,57.462862],[-3.597409,57.46294],[-3.597456,57.463003],[-3.597479,57.463065],[-3.597478,57.463125],[-3.597452,57.463183],[-3.597401,57.46324],[-3.597318,57.463301],[-3.597203,57.463366],[-3.597057,57.463436],[-3.596877,57.46351],[-3.596774,57.463569],[-3.596746,57.463612],[-3.596795,57.463641],[-3.596919,57.463653],[-3.596991,57.463693],[-3.597012,57.463759],[-3.596981,57.463852],[-3.596898,57.463972],[-3.596845,57.464075],[-3.596821,57.46416],[-3.596826,57.464229],[-3.596862,57.464281],[-3.596903,57.46434],[-3.596952,57.464405],[-3.597006,57.464478],[-3.597067,57.464557],[-3.597129,57.464633],[-3.597192,57.464705],[-3.597256,57.464774],[-3.59732,57.46484],[-3.597367,57.464915],[-3.597398,57.464997],[-3.597412,57.465087],[-3.597408,57.465186],[-3.597429,57.465251],[-3.597472,57.465283],[-3.597539,57.465281],[-3.59763,57.465246],[-3.597736,57.465222],[-3.597858,57.465208],[-3.597996,57.465205],[-3.59815,57.465213],[-3.598272,57.465217],[-3.598363,57.465217],[-3.598423,57.465214],[-3.598451,57.465207],[-3.59849,57.465198],[-3.59854,57.465188],[-3.598602,57.465177],[-3.598674,57.465165],[-3.598746,57.465154],[-3.598818,57.465144],[-3.598891,57.465136],[-3.598964,57.46513],[-3.599037,57.465125],[-3.59911,57.465121],[-3.599184,57.465119],[-3.599258,57.465118],[-3.599327,57.465119],[-3.599393,57.465121],[-3.599454,57.465124],[-3.599511,57.465128],[-3.599564,57.465133],[-3.599612,57.465139],[-3.599657,57.465147],[-3.599697,57.465155],[-3.599733,57.465165],[-3.599765,57.465176],[-3.599792,57.465188],[-3.599816,57.465201],[-3.599835,57.465215],[-3.59985,57.465231],[-3.599861,57.465248],[-3.599867,57.465265],[-3.599872,57.465286],[-3.599875,57.465308],[-3.599876,57.465334],[-3.599875,57.465362],[-3.599872,57.465392],[-3.599868,57.465425],[-3.599861,57.46546],[-3.599853,57.465498],[-3.599842,57.465538],[-3.59983,57.465581],[-3.599816,57.465626],[-3.5998,57.465674],[-3.599782,57.465724],[-3.599763,57.465777],[-3.599741,57.465833],[-3.599718,57.46589],[-3.599691,57.465946],[-3.599662,57.465998],[-3.59963,57.466047],[-3.599595,57.466094],[-3.599558,57.466138],[-3.599517,57.466179],[-3.599474,57.466217],[-3.599427,57.466252],[-3.599378,57.466285],[-3.599326,57.466314],[-3.599271,57.466341],[-3.599213,57.466365],[-3.599153,57.466387],[-3.599089,57.466405],[-3.599023,57.466421],[-3.598954,57.466434],[-3.598889,57.466444],[-3.598828,57.466452],[-3.598772,57.466457],[-3.59872,57.46646],[-3.598672,57.466459],[-3.598629,57.466457],[-3.59859,57.466452],[-3.598556,57.466444],[-3.598525,57.466434],[-3.598499,57.466421],[-3.598478,57.466405],[-3.59846,57.466387],[-3.598447,57.466366],[-3.598439,57.466343],[-3.598434,57.466317],[-3.598434,57.466289],[-3.598437,57.466259],[-3.598441,57.466229],[-3.598447,57.466197],[-3.598456,57.466165],[-3.598466,57.466131],[-3.598479,57.466097],[-3.598493,57.466061],[-3.59851,57.466025],[-3.598525,57.465994],[-3.598538,57.465968],[-3.598549,57.465948],[-3.598558,57.465934],[-3.598542,57.465922],[-3.598503,57.465913],[-3.598439,57.465907],[-3.59835,57.465904],[-3.59825,57.4659],[-3.598137,57.465894],[-3.598011,57.465888],[-3.597873,57.465881],[-3.597747,57.465867],[-3.597631,57.465844],[-3.597527,57.465815],[-3.597433,57.465777],[-3.597334,57.465767],[-3.597229,57.465785],[-3.597119,57.465829],[-3.597002,57.465901],[-3.596929,57.465965],[-3.596898,57.466022],[-3.59691,57.466071],[-3.596966,57.466112],[-3.597008,57.466167],[-3.597037,57.466234],[-3.597053,57.466315],[-3.597056,57.466409],[-3.597061,57.466499],[-3.59707,57.466585],[-3.597081,57.466669],[-3.597095,57.466749],[-3.597077,57.466835],[-3.597028,57.466927],[-3.596947,57.467027],[-3.596836,57.467132],[-3.59676,57.467223],[-3.596721,57.4673],[-3.596718,57.467362],[-3.596752,57.46741],[-3.596808,57.467439],[-3.596887,57.467447],[-3.596989,57.467437],[-3.597113,57.467407],[-3.59724,57.467392],[-3.597371,57.467391],[-3.597505,57.467405],[-3.597643,57.467433],[-3.597725,57.467499],[-3.597752,57.467603],[-3.597723,57.467745],[-3.597639,57.467925],[-3.597519,57.468106],[-3.597365,57.468289],[-3.597175,57.468473],[-3.59695,57.468659],[-3.596772,57.468824],[-3.596643,57.468968],[-3.596561,57.46909],[-3.596528,57.469192],[-3.596506,57.469306],[-3.596497,57.46943],[-3.5965,57.469567],[-3.596515,57.469715],[-3.59655,57.469797],[-3.596603,57.469813],[-3.596676,57.469762],[-3.596768,57.469646],[-3.596916,57.46952],[-3.59712,57.469386],[-3.597381,57.469242],[-3.597698,57.46909],[-3.59795,57.468986],[-3.598136,57.46893],[-3.598256,57.468923],[-3.598311,57.468964],[-3.59834,57.469032],[-3.598343,57.469125],[-3.59832,57.469245],[-3.598271,57.469391],[-3.598203,57.469525],[-3.598117,57.469645],[-3.598012,57.469752],[-3.597888,57.469846],[-3.597773,57.469938],[-3.597667,57.470028],[-3.597571,57.470116],[-3.597483,57.470202],[-3.597447,57.470276],[-3.597462,57.470339],[-3.597529,57.47039],[-3.597647,57.470429],[-3.597711,57.470478],[-3.597721,57.470536],[-3.597677,57.470605],[-3.597579,57.470684],[-3.597468,57.470739],[-3.597345,57.470771],[-3.597209,57.47078],[-3.59706,57.470765],[-3.596953,57.470792],[-3.596887,57.470861],[-3.596863,57.470972],[-3.59688,57.471124],[-3.596924,57.471233],[-3.596997,57.471301],[-3.597098,57.471325],[-3.597226,57.471308],[-3.597323,57.471333],[-3.597388,57.471401],[-3.597421,57.471512],[-3.597423,57.471666],[-3.597507,57.471775],[-3.597675,57.471841],[-3.597926,57.471863],[-3.598259,57.471842],[-3.598511,57.471807],[-3.59868,57.471759],[-3.598767,57.471699],[-3.598772,57.471626],[-3.598801,57.471577],[-3.598855,57.471552],[-3.598935,57.471551],[-3.599039,57.471575],[-3.599117,57.471609],[-3.59917,57.471655],[-3.599197,57.471712],[-3.599199,57.47178],[-3.599249,57.471868],[-3.599349,57.471975],[-3.599497,57.472102],[-3.599695,57.472248],[-3.599823,57.472375],[-3.599883,57.472482],[-3.599874,57.472569],[-3.599795,57.472637],[-3.599738,57.472713],[-3.599701,57.472796],[-3.599685,57.472886],[-3.59969,57.472984],[-3.599785,57.473084],[-3.59997,57.473186],[-3.600245,57.473291],[-3.600611,57.473399],[-3.600895,57.473419],[-3.601097,57.473354],[-3.601218,57.473201],[-3.601256,57.472962],[-3.601248,57.472768],[-3.601193,57.47262],[-3.601091,57.472518],[-3.600942,57.47246],[-3.600817,57.472396],[-3.600715,57.472326],[-3.600637,57.472249],[-3.600582,57.472164],[-3.60053,57.472074],[-3.600482,57.471976],[-3.600437,57.471872],[-3.600396,57.471761],[-3.600355,57.471666],[-3.600313,57.471587],[-3.600272,57.471524],[-3.600231,57.471477],[-3.600222,57.471427],[-3.600247,57.471375],[-3.600304,57.471321],[-3.600395,57.471265],[-3.600477,57.471251],[-3.600551,57.47128],[-3.600617,57.471351],[-3.600676,57.471465],[-3.600716,57.471569],[-3.60074,57.471665],[-3.600747,57.471752],[-3.600736,57.47183],[-3.600753,57.471891],[-3.600797,57.471936],[-3.600869,57.471964],[-3.600968,57.471975],[-3.601089,57.47202],[-3.601229,57.472099],[-3.601391,57.472213],[-3.601573,57.472361],[-3.601736,57.472461],[-3.601879,57.472515],[-3.602003,57.472521],[-3.602107,57.47248],[-3.602199,57.472455],[-3.602278,57.472444],[-3.602345,57.472449],[-3.602401,57.472469],[-3.602475,57.472471],[-3.602568,57.472455],[-3.602681,57.472421],[-3.602812,57.472369],[-3.602947,57.472329],[-3.603084,57.472302],[-3.603224,57.472287],[-3.603366,57.472286],[-3.603493,57.47228],[-3.603605,57.47227],[-3.603701,57.472257],[-3.603782,57.47224],[-3.603843,57.472259],[-3.603884,57.472315],[-3.603904,57.472407],[-3.603904,57.472535],[-3.603903,57.47265],[-3.603901,57.47275],[-3.603897,57.472837],[-3.603892,57.47291],[-3.603874,57.472988],[-3.603841,57.473071],[-3.603794,57.473158],[-3.603732,57.47325],[-3.603682,57.473345],[-3.603643,57.473443],[-3.603615,57.473544],[-3.603598,57.473648],[-3.60353,57.473743],[-3.603411,57.473828],[-3.60324,57.473903],[-3.603018,57.473969],[-3.602826,57.474051],[-3.602663,57.474149],[-3.602531,57.474263],[-3.602428,57.474394],[-3.602375,57.474503],[-3.602372,57.474591],[-3.602419,57.474658],[-3.602515,57.474703],[-3.602589,57.474763],[-3.602641,57.474837],[-3.602669,57.474924],[-3.602675,57.475026],[-3.602694,57.475126],[-3.602727,57.475223],[-3.602772,57.475318],[-3.60283,57.47541],[-3.602888,57.47548],[-3.602945,57.475527],[-3.603002,57.475552],[-3.603059,57.475555],[-3.603103,57.47554],[-3.603134,57.475506],[-3.603153,57.475455],[-3.603159,57.475386],[-3.603165,57.475311],[-3.60317,57.475229],[-3.603175,57.475141],[-3.60318,57.475047],[-3.603204,57.47499],[-3.603249,57.47497],[-3.603313,57.474988],[-3.603397,57.475043],[-3.603492,57.475079],[-3.603598,57.475096],[-3.603714,57.475094],[-3.603841,57.475072],[-3.603948,57.475065],[-3.604035,57.475073],[-3.604101,57.475096],[-3.604147,57.475134],[-3.604145,57.475172],[-3.604095,57.475209],[-3.603997,57.475246],[-3.603852,57.475282],[-3.603761,57.475322],[-3.603725,57.475364],[-3.603744,57.475409],[-3.603817,57.475457],[-3.603944,57.475486],[-3.604123,57.475498],[-3.604355,57.475491],[-3.60464,57.475465],[-3.604871,57.475424],[-3.605049,57.475367],[-3.605173,57.475295],[-3.605243,57.475206],[-3.605325,57.475121],[-3.605417,57.475038],[-3.605521,57.474959],[-3.605636,57.474883],[-3.605745,57.474855],[-3.605847,57.474874],[-3.605944,57.474941],[-3.606034,57.475056],[-3.606115,57.475179],[-3.606188,57.47531],[-3.606252,57.47545],[-3.606307,57.475598],[-3.606331,57.475737],[-3.606324,57.475868],[-3.606286,57.475991],[-3.606217,57.476105],[-3.606121,57.476189],[-3.605998,57.476242],[-3.605848,57.476265],[-3.60567,57.476258],[-3.605564,57.476271],[-3.605528,57.476305],[-3.605564,57.476359],[-3.605671,57.476433],[-3.605738,57.476521],[-3.605764,57.476623],[-3.605749,57.476739],[-3.605694,57.476869],[-3.605679,57.476994],[-3.605705,57.477116],[-3.60577,57.477233],[-3.605876,57.477346],[-3.605973,57.477436],[-3.606062,57.477504],[-3.606142,57.477549],[-3.606214,57.477571],[-3.606279,57.477612],[-3.606336,57.47767],[-3.606386,57.477746],[-3.606429,57.47784],[-3.606503,57.477921],[-3.606608,57.477989],[-3.606744,57.478044],[-3.606911,57.478087],[-3.607035,57.47809],[-3.607117,57.478053],[-3.607156,57.477978],[-3.607153,57.477863],[-3.607119,57.477755],[-3.607054,57.477655],[-3.606958,57.477562],[-3.606831,57.477477],[-3.606771,57.4774],[-3.606777,57.477331],[-3.60685,57.47727],[-3.606989,57.477217],[-3.607133,57.477183],[-3.607283,57.477167],[-3.607437,57.477171],[-3.607596,57.477193],[-3.607742,57.47719],[-3.607875,57.477164],[-3.607996,57.477113],[-3.608103,57.477037],[-3.6082,57.476977],[-3.608286,57.476932],[-3.608362,57.476901],[-3.608428,57.476886],[-3.60849,57.476848],[-3.608546,57.476786],[-3.608598,57.476702],[-3.608646,57.476594],[-3.608696,57.476516],[-3.60875,57.476468],[-3.608807,57.476449],[-3.608866,57.47646],[-3.608954,57.476558],[-3.609071,57.476742],[-3.609215,57.477014],[-3.609388,57.477372],[-3.609539,57.477682],[-3.609669,57.477944],[-3.609776,57.478158],[-3.609862,57.478325],[-3.609959,57.478473],[-3.610067,57.478603],[-3.610186,57.478714],[-3.610316,57.478807],[-3.61043,57.478879],[-3.610528,57.478929],[-3.61061,57.478956],[-3.610676,57.478962],[-3.610722,57.47899],[-3.610748,57.479038],[-3.610754,57.479108],[-3.61074,57.479199],[-3.610765,57.479273],[-3.61083,57.479328],[-3.610933,57.479365],[-3.611076,57.479385],[-3.611195,57.479374],[-3.611291,57.479334],[-3.611365,57.479265],[-3.611416,57.479165],[-3.611527,57.479076],[-3.6117,57.478996],[-3.611935,57.478926],[-3.61223,57.478865],[-3.61245,57.478798],[-3.612594,57.478726],[-3.612662,57.478647],[-3.612654,57.478562],[-3.612695,57.478494],[-3.612783,57.478442],[-3.612919,57.478407],[-3.613102,57.478387],[-3.613246,57.478398],[-3.613348,57.478439],[-3.61341,57.478509],[-3.613432,57.47861],[-3.613524,57.478687],[-3.613687,57.47874],[-3.613921,57.47877],[-3.614226,57.478777],[-3.614483,57.478806],[-3.614693,57.478857],[-3.614855,57.47893],[-3.61497,57.479025],[-3.615117,57.479067],[-3.615296,57.479057],[-3.615507,57.478994],[-3.615751,57.478879],[-3.615931,57.478807],[-3.616047,57.478778],[-3.6161,57.478792],[-3.616089,57.478848],[-3.616097,57.478902],[-3.616124,57.478953],[-3.61617,57.479],[-3.616234,57.479045],[-3.616304,57.479089],[-3.61638,57.479132],[-3.616461,57.479175],[-3.616549,57.479217],[-3.616464,57.479299],[-3.616206,57.47942],[-3.615777,57.47958],[-3.615175,57.479779],[-3.614703,57.479861],[-3.61436,57.479826],[-3.614146,57.479674],[-3.614062,57.479405],[-3.613959,57.479247],[-3.613838,57.4792],[-3.613699,57.479264],[-3.613541,57.479438],[-3.613392,57.479578],[-3.613252,57.479682],[-3.613121,57.479751],[-3.612998,57.479785],[-3.61287,57.479815],[-3.612736,57.479839],[-3.612596,57.479859],[-3.612451,57.479874],[-3.612349,57.47991],[-3.612291,57.479968],[-3.612276,57.480046],[-3.612305,57.480146],[-3.612294,57.480287],[-3.612243,57.48047],[-3.612151,57.480694],[-3.61202,57.48096],[-3.61195,57.481157],[-3.611942,57.481286],[-3.611997,57.481347],[-3.612113,57.481339],[-3.612199,57.481368],[-3.612256,57.481435],[-3.612283,57.481539],[-3.61228,57.481681],[-3.612257,57.481802],[-3.612215,57.481902],[-3.612153,57.481982],[-3.612072,57.482042],[-3.612038,57.482136],[-3.61205,57.482265],[-3.612109,57.482429],[-3.612215,57.482628],[-3.612317,57.482774],[-3.612416,57.482869],[-3.612511,57.482911],[-3.612603,57.482901],[-3.612714,57.482923],[-3.612845,57.482976],[-3.612996,57.483059],[-3.613166,57.483174],[-3.613297,57.483217],[-3.61339,57.483188],[-3.613444,57.483088],[-3.613459,57.482915],[-3.613444,57.482751],[-3.613398,57.482596],[-3.613321,57.482449],[-3.613214,57.48231],[-3.613139,57.482174],[-3.613097,57.482039],[-3.613088,57.481907],[-3.613111,57.481776],[-3.61315,57.481635],[-3.613205,57.481484],[-3.613276,57.481323],[-3.613363,57.481151],[-3.613466,57.481025],[-3.613583,57.480945],[-3.613715,57.48091],[-3.613862,57.48092],[-3.614029,57.480936],[-3.614216,57.480957],[-3.614422,57.480983],[-3.614649,57.481015],[-3.614834,57.481069],[-3.614977,57.481144],[-3.615079,57.48124],[-3.615138,57.481358],[-3.615157,57.481461],[-3.615134,57.481548],[-3.615069,57.481621],[-3.614964,57.481679],[-3.614906,57.481754],[-3.614896,57.481845],[-3.614934,57.481952],[-3.61502,57.482075],[-3.61511,57.482175],[-3.615206,57.48225],[-3.615307,57.482302],[-3.615412,57.482329],[-3.615486,57.482376],[-3.615526,57.482443],[-3.615534,57.482528],[-3.61551,57.482633],[-3.615518,57.482753],[-3.615561,57.482888],[-3.615636,57.483037],[-3.615745,57.483201],[-3.615749,57.48334],[-3.615649,57.483456],[-3.615444,57.483546],[-3.615134,57.483613],[-3.61492,57.483706],[-3.614802,57.483825],[-3.614778,57.48397],[-3.61485,57.484142],[-3.614977,57.484285],[-3.615159,57.484399],[-3.615395,57.484483],[-3.615686,57.484538],[-3.615888,57.484602],[-3.616003,57.484673],[-3.616028,57.484753],[-3.615965,57.484841],[-3.615908,57.484931],[-3.615855,57.485024],[-3.615807,57.48512],[-3.615764,57.485218],[-3.61571,57.485319],[-3.615645,57.485422],[-3.615569,57.485527],[-3.615481,57.485635],[-3.615306,57.485719],[-3.615043,57.485781],[-3.614691,57.485819],[-3.614252,57.485835],[-3.613933,57.485878],[-3.613737,57.485947],[-3.613661,57.486044],[-3.613707,57.486167],[-3.613765,57.486258],[-3.613833,57.486315],[-3.613914,57.486338],[-3.614006,57.486329],[-3.614072,57.486335],[-3.614111,57.486356],[-3.614125,57.486393],[-3.614113,57.486446],[-3.614089,57.4865],[-3.614054,57.486554],[-3.614007,57.486611],[-3.613949,57.486668],[-3.613958,57.486712],[-3.614033,57.486743],[-3.614174,57.48676],[-3.614383,57.486764],[-3.614561,57.486724],[-3.614708,57.48664],[-3.614826,57.486513],[-3.614913,57.486341],[-3.614994,57.486216],[-3.615068,57.486138],[-3.615136,57.486106],[-3.615197,57.486121],[-3.615248,57.486161],[-3.615288,57.486225],[-3.615317,57.486314],[-3.615335,57.486428],[-3.61541,57.486511],[-3.615541,57.486563],[-3.615728,57.486586],[-3.615972,57.486577],[-3.616117,57.486594],[-3.616165,57.486636],[-3.616114,57.486704],[-3.615966,57.486796],[-3.615879,57.486894],[-3.615853,57.486997],[-3.61589,57.487105],[-3.615988,57.487219],[-3.61611,57.487275],[-3.616256,57.487272],[-3.616427,57.487212],[-3.616621,57.487093],[-3.616753,57.486989],[-3.616823,57.486898],[-3.61683,57.486821],[-3.616775,57.486759],[-3.616756,57.486703],[-3.616774,57.486654],[-3.616828,57.486612],[-3.616918,57.486577],[-3.616991,57.486512],[-3.617047,57.486416],[-3.617086,57.486291],[-3.617107,57.486134],[-3.617164,57.48602],[-3.617256,57.485946],[-3.617383,57.485913],[-3.617545,57.485922],[-3.617703,57.485909],[-3.617857,57.485874],[-3.618007,57.485816],[-3.618153,57.485737],[-3.618239,57.485664],[-3.618266,57.485597],[-3.618233,57.485537],[-3.618141,57.485482],[-3.618099,57.485427],[-3.618105,57.48537],[-3.618162,57.485313],[-3.618267,57.485255],[-3.618324,57.485152],[-3.618333,57.485004],[-3.618293,57.48481],[-3.618204,57.484572],[-3.618141,57.484371],[-3.618104,57.484208],[-3.618093,57.484083],[-3.618109,57.483996],[-3.618095,57.483905],[-3.618052,57.483812],[-3.61798,57.483714],[-3.617879,57.483614],[-3.617836,57.48351],[-3.617853,57.483404],[-3.617927,57.483295],[-3.61806,57.483182],[-3.618175,57.483111],[-3.618271,57.483079],[-3.618348,57.483088],[-3.618406,57.483138],[-3.618479,57.483202],[-3.618568,57.48328],[-3.618672,57.483373],[-3.618792,57.48348],[-3.618892,57.483531],[-3.618973,57.483524],[-3.619035,57.483461],[-3.619078,57.483342],[-3.619122,57.483236],[-3.619168,57.483146],[-3.619216,57.483071],[-3.619265,57.48301],[-3.619309,57.482919],[-3.619347,57.482797],[-3.61938,57.482646],[-3.619407,57.482463],[-3.619393,57.482314],[-3.619338,57.482198],[-3.619242,57.482115],[-3.619104,57.482065],[-3.61905,57.482012],[-3.619081,57.481955],[-3.619196,57.481895],[-3.619395,57.481832],[-3.619532,57.481752],[-3.619608,57.481657],[-3.619622,57.481545],[-3.619575,57.481418],[-3.619573,57.481323],[-3.619618,57.481261],[-3.619708,57.481231],[-3.619844,57.481234],[-3.619961,57.481227],[-3.620058,57.48121],[-3.620136,57.481184],[-3.620194,57.481148],[-3.620232,57.481073],[-3.620249,57.480958],[-3.620245,57.480803],[-3.62022,57.480609],[-3.620252,57.480448],[-3.620339,57.480319],[-3.620482,57.480223],[-3.620681,57.480159],[-3.620812,57.480052],[-3.620875,57.4799],[-3.620869,57.479704],[-3.620796,57.479464],[-3.620706,57.479307],[-3.620599,57.479235],[-3.620476,57.479247],[-3.620337,57.479343],[-3.620194,57.479413],[-3.620048,57.479458],[-3.619898,57.479478],[-3.619745,57.479472],[-3.619632,57.479455],[-3.619557,57.479427],[-3.619522,57.479387],[-3.619527,57.479335],[-3.619555,57.479286],[-3.619605,57.47924],[-3.619679,57.479197],[-3.619775,57.479157],[-3.619851,57.47911],[-3.619906,57.479055],[-3.61994,57.478993],[-3.619954,57.478923],[-3.619987,57.478861],[-3.620038,57.478806],[-3.620108,57.478759],[-3.620197,57.47872],[-3.620277,57.478675],[-3.620349,57.478622],[-3.620413,57.478563],[-3.620468,57.478498],[-3.620546,57.478419],[-3.620647,57.478327],[-3.620771,57.478222],[-3.620918,57.478105],[-3.621024,57.47791],[-3.62109,57.477638],[-3.621115,57.477289],[-3.6211,57.476863],[-3.621087,57.476525],[-3.621077,57.476274],[-3.62107,57.47611],[-3.621065,57.476033],[-3.621201,57.475938],[-3.621477,57.475824],[-3.621892,57.475691],[-3.622448,57.475539],[-3.622885,57.475425],[-3.623203,57.475349],[-3.623401,57.475312],[-3.623481,57.475312],[-3.62363,57.47528],[-3.623849,57.475217],[-3.624138,57.475122],[-3.624496,57.474995],[-3.624719,57.474872],[-3.624806,57.474754],[-3.624758,57.474641],[-3.624574,57.474531],[-3.624417,57.474398],[-3.624287,57.474241],[-3.624183,57.474059],[-3.624107,57.473853],[-3.624003,57.473704],[-3.623873,57.473611],[-3.623716,57.473574],[-3.623532,57.473593],[-3.623404,57.473579],[-3.623331,57.473533],[-3.623314,57.473455],[-3.623353,57.473344],[-3.623361,57.473249],[-3.623339,57.47317],[-3.623288,57.473107],[-3.623207,57.47306],[-3.623122,57.47298],[-3.623032,57.472868],[-3.622938,57.472723],[-3.62284,57.472545],[-3.622797,57.472387],[-3.62281,57.472249],[-3.622877,57.472131],[-3.622999,57.472033],[-3.623053,57.471953],[-3.623039,57.471893],[-3.622956,57.471851],[-3.622804,57.471828],[-3.622659,57.471782],[-3.622522,57.47171],[-3.622391,57.471615],[-3.622267,57.471495],[-3.622156,57.471411],[-3.622058,57.471361],[-3.621973,57.471347],[-3.621901,57.471367],[-3.621807,57.471372],[-3.621692,57.471363],[-3.621556,57.471339],[-3.621398,57.471299],[-3.62127,57.471253],[-3.62117,57.471199],[-3.6211,57.471138],[-3.621059,57.47107],[-3.620981,57.471005],[-3.620867,57.470944],[-3.620716,57.470887],[-3.62053,57.470834],[-3.620409,57.470782],[-3.620354,57.47073],[-3.620364,57.470678],[-3.620441,57.470628],[-3.620515,57.470572],[-3.620588,57.470511],[-3.620659,57.470445],[-3.620728,57.470373],[-3.620923,57.470321],[-3.621244,57.470288],[-3.621692,57.470273],[-3.622266,57.470277],[-3.622698,57.47031],[-3.622988,57.470372],[-3.623134,57.470463],[-3.623139,57.470582],[-3.623181,57.470668],[-3.623261,57.470722],[-3.623378,57.470743],[-3.623533,57.470731],[-3.623652,57.470614],[-3.623736,57.470392],[-3.623785,57.470064],[-3.623799,57.469631],[-3.623825,57.469274],[-3.623864,57.468994],[-3.623916,57.468791],[-3.62398,57.468665],[-3.623994,57.468553],[-3.623957,57.468454],[-3.62387,57.468369],[-3.623732,57.468298],[-3.62363,57.468207],[-3.623565,57.468096],[-3.623537,57.467965],[-3.623544,57.467815],[-3.623592,57.467703],[-3.62368,57.46763],[-3.623808,57.467595],[-3.623977,57.467599],[-3.624178,57.467404],[-3.624413,57.46701],[-3.624681,57.466417],[-3.624983,57.465624],[-3.625186,57.465017],[-3.625291,57.464593],[-3.625297,57.464354],[-3.625205,57.4643],[-3.625087,57.464248],[-3.624941,57.464199],[-3.624769,57.464153],[-3.62457,57.464109],[-3.624403,57.464078],[-3.624268,57.464058],[-3.624166,57.464049],[-3.624095,57.464052],[-3.624057,57.464044],[-3.62405,57.464026],[-3.624075,57.463996],[-3.624131,57.463956],[-3.624206,57.463901],[-3.624299,57.463829],[-3.624409,57.463742],[-3.624538,57.463638],[-3.624667,57.463521],[-3.624797,57.46339],[-3.624928,57.463245],[-3.625059,57.463086],[-3.625191,57.462955],[-3.625324,57.462851],[-3.625457,57.462776],[-3.62559,57.462727],[-3.625677,57.462679],[-3.625718,57.46263],[-3.625714,57.46258],[-3.625663,57.46253],[-3.625595,57.462492],[-3.625511,57.462466],[-3.625408,57.462454],[-3.625289,57.462453],[-3.625167,57.462419],[-3.625042,57.462351],[-3.624915,57.462249],[-3.624785,57.462112],[-3.624723,57.462011],[-3.62473,57.461944],[-3.624805,57.461912],[-3.624949,57.461914],[-3.625089,57.461927],[-3.625225,57.461951],[-3.625358,57.461987],[-3.625486,57.462033],[-3.625603,57.462084],[-3.625707,57.462139],[-3.625799,57.462199],[-3.625878,57.462264],[-3.625951,57.46233],[-3.626016,57.462398],[-3.626073,57.462468],[-3.626124,57.462539],[-3.626148,57.462614],[-3.626145,57.462691],[-3.626115,57.462771],[-3.626058,57.462854],[-3.626039,57.462935],[-3.626056,57.463014],[-3.626111,57.463092],[-3.626203,57.463168],[-3.6263,57.463209],[-3.626402,57.463216],[-3.626508,57.463187],[-3.62662,57.463125],[-3.626761,57.463054],[-3.626931,57.462977],[-3.62713,57.462892],[-3.627358,57.4628],[-3.627503,57.462721],[-3.627566,57.462654],[-3.627546,57.462601],[-3.627443,57.46256],[-3.627347,57.462515],[-3.627257,57.462464],[-3.627172,57.462409],[-3.627094,57.462349],[-3.627049,57.462286],[-3.627037,57.462221],[-3.627058,57.462154],[-3.627111,57.462084],[-3.627183,57.46201],[-3.627273,57.461932],[-3.627382,57.461851],[-3.627509,57.461765],[-3.627623,57.461677],[-3.627725,57.461587],[-3.627814,57.461496],[-3.627891,57.461402],[-3.627962,57.461305],[-3.628028,57.461204],[-3.628088,57.4611],[-3.628143,57.460991],[-3.628249,57.460871],[-3.628407,57.460739],[-3.628616,57.460596],[-3.628876,57.460441],[-3.629067,57.46029],[-3.629188,57.460145],[-3.629239,57.460005],[-3.62922,57.45987],[-3.629238,57.459756],[-3.62929,57.459663],[-3.629379,57.459591],[-3.629503,57.45954],[-3.629601,57.459525],[-3.629672,57.459548],[-3.629718,57.459607],[-3.629738,57.459703],[-3.629787,57.459747],[-3.629863,57.459739],[-3.629968,57.459679],[-3.630101,57.459567],[-3.630193,57.459462],[-3.630244,57.459365],[-3.630255,57.459275],[-3.630224,57.459193],[-3.630252,57.459092],[-3.630338,57.458972],[-3.630483,57.458833],[-3.630687,57.458675],[-3.630837,57.458534],[-3.630934,57.458411],[-3.630978,57.458305],[-3.630969,57.458216],[-3.630991,57.45813],[-3.631044,57.458048],[-3.631127,57.457969],[-3.631242,57.457893],[-3.631323,57.457806],[-3.631371,57.457709],[-3.631384,57.457602],[-3.631364,57.457484],[-3.631309,57.457373],[-3.631218,57.457267],[-3.631091,57.457167],[-3.630929,57.457072],[-3.6308,57.456972],[-3.630704,57.456864],[-3.630642,57.45675],[-3.630613,57.456629],[-3.630589,57.456517],[-3.630571,57.456414],[-3.630558,57.45632],[-3.63055,57.456236],[-3.630555,57.456158],[-3.630572,57.456088],[-3.630603,57.456025],[-3.630645,57.455969],[-3.630745,57.455859],[-3.630902,57.455693],[-3.631116,57.455472],[-3.631387,57.455195],[-3.63154,57.454979],[-3.631577,57.454821],[-3.631497,57.454722],[-3.631299,57.454683],[-3.631111,57.454615],[-3.630932,57.454518],[-3.630762,57.454393],[-3.630601,57.454239],[-3.630478,57.45409],[-3.630393,57.453947],[-3.630346,57.45381],[-3.630337,57.453678],[-3.630392,57.453576],[-3.630511,57.453501],[-3.630695,57.453455],[-3.630943,57.453438],[-3.631185,57.453458],[-3.63142,57.453514],[-3.63165,57.453608],[-3.631873,57.453739],[-3.632061,57.453821],[-3.632212,57.453854],[-3.632328,57.453839],[-3.632408,57.453775],[-3.632434,57.453691],[-3.632407,57.453587],[-3.632327,57.453463],[-3.632194,57.453318],[-3.632043,57.453179],[-3.631874,57.453045],[-3.631686,57.452916],[-3.631481,57.452792],[-3.631382,57.45269],[-3.631388,57.452611],[-3.6315,57.452553],[-3.631717,57.452517],[-3.631885,57.452473],[-3.632005,57.45242],[-3.632075,57.452358],[-3.632096,57.452288],[-3.632184,57.452209],[-3.632339,57.452123],[-3.63256,57.452028],[-3.632848,57.451925],[-3.633054,57.451807],[-3.633178,57.451672],[-3.633222,57.451521],[-3.633183,57.451354],[-3.633174,57.451227],[-3.633193,57.451139],[-3.63324,57.451091],[-3.633317,57.451084],[-3.633374,57.451038],[-3.63341,57.450955],[-3.633427,57.450835],[-3.633424,57.450677],[-3.633376,57.450485],[-3.633285,57.45026],[-3.633148,57.45],[-3.632968,57.449707],[-3.632819,57.449463],[-3.632703,57.449268],[-3.632618,57.449122],[-3.632566,57.449025],[-3.632492,57.448942],[-3.632395,57.448873],[-3.632275,57.448818],[-3.632133,57.448777],[-3.632004,57.448764],[-3.63189,57.448778],[-3.631791,57.448819],[-3.631705,57.448888],[-3.631597,57.448928],[-3.631466,57.448939],[-3.631312,57.448922],[-3.631136,57.448877],[-3.631009,57.448821],[-3.630929,57.448757],[-3.630898,57.448683],[-3.630915,57.448601],[-3.631061,57.448475],[-3.631336,57.448308],[-3.631741,57.448098],[-3.632274,57.447845],[-3.63269,57.447628],[-3.632988,57.447445],[-3.633167,57.447297],[-3.633228,57.447184],[-3.633249,57.447063],[-3.633229,57.446935],[-3.633168,57.446799],[-3.633067,57.446656],[-3.633127,57.446481],[-3.633348,57.446274],[-3.63373,57.446035],[-3.634273,57.445765],[-3.63468,57.445604],[-3.634951,57.445552],[-3.635086,57.44561],[-3.635084,57.445777],[-3.635116,57.445909],[-3.63518,57.446007],[-3.635277,57.446071],[-3.635407,57.4461],[-3.635503,57.44615],[-3.635565,57.44622],[-3.635593,57.446311],[-3.635587,57.446423],[-3.635566,57.446531],[-3.635529,57.446635],[-3.635477,57.446736],[-3.63541,57.446833],[-3.635346,57.446918],[-3.635287,57.446993],[-3.635231,57.447057],[-3.635179,57.447109],[-3.635078,57.447202],[-3.634929,57.447335],[-3.634732,57.447508],[-3.634485,57.447722],[-3.634249,57.447946],[-3.634023,57.448182],[-3.633806,57.448427],[-3.6336,57.448684],[-3.633479,57.448889],[-3.633445,57.449042],[-3.633497,57.449144],[-3.633634,57.449193],[-3.633739,57.449265],[-3.633809,57.449358],[-3.633846,57.449473],[-3.633849,57.449609],[-3.633862,57.449718],[-3.633884,57.449799],[-3.633916,57.449852],[-3.633957,57.449878],[-3.63406,57.449782],[-3.634225,57.449563],[-3.634452,57.449223],[-3.634741,57.448762],[-3.634983,57.448371],[-3.635178,57.448052],[-3.635326,57.447803],[-3.635427,57.447626],[-3.635516,57.447476],[-3.635593,57.447352],[-3.635659,57.447256],[-3.635712,57.447186],[-3.635811,57.447104],[-3.635955,57.44701],[-3.636144,57.446904],[-3.636378,57.446785],[-3.636644,57.446663],[-3.636943,57.446538],[-3.637275,57.44641],[-3.637639,57.446278],[-3.637904,57.446157],[-3.63807,57.446048],[-3.638137,57.44595],[-3.638104,57.445864],[-3.638119,57.445785],[-3.63818,57.445715],[-3.638288,57.445652],[-3.638442,57.445598],[-3.638598,57.445542],[-3.638756,57.445485],[-3.638915,57.445427],[-3.639076,57.445367],[-3.639236,57.445292],[-3.639397,57.4452],[-3.639558,57.445092],[-3.639718,57.444969],[-3.639927,57.444848],[-3.640185,57.444729],[-3.640491,57.444613],[-3.640846,57.444499],[-3.641138,57.444397],[-3.641367,57.444307],[-3.641532,57.444228],[-3.641635,57.444162],[-3.641768,57.44413],[-3.641931,57.444132],[-3.642126,57.444169],[-3.642351,57.444239],[-3.642544,57.4443],[-3.642706,57.444352],[-3.642837,57.444394],[-3.642937,57.444426],[-3.643063,57.444492],[-3.643215,57.444591],[-3.643394,57.444725],[-3.643599,57.444891],[-3.643766,57.444999],[-3.643895,57.445047],[-3.643987,57.445037],[-3.64404,57.444967],[-3.644066,57.444892],[-3.644063,57.444811],[-3.644033,57.444724],[-3.643975,57.444632],[-3.643902,57.444548],[-3.643814,57.444471],[-3.643711,57.444403],[-3.643593,57.444343],[-3.6435,57.444284],[-3.643431,57.444227],[-3.643386,57.444172],[-3.643366,57.444118],[-3.643443,57.444126],[-3.643616,57.444196],[-3.643885,57.444327],[-3.644251,57.44452],[-3.644543,57.444648],[-3.644762,57.444713],[-3.644907,57.444714],[-3.644979,57.444651],[-3.645026,57.444574],[-3.645047,57.444482],[-3.645043,57.444375],[-3.645014,57.444254],[-3.644969,57.44415],[-3.644909,57.444062],[-3.644833,57.443991],[-3.644741,57.443936],[-3.644689,57.443877],[-3.644677,57.443812],[-3.644704,57.443742],[-3.644771,57.443666],[-3.644871,57.443586],[-3.645002,57.443502],[-3.645166,57.443413],[-3.645362,57.44332],[-3.645571,57.443279],[-3.645793,57.44329],[-3.646029,57.443353],[-3.646279,57.443468],[-3.646445,57.443585],[-3.646529,57.443702],[-3.646529,57.44382],[-3.646447,57.44394],[-3.646352,57.444022],[-3.646245,57.444065],[-3.646126,57.44407],[-3.645994,57.444037],[-3.645897,57.444027],[-3.645835,57.444042],[-3.645808,57.444082],[-3.645816,57.444145],[-3.645869,57.444217],[-3.645967,57.444299],[-3.64611,57.44439],[-3.646298,57.44449],[-3.646481,57.44457],[-3.646658,57.444631],[-3.646831,57.444672],[-3.646997,57.444693],[-3.647079,57.444736],[-3.647075,57.4448],[-3.646986,57.444886],[-3.646812,57.444994],[-3.646631,57.445086],[-3.646445,57.445161],[-3.646252,57.445219],[-3.646053,57.445261],[-3.645926,57.445309],[-3.64587,57.445362],[-3.645886,57.44542],[-3.645973,57.445483],[-3.646002,57.44553],[-3.645973,57.445558],[-3.645886,57.44557],[-3.64574,57.445563],[-3.645617,57.445546],[-3.645515,57.445518],[-3.645435,57.44548],[-3.645377,57.44543],[-3.645273,57.445412],[-3.645123,57.445426],[-3.644927,57.445471],[-3.644685,57.445547],[-3.644526,57.445625],[-3.644448,57.445703],[-3.644452,57.445783],[-3.644537,57.445864],[-3.644562,57.445935],[-3.644525,57.445997],[-3.644427,57.446049],[-3.644268,57.446091],[-3.644108,57.446099],[-3.643948,57.446073],[-3.643786,57.446013],[-3.643624,57.445919],[-3.643463,57.445849],[-3.643303,57.445804],[-3.643144,57.445783],[-3.642987,57.445786],[-3.642862,57.445782],[-3.64277,57.445771],[-3.642711,57.445751],[-3.642685,57.445724],[-3.642534,57.445714],[-3.642259,57.445721],[-3.641859,57.445746],[-3.641334,57.445788],[-3.641019,57.445828],[-3.640915,57.445867],[-3.64102,57.445904],[-3.641335,57.445939],[-3.641505,57.445989],[-3.641528,57.446053],[-3.641406,57.446131],[-3.641139,57.446223],[-3.640924,57.446335],[-3.640763,57.446467],[-3.640655,57.446619],[-3.6406,57.446792],[-3.640495,57.446928],[-3.640342,57.447027],[-3.640139,57.44709],[-3.639886,57.447116],[-3.639689,57.447152],[-3.639546,57.447197],[-3.639459,57.447251],[-3.639427,57.447314],[-3.639369,57.447381],[-3.639284,57.447452],[-3.639173,57.447526],[-3.639035,57.447605],[-3.63893,57.447627],[-3.638858,57.447594],[-3.638819,57.447505],[-3.638813,57.447361],[-3.638815,57.447218],[-3.638827,57.447078],[-3.638847,57.44694],[-3.638876,57.446805],[-3.63887,57.446691],[-3.638827,57.446599],[-3.63875,57.446529],[-3.638636,57.446481],[-3.638518,57.446479],[-3.638395,57.446522],[-3.638267,57.44661],[-3.638134,57.446743],[-3.637991,57.446861],[-3.637838,57.446962],[-3.637675,57.447048],[-3.637502,57.447117],[-3.637361,57.447181],[-3.637252,57.447239],[-3.637174,57.447292],[-3.637128,57.44734],[-3.637139,57.447402],[-3.637208,57.447478],[-3.637333,57.447568],[-3.637515,57.447673],[-3.637689,57.447756],[-3.637854,57.447815],[-3.638011,57.447852],[-3.638159,57.447867],[-3.638276,57.447887],[-3.638361,57.447912],[-3.638414,57.447943],[-3.638435,57.447979],[-3.638419,57.448031],[-3.638365,57.448099],[-3.638272,57.448182],[-3.638142,57.448281],[-3.638005,57.448381],[-3.637859,57.448482],[-3.637707,57.448583],[-3.637546,57.448685],[-3.637466,57.448824],[-3.637468,57.448999],[-3.637551,57.44921],[-3.637715,57.449458],[-3.637863,57.449653],[-3.637995,57.449796],[-3.638112,57.449885],[-3.638213,57.449921],[-3.638279,57.44996],[-3.638311,57.450002],[-3.638307,57.450046],[-3.638269,57.450093],[-3.638293,57.450175],[-3.638381,57.450292],[-3.638531,57.450444],[-3.638744,57.450631],[-3.63894,57.45079],[-3.63912,57.450921],[-3.639283,57.451024],[-3.63943,57.451098],[-3.639475,57.451145],[-3.639419,57.451164],[-3.63926,57.451154],[-3.639,57.451117],[-3.638709,57.451067],[-3.638387,57.451002],[-3.638034,57.450923],[-3.63765,57.450831],[-3.637363,57.450783],[-3.637175,57.450779],[-3.637085,57.450819],[-3.637093,57.450904],[-3.637075,57.450978],[-3.637031,57.451043],[-3.636962,57.451097],[-3.636867,57.451141],[-3.636697,57.451197],[-3.636452,57.451265],[-3.636133,57.451346],[-3.635738,57.451438],[-3.635472,57.451526],[-3.635336,57.451608],[-3.635329,57.451686],[-3.635452,57.451759],[-3.635527,57.451828],[-3.635556,57.451893],[-3.635537,57.451955],[-3.635471,57.452013],[-3.635465,57.452061],[-3.635519,57.452098],[-3.635632,57.452125],[-3.635805,57.452141],[-3.635914,57.452172],[-3.635959,57.452219],[-3.63594,57.45228],[-3.635858,57.452357],[-3.635801,57.452425],[-3.635772,57.452484],[-3.635768,57.452533],[-3.635791,57.452574],[-3.635839,57.452589],[-3.635911,57.45258],[-3.636007,57.452545],[-3.636128,57.452485],[-3.636215,57.45247],[-3.63627,57.452498],[-3.636291,57.452571],[-3.636279,57.452688],[-3.636241,57.452816],[-3.636179,57.452958],[-3.636091,57.453111],[-3.635977,57.453277],[-3.635928,57.453406],[-3.635943,57.453498],[-3.636021,57.453554],[-3.636164,57.453574],[-3.636251,57.4536],[-3.636283,57.453633],[-3.63626,57.453673],[-3.636182,57.453719],[-3.636142,57.453778],[-3.636141,57.453848],[-3.636178,57.453931],[-3.636253,57.454026],[-3.636383,57.454103],[-3.636568,57.454163],[-3.636808,57.454205],[-3.637103,57.45423],[-3.637365,57.454255],[-3.637593,57.454281],[-3.637788,57.454306],[-3.637948,57.454332],[-3.63807,57.454375],[-3.638151,57.454435],[-3.638194,57.454512],[-3.638197,57.454605],[-3.638227,57.454681],[-3.638285,57.45474],[-3.638369,57.45478],[-3.638481,57.454802],[-3.638592,57.454835],[-3.638703,57.454876],[-3.638814,57.454928],[-3.638924,57.454989],[-3.638983,57.45505],[-3.63899,57.455112],[-3.638945,57.455173],[-3.638849,57.455234],[-3.638811,57.455278],[-3.638833,57.455303],[-3.638913,57.455311],[-3.639052,57.455301],[-3.639201,57.455288],[-3.639358,57.455274],[-3.639525,57.455258],[-3.639701,57.455239],[-3.63984,57.455244],[-3.639942,57.455272],[-3.640006,57.455323],[-3.640034,57.455397],[-3.640099,57.455459],[-3.6402,57.455508],[-3.640339,57.455545],[-3.640515,57.455569],[-3.64065,57.455564],[-3.640745,57.455528],[-3.640798,57.455463],[-3.64081,57.455368],[-3.640844,57.455309],[-3.6409,57.455289],[-3.640977,57.455305],[-3.641077,57.455359],[-3.641126,57.455427],[-3.641126,57.455511],[-3.641075,57.455609],[-3.640974,57.455722],[-3.640872,57.455812],[-3.64077,57.455878],[-3.640666,57.455921],[-3.640562,57.45594],[-3.640472,57.455943],[-3.640395,57.45593],[-3.640333,57.4559],[-3.640284,57.455854],[-3.640209,57.455823],[-3.640108,57.455808],[-3.639981,57.455809],[-3.639828,57.455825],[-3.639642,57.455834],[-3.639425,57.455838],[-3.639176,57.455835],[-3.638894,57.455826],[-3.638663,57.455839],[-3.638481,57.455875],[-3.63835,57.455934],[-3.638269,57.456015],[-3.638198,57.456053],[-3.638137,57.456049],[-3.638085,57.456002],[-3.638044,57.455912],[-3.637948,57.455851],[-3.637796,57.455817],[-3.637589,57.455812],[-3.637328,57.455835],[-3.637128,57.455876],[-3.636992,57.455935],[-3.636917,57.456013],[-3.636905,57.456108],[-3.636911,57.456179],[-3.636937,57.456225],[-3.636981,57.456247],[-3.637043,57.456245],[-3.63707,57.456263],[-3.63706,57.4563],[-3.637014,57.456357],[-3.636931,57.456434],[-3.636904,57.456512],[-3.636933,57.45659],[-3.637018,57.456669],[-3.637159,57.456748],[-3.637257,57.45683],[-3.637312,57.456914],[-3.637325,57.457],[-3.637294,57.457089],[-3.637259,57.457171],[-3.637219,57.457245],[-3.637175,57.457313],[-3.637126,57.457374],[-3.637099,57.457424],[-3.637094,57.457466],[-3.637112,57.457497],[-3.637152,57.457518],[-3.637205,57.457532],[-3.637271,57.457538],[-3.637349,57.457536],[-3.637441,57.457527],[-3.637542,57.457563],[-3.637652,57.457646],[-3.637772,57.457774],[-3.637901,57.457949],[-3.63796,57.458077],[-3.637951,57.458159],[-3.637873,57.458195],[-3.637726,57.458185],[-3.637609,57.458168],[-3.637521,57.458146],[-3.637462,57.458116],[-3.637433,57.458081],[-3.637352,57.458066],[-3.637219,57.458071],[-3.637034,57.458097],[-3.636796,57.458143],[-3.636612,57.458156],[-3.636481,57.458135],[-3.636404,57.458081],[-3.636379,57.457994],[-3.636321,57.457912],[-3.636228,57.457834],[-3.636101,57.45776],[-3.635941,57.457692],[-3.635778,57.457639],[-3.635613,57.457603],[-3.635447,57.457583],[-3.635279,57.457579],[-3.635113,57.457614],[-3.63495,57.457689],[-3.63479,57.457803],[-3.634632,57.457956],[-3.634507,57.458105],[-3.634413,57.458249],[-3.634352,57.458389],[-3.634323,57.458525],[-3.634245,57.458692],[-3.634116,57.458891],[-3.633938,57.459123],[-3.63371,57.459386],[-3.633514,57.459575],[-3.63335,57.45969],[-3.633219,57.459732],[-3.633119,57.459699],[-3.633047,57.459703],[-3.633002,57.459742],[-3.632984,57.459816],[-3.632993,57.459926],[-3.632997,57.460012],[-3.632997,57.460074],[-3.632991,57.460112],[-3.63298,57.460126],[-3.632926,57.460151],[-3.632828,57.460187],[-3.632686,57.460234],[-3.632501,57.460292],[-3.63235,57.460372],[-3.632233,57.460473],[-3.63215,57.460598],[-3.632101,57.460744],[-3.632084,57.46088],[-3.6321,57.461007],[-3.632147,57.461124],[-3.632227,57.461231],[-3.632287,57.46135],[-3.632329,57.461483],[-3.632351,57.461628],[-3.632354,57.461786],[-3.632343,57.461921],[-3.632317,57.462032],[-3.632276,57.462121],[-3.632221,57.462187],[-3.632191,57.462272],[-3.632187,57.462377],[-3.632207,57.462502],[-3.632253,57.462647],[-3.632301,57.46286],[-3.63235,57.463141],[-3.632401,57.463491],[-3.632453,57.463908],[-3.632642,57.464196],[-3.632967,57.464355],[-3.633429,57.464384],[-3.634028,57.464283],[-3.634512,57.464213],[-3.634884,57.464174],[-3.635141,57.464167],[-3.635285,57.46419],[-3.635424,57.464174],[-3.635558,57.464117],[-3.635687,57.46402],[-3.635811,57.463883],[-3.635926,57.46375],[-3.636032,57.463619],[-3.63613,57.463491],[-3.636218,57.463367],[-3.636289,57.463306],[-3.636342,57.463309],[-3.636377,57.463376],[-3.636394,57.463506],[-3.636373,57.463639],[-3.636316,57.463773],[-3.636222,57.463909],[-3.63609,57.464047],[-3.636034,57.464153],[-3.636054,57.464228],[-3.63615,57.464271],[-3.636321,57.464283],[-3.636434,57.464325],[-3.636489,57.464396],[-3.636484,57.464497],[-3.636422,57.464628],[-3.636254,57.464791],[-3.635982,57.464989],[-3.635605,57.465219],[-3.635123,57.465483],[-3.634741,57.465712],[-3.634459,57.465906],[-3.634278,57.466065],[-3.634197,57.466189],[-3.634059,57.466315],[-3.633865,57.466444],[-3.633614,57.466576],[-3.633306,57.466711],[-3.633051,57.4668],[-3.632848,57.466842],[-3.632698,57.466838],[-3.6326,57.466789],[-3.632471,57.466764],[-3.632312,57.466763],[-3.632122,57.466787],[-3.631902,57.466836],[-3.631682,57.466909],[-3.631464,57.467006],[-3.631247,57.467128],[-3.631032,57.467275],[-3.630861,57.467415],[-3.630737,57.46755],[-3.630657,57.467679],[-3.630624,57.467802],[-3.630647,57.467891],[-3.630726,57.467945],[-3.630863,57.467963],[-3.631056,57.467948],[-3.631225,57.467948],[-3.63137,57.467965],[-3.631492,57.467998],[-3.63159,57.468048],[-3.631695,57.46808],[-3.631808,57.468094],[-3.631927,57.46809],[-3.632054,57.468068],[-3.632217,57.468126],[-3.632415,57.468263],[-3.632649,57.468481],[-3.632919,57.468777],[-3.633178,57.468998],[-3.633427,57.469143],[-3.633666,57.469212],[-3.633894,57.469206],[-3.634129,57.469219],[-3.634372,57.469251],[-3.634622,57.469303],[-3.634879,57.469375],[-3.635086,57.46945],[-3.635243,57.46953],[-3.63535,57.469614],[-3.635406,57.469702],[-3.635497,57.469769],[-3.635621,57.469813],[-3.635779,57.469836],[-3.63597,57.469838],[-3.636092,57.469882],[-3.636144,57.469968],[-3.636126,57.470097],[-3.636039,57.470269],[-3.635934,57.470397],[-3.635811,57.470483],[-3.635669,57.470525],[-3.63551,57.470525],[-3.635389,57.470542],[-3.635307,57.470576],[-3.635262,57.470628],[-3.635256,57.470697],[-3.63523,57.470759],[-3.635183,57.470815],[-3.635116,57.470865],[-3.635029,57.470908],[-3.634928,57.470967],[-3.634812,57.471041],[-3.634682,57.47113],[-3.634538,57.471235],[-3.634372,57.471311],[-3.634183,57.471359],[-3.633971,57.471378],[-3.633737,57.471368],[-3.633547,57.471376],[-3.633402,57.471402],[-3.633301,57.471445],[-3.633244,57.471507],[-3.633187,57.471583],[-3.63313,57.471675],[-3.633072,57.471781],[-3.633014,57.471903],[-3.63302,57.471998],[-3.633089,57.472068],[-3.633223,57.472112],[-3.63342,57.472129],[-3.633604,57.472142],[-3.633774,57.47215],[-3.63393,57.472153],[-3.634073,57.472151],[-3.634176,57.472177],[-3.634239,57.47223],[-3.634263,57.472311],[-3.634248,57.472419],[-3.634214,57.47252],[-3.634161,57.472613],[-3.63409,57.472699],[-3.633999,57.472777],[-3.633951,57.472843],[-3.633943,57.472897],[-3.633977,57.472939],[-3.634052,57.47297],[-3.634135,57.472979],[-3.634226,57.472968],[-3.634325,57.472935],[-3.634432,57.472881],[-3.634547,57.472842],[-3.634669,57.472819],[-3.634799,57.472811],[-3.634937,57.472818],[-3.635018,57.472836],[-3.635041,57.472866],[-3.635006,57.472907],[-3.634914,57.472959],[-3.634822,57.473015],[-3.634728,57.473074],[-3.634634,57.473136],[-3.634539,57.473201],[-3.634475,57.473273],[-3.63444,57.473351],[-3.634436,57.473436],[-3.634462,57.473528],[-3.634505,57.473595],[-3.634565,57.473638],[-3.634641,57.473656],[-3.634735,57.473651],[-3.63474,57.47367],[-3.634656,57.473713],[-3.634485,57.47378],[-3.634224,57.473871],[-3.633927,57.473984],[-3.633591,57.474119],[-3.633219,57.474277],[-3.632808,57.474456],[-3.632342,57.474613],[-3.631819,57.474746],[-3.63124,57.474857],[-3.630604,57.474944],[-3.630121,57.474997],[-3.62979,57.475014],[-3.62961,57.474997],[-3.629582,57.474944],[-3.629516,57.474905],[-3.629411,57.47488],[-3.629268,57.474868],[-3.629086,57.47487],[-3.628924,57.474837],[-3.628784,57.474771],[-3.628665,57.47467],[-3.628567,57.474535],[-3.628469,57.474427],[-3.628372,57.474348],[-3.628275,57.474296],[-3.628179,57.474272],[-3.628051,57.474221],[-3.627891,57.474143],[-3.627699,57.47404],[-3.627475,57.473909],[-3.627289,57.473832],[-3.627142,57.473809],[-3.627032,57.47384],[-3.62696,57.473924],[-3.626856,57.474018],[-3.62672,57.474122],[-3.626551,57.474236],[-3.626351,57.474359],[-3.626212,57.4745],[-3.626136,57.474657],[-3.626121,57.474832],[-3.626169,57.475024],[-3.62615,57.475171],[-3.626065,57.475274],[-3.625914,57.475332],[-3.625696,57.475346],[-3.625571,57.475431],[-3.625537,57.475586],[-3.625595,57.475812],[-3.625746,57.476108],[-3.62591,57.476428],[-3.62609,57.47677],[-3.626283,57.477136],[-3.626492,57.477525],[-3.626691,57.477815],[-3.626882,57.478007],[-3.627064,57.4781],[-3.627237,57.478095],[-3.627385,57.478075],[-3.627507,57.478041],[-3.627604,57.477992],[-3.627676,57.477929],[-3.627756,57.477896],[-3.627842,57.477894],[-3.627936,57.477921],[-3.628037,57.477979],[-3.628141,57.478012],[-3.628247,57.47802],[-3.628356,57.478004],[-3.628468,57.477962],[-3.628556,57.477917],[-3.628622,57.477867],[-3.628663,57.477814],[-3.628682,57.477756],[-3.628729,57.477724],[-3.628807,57.477719],[-3.628914,57.477738],[-3.62905,57.477784],[-3.629192,57.477819],[-3.629341,57.477845],[-3.629495,57.477859],[-3.629656,57.477864],[-3.62978,57.477892],[-3.629866,57.477943],[-3.629916,57.478017],[-3.629928,57.478114],[-3.629909,57.478191],[-3.62986,57.47825],[-3.629779,57.478289],[-3.629667,57.47831],[-3.629517,57.478313],[-3.62933,57.478301],[-3.629104,57.478272],[-3.628841,57.478227],[-3.628628,57.478215],[-3.628465,57.478236],[-3.628352,57.478291],[-3.628289,57.478378],[-3.628224,57.47847],[-3.628155,57.478564],[-3.628085,57.478662],[-3.628011,57.478764],[-3.627976,57.478909],[-3.627978,57.479097],[-3.628018,57.479328],[-3.628097,57.479602],[-3.628107,57.479794],[-3.628048,57.479905],[-3.627922,57.479934],[-3.627728,57.479881],[-3.627589,57.47997],[-3.627508,57.480198],[-3.627482,57.480567],[-3.627513,57.481077],[-3.627526,57.481486],[-3.627522,57.481794],[-3.627499,57.482002],[-3.62746,57.482108],[-3.627447,57.482229],[-3.627462,57.482365],[-3.627503,57.482514],[-3.627572,57.482678],[-3.627653,57.482772],[-3.627746,57.482797],[-3.62785,57.482752],[-3.627967,57.482637],[-3.628049,57.482526],[-3.628096,57.482418],[-3.628109,57.482314],[-3.628088,57.482214],[-3.628098,57.482119],[-3.62814,57.482029],[-3.628214,57.481944],[-3.628319,57.481865],[-3.628419,57.481865],[-3.628512,57.481945],[-3.6286,57.482105],[-3.628681,57.482345],[-3.628799,57.482523],[-3.628955,57.482642],[-3.629148,57.4827],[-3.629377,57.482697],[-3.629564,57.482681],[-3.629708,57.482651],[-3.629809,57.482608],[-3.629867,57.48255],[-3.63,57.482473],[-3.630206,57.482377],[-3.630487,57.482261],[-3.630843,57.482126],[-3.631148,57.482048],[-3.631403,57.482028],[-3.631608,57.482066],[-3.631762,57.482161],[-3.631702,57.482293],[-3.631427,57.482463],[-3.630938,57.48267],[-3.630233,57.482914],[-3.629676,57.483079],[-3.629267,57.483164],[-3.629005,57.48317],[-3.62889,57.483096],[-3.628778,57.48307],[-3.62867,57.483089],[-3.628566,57.483156],[-3.628465,57.483269],[-3.628397,57.483374],[-3.628361,57.483472],[-3.628359,57.483562],[-3.62839,57.483644],[-3.62835,57.483719],[-3.62824,57.483786],[-3.628059,57.483845],[-3.627808,57.483897],[-3.627643,57.483962],[-3.627565,57.484041],[-3.627574,57.484133],[-3.627669,57.484239],[-3.627711,57.48432],[-3.6277,57.484376],[-3.627637,57.484409],[-3.62752,57.484417],[-3.627443,57.484456],[-3.627406,57.484526],[-3.627408,57.484627],[-3.627449,57.484759],[-3.627516,57.484865],[-3.627609,57.484943],[-3.627727,57.484993],[-3.627871,57.485017],[-3.627946,57.485053],[-3.627952,57.485101],[-3.62789,57.485162],[-3.627758,57.485236],[-3.627665,57.485307],[-3.62761,57.485374],[-3.627595,57.485439],[-3.627618,57.485501],[-3.627636,57.48557],[-3.627649,57.485648],[-3.627657,57.485734],[-3.62766,57.485827],[-3.627657,57.485915],[-3.627648,57.485997],[-3.627633,57.486074],[-3.627611,57.486144],[-3.627613,57.486245],[-3.627637,57.486375],[-3.627685,57.486534],[-3.627755,57.486724],[-3.627828,57.48685],[-3.627903,57.486912],[-3.627981,57.486912],[-3.62806,57.486848],[-3.628103,57.486776],[-3.628109,57.486696],[-3.628078,57.486609],[-3.628011,57.486513],[-3.62798,57.486424],[-3.627984,57.48634],[-3.628025,57.486262],[-3.628101,57.48619],[-3.628176,57.486108],[-3.62825,57.486017],[-3.628322,57.485917],[-3.628392,57.485807],[-3.628468,57.485726],[-3.628548,57.485675],[-3.628633,57.485653],[-3.628724,57.485661],[-3.628788,57.485696],[-3.628828,57.485758],[-3.628841,57.485848],[-3.628829,57.485964],[-3.628905,57.48604],[-3.629068,57.486074],[-3.62932,57.486067],[-3.62966,57.486019],[-3.629937,57.485967],[-3.630151,57.48591],[-3.630301,57.48585],[-3.630389,57.485785],[-3.630396,57.485704],[-3.630324,57.485607],[-3.630173,57.485493],[-3.629941,57.485363],[-3.6298,57.485236],[-3.62975,57.485111],[-3.629789,57.484988],[-3.62992,57.484868],[-3.630067,57.484782],[-3.63023,57.484731],[-3.630411,57.484714],[-3.630609,57.484732],[-3.630784,57.484776],[-3.630937,57.484845],[-3.631068,57.484941],[-3.631177,57.485062],[-3.631233,57.485179],[-3.631235,57.485292],[-3.631184,57.485401],[-3.63108,57.485506],[-3.631013,57.485604],[-3.630984,57.485697],[-3.630993,57.485784],[-3.631039,57.485865],[-3.631106,57.485923],[-3.631195,57.485958],[-3.631305,57.485972],[-3.631437,57.485962],[-3.631528,57.485972],[-3.631579,57.486001],[-3.631589,57.486049],[-3.631558,57.486116],[-3.631438,57.48619],[-3.631229,57.486269],[-3.630931,57.486355],[-3.630544,57.486446],[-3.630263,57.486519],[-3.630088,57.486574],[-3.63002,57.48661],[-3.630058,57.486627],[-3.630147,57.486636],[-3.630286,57.486636],[-3.630476,57.486628],[-3.630717,57.486612],[-3.630881,57.486609],[-3.630968,57.486619],[-3.630979,57.486642],[-3.630913,57.486679],[-3.630783,57.486719],[-3.630588,57.486763],[-3.630329,57.48681],[-3.630006,57.486861],[-3.629737,57.486938],[-3.629521,57.487042],[-3.629358,57.487172],[-3.62925,57.487329],[-3.629197,57.487455],[-3.629201,57.487551],[-3.629261,57.487616],[-3.629378,57.487651],[-3.629516,57.487638],[-3.629676,57.487576],[-3.629858,57.487466],[-3.630062,57.487309],[-3.630282,57.487173],[-3.630518,57.487061],[-3.630771,57.486972],[-3.631041,57.486905],[-3.631265,57.48684],[-3.631444,57.486777],[-3.631578,57.486715],[-3.631667,57.486654],[-3.631764,57.486603],[-3.631868,57.486563],[-3.63198,57.486532],[-3.632099,57.486511],[-3.632197,57.486479],[-3.632272,57.486437],[-3.632326,57.486385],[-3.632359,57.486321],[-3.632361,57.486265],[-3.632334,57.486214],[-3.632278,57.48617],[-3.632192,57.486131],[-3.632141,57.486089],[-3.632123,57.486041],[-3.632139,57.485989],[-3.63219,57.485933],[-3.632255,57.485846],[-3.632335,57.485729],[-3.632429,57.485581],[-3.632537,57.485403],[-3.632644,57.485262],[-3.632748,57.485157],[-3.63285,57.485088],[-3.632949,57.485057],[-3.633018,57.485007],[-3.633056,57.484939],[-3.633064,57.484852],[-3.633041,57.484748],[-3.633083,57.484626],[-3.63319,57.484487],[-3.633362,57.48433],[-3.6336,57.484156],[-3.633813,57.484029],[-3.634002,57.483949],[-3.634167,57.483917],[-3.634308,57.483932],[-3.634458,57.483946],[-3.634618,57.48396],[-3.634788,57.483972],[-3.634967,57.483983],[-3.635085,57.484017],[-3.635142,57.484073],[-3.635137,57.484151],[-3.635071,57.484252],[-3.634982,57.484365],[-3.63487,57.48449],[-3.634734,57.484627],[-3.634575,57.484776],[-3.63441,57.48489],[-3.63424,57.484967],[-3.634065,57.485009],[-3.633884,57.485015],[-3.633761,57.485053],[-3.633696,57.485124],[-3.633689,57.485228],[-3.63374,57.485363],[-3.633763,57.485481],[-3.63376,57.485579],[-3.633731,57.485659],[-3.633674,57.485721],[-3.633659,57.485797],[-3.633685,57.485888],[-3.633752,57.485995],[-3.633861,57.486116],[-3.63398,57.486221],[-3.634108,57.48631],[-3.634247,57.486383],[-3.634396,57.486441],[-3.634543,57.486467],[-3.634688,57.486462],[-3.634832,57.486427],[-3.634975,57.486361],[-3.635099,57.486289],[-3.635205,57.486212],[-3.635294,57.486129],[-3.635364,57.486041],[-3.63543,57.485941],[-3.635492,57.48583],[-3.63555,57.485707],[-3.635604,57.485573],[-3.635666,57.485451],[-3.635736,57.485341],[-3.635815,57.485243],[-3.635902,57.485157],[-3.635977,57.485071],[-3.63604,57.484983],[-3.63609,57.484894],[-3.636129,57.484805],[-3.636199,57.484723],[-3.636303,57.484648],[-3.636439,57.48458],[-3.636607,57.48452],[-3.636764,57.484513],[-3.636908,57.48456],[-3.637041,57.484661],[-3.637162,57.484815],[-3.637288,57.484912],[-3.637418,57.484951],[-3.637553,57.484934],[-3.637692,57.48486],[-3.637801,57.484783],[-3.637879,57.484705],[-3.637926,57.484624],[-3.637943,57.484541],[-3.637932,57.484479],[-3.637893,57.484438],[-3.637826,57.484419],[-3.637731,57.48442],[-3.637636,57.484411],[-3.637541,57.48439],[-3.637446,57.48436],[-3.637351,57.484318],[-3.637292,57.484272],[-3.637269,57.484221],[-3.637282,57.484165],[-3.637331,57.484105],[-3.637402,57.484043],[-3.637493,57.48398],[-3.637607,57.483916],[-3.637741,57.48385],[-3.637878,57.483805],[-3.638016,57.48378],[-3.638155,57.483775],[-3.638296,57.48379],[-3.638423,57.483791],[-3.638537,57.483777],[-3.638638,57.483748],[-3.638725,57.483705],[-3.638765,57.483661],[-3.638756,57.483617],[-3.6387,57.483573],[-3.638596,57.483528],[-3.638533,57.483471],[-3.63851,57.483401],[-3.638529,57.483317],[-3.638589,57.483221],[-3.638646,57.483136],[-3.638702,57.483062],[-3.638756,57.482999],[-3.638808,57.482946],[-3.638893,57.482907],[-3.63901,57.482879],[-3.63916,57.482865],[-3.639342,57.482863],[-3.639495,57.482848],[-3.63962,57.48282],[-3.639716,57.482779],[-3.639784,57.482725],[-3.639845,57.482659],[-3.639899,57.482581],[-3.639947,57.48249],[-3.639988,57.482387],[-3.640064,57.482303],[-3.640174,57.482236],[-3.640319,57.482186],[-3.640498,57.482155],[-3.640643,57.482177],[-3.640755,57.482253],[-3.640833,57.482383],[-3.640878,57.482566],[-3.640962,57.482706],[-3.641085,57.482802],[-3.641248,57.482855],[-3.64145,57.482863],[-3.641626,57.482866],[-3.641776,57.482864],[-3.6419,57.482855],[-3.641998,57.482841],[-3.642085,57.482838],[-3.64216,57.482847],[-3.642223,57.482868],[-3.642276,57.482901],[-3.642341,57.482917],[-3.64242,57.482915],[-3.642512,57.482896],[-3.642618,57.482859],[-3.642681,57.482815],[-3.642702,57.482764],[-3.64268,57.482705],[-3.642615,57.482639],[-3.642513,57.482553],[-3.642374,57.482446],[-3.642197,57.482318],[-3.641983,57.482169],[-3.641856,57.482017],[-3.641818,57.48186],[-3.641867,57.4817],[-3.642005,57.481536],[-3.64218,57.481439],[-3.642391,57.481408],[-3.642639,57.481444],[-3.642924,57.481547],[-3.64319,57.481595],[-3.643438,57.481589],[-3.643668,57.481527],[-3.643879,57.481411],[-3.644077,57.481327],[-3.644259,57.481273],[-3.644428,57.481252],[-3.644583,57.481261],[-3.644789,57.481216],[-3.645046,57.481117],[-3.645355,57.480963],[-3.645714,57.480754],[-3.645994,57.480549],[-3.646193,57.480346],[-3.646311,57.480147],[-3.646349,57.479951],[-3.64639,57.4798],[-3.646435,57.479695],[-3.646482,57.479636],[-3.646533,57.479622],[-3.6466,57.479547],[-3.646685,57.479412],[-3.646787,57.479217],[-3.646906,57.478961],[-3.647028,57.478744],[-3.647153,57.478567],[-3.64728,57.478428],[-3.64741,57.478329],[-3.647522,57.478202],[-3.647615,57.478047],[-3.64769,57.477864],[-3.647747,57.477653],[-3.647804,57.477444],[-3.647862,57.477237],[-3.647921,57.477032],[-3.64798,57.476829],[-3.647987,57.476639],[-3.647941,57.476463],[-3.647842,57.476299],[-3.64769,57.476148],[-3.647544,57.476021],[-3.647402,57.475918],[-3.647265,57.47584],[-3.647133,57.475785],[-3.647051,57.475735],[-3.647018,57.475689],[-3.647035,57.475648],[-3.6471,57.475611],[-3.647157,57.47556],[-3.647204,57.475495],[-3.647243,57.475417],[-3.647272,57.475324],[-3.64725,57.475246],[-3.647179,57.475183],[-3.647058,57.475135],[-3.646886,57.475101],[-3.64682,57.475063],[-3.64686,57.47502],[-3.647006,57.474973],[-3.647257,57.474921],[-3.647442,57.47487],[-3.647562,57.474819],[-3.647617,57.474768],[-3.647606,57.474718],[-3.647567,57.474671],[-3.647499,57.474627],[-3.647402,57.474586],[-3.647276,57.474548],[-3.64719,57.474509],[-3.647145,57.474471],[-3.647138,57.474434],[-3.647172,57.474396],[-3.647194,57.474354],[-3.647205,57.474308],[-3.647204,57.474258],[-3.647192,57.474204],[-3.64714,57.474146],[-3.64705,57.474085],[-3.646921,57.47402],[-3.646752,57.473952],[-3.646588,57.473901],[-3.646428,57.473867],[-3.646272,57.473849],[-3.64612,57.473847],[-3.646038,57.473828],[-3.646024,57.473791],[-3.646079,57.473736],[-3.646203,57.473663],[-3.646284,57.473593],[-3.646322,57.473525],[-3.646318,57.473459],[-3.64627,57.473396],[-3.646196,57.47334],[-3.646095,57.473293],[-3.645967,57.473254],[-3.645812,57.473223],[-3.645729,57.473192],[-3.645718,57.473162],[-3.645778,57.473131],[-3.645909,57.4731],[-3.646071,57.47306],[-3.646263,57.47301],[-3.646486,57.47295],[-3.646738,57.472881],[-3.646915,57.472858],[-3.647015,57.472882],[-3.647039,57.472952],[-3.646987,57.473069],[-3.646978,57.473188],[-3.647012,57.473311],[-3.647089,57.473437],[-3.647208,57.473565],[-3.647318,57.473673],[-3.647418,57.473761],[-3.647509,57.473829],[-3.64759,57.473876],[-3.647675,57.473927],[-3.647763,57.473982],[-3.647855,57.474041],[-3.64795,57.474103],[-3.648034,57.474164],[-3.648107,57.474223],[-3.64817,57.474279],[-3.648222,57.474333],[-3.648274,57.474376],[-3.648325,57.474407],[-3.648376,57.474426],[-3.648427,57.474434],[-3.648493,57.474424],[-3.648574,57.474396],[-3.64867,57.474351],[-3.648782,57.474288],[-3.648878,57.474275],[-3.64896,57.474311],[-3.649025,57.474397],[-3.649076,57.474533],[-3.649149,57.474663],[-3.649243,57.474788],[-3.649359,57.474907],[-3.649497,57.475021],[-3.649635,57.475098],[-3.649773,57.475137],[-3.64991,57.475138],[-3.650048,57.475103],[-3.650142,57.475092],[-3.650191,57.475106],[-3.650195,57.475145],[-3.650155,57.475209],[-3.650112,57.475288],[-3.650063,57.475383],[-3.650011,57.475493],[-3.649954,57.475619],[-3.649958,57.475747],[-3.650023,57.475877],[-3.650148,57.476009],[-3.650333,57.476144],[-3.650518,57.476256],[-3.650703,57.476346],[-3.650887,57.476413],[-3.651071,57.476458],[-3.65123,57.4765],[-3.651364,57.47654],[-3.651473,57.476576],[-3.651557,57.47661],[-3.651644,57.476629],[-3.651732,57.476633],[-3.651824,57.476621],[-3.651917,57.476594],[-3.652011,57.476591],[-3.652106,57.476611],[-3.652202,57.476654],[-3.652298,57.476721],[-3.652399,57.476755],[-3.652503,57.476757],[-3.652611,57.476727],[-3.652722,57.476664],[-3.652762,57.476599],[-3.652729,57.476532],[-3.652623,57.476463],[-3.652446,57.476391],[-3.652323,57.476324],[-3.652256,57.476261],[-3.652243,57.476201],[-3.652286,57.476145],[-3.652353,57.476116],[-3.652443,57.476113],[-3.652557,57.476136],[-3.652695,57.476186],[-3.652866,57.476202],[-3.653071,57.476185],[-3.653308,57.476135],[-3.653579,57.476051],[-3.653832,57.475978],[-3.654067,57.475915],[-3.654284,57.475862],[-3.654483,57.47582],[-3.654646,57.475744],[-3.654772,57.475635],[-3.654862,57.475492],[-3.654915,57.475315],[-3.654981,57.47521],[-3.65506,57.475176],[-3.655152,57.475214],[-3.655256,57.475323],[-3.655353,57.475385],[-3.655442,57.475401],[-3.655525,57.475371],[-3.6556,57.475295],[-3.655643,57.475199],[-3.655655,57.475082],[-3.655636,57.474945],[-3.655585,57.474788],[-3.655579,57.474664],[-3.655616,57.474572],[-3.655698,57.474514],[-3.655823,57.474488],[-3.655911,57.474413],[-3.65596,57.474291],[-3.655972,57.474119],[-3.655946,57.4739],[-3.656019,57.473724],[-3.656193,57.473593],[-3.656467,57.473506],[-3.65684,57.473462],[-3.657077,57.473389],[-3.657177,57.473284],[-3.657141,57.473149],[-3.656968,57.472983],[-3.656851,57.472783],[-3.656791,57.472548],[-3.656788,57.472278],[-3.656841,57.471973],[-3.656902,57.471742],[-3.656971,57.471585],[-3.657047,57.471502],[-3.657131,57.471494],[-3.65721,57.471519],[-3.657284,57.471577],[-3.657352,57.471669],[-3.657415,57.471795],[-3.65744,57.471911],[-3.657428,57.472017],[-3.657378,57.472113],[-3.657291,57.472199],[-3.657236,57.472291],[-3.657212,57.472387],[-3.65722,57.472489],[-3.65726,57.472596],[-3.657312,57.47265],[-3.657377,57.472652],[-3.657453,57.472601],[-3.657542,57.472498],[-3.657661,57.472412],[-3.65781,57.472343],[-3.657989,57.472291],[-3.658199,57.472256],[-3.658314,57.472292],[-3.658334,57.472399],[-3.658259,57.472577],[-3.65809,57.472826],[-3.657986,57.473016],[-3.657948,57.473148],[-3.657975,57.473222],[-3.658069,57.473238],[-3.658182,57.47321],[-3.658314,57.473139],[-3.658466,57.473024],[-3.658637,57.472865],[-3.658805,57.472746],[-3.658971,57.472666],[-3.659133,57.472627],[-3.659292,57.472627],[-3.659437,57.472601],[-3.659568,57.472546],[-3.659685,57.472465],[-3.659787,57.472356],[-3.659907,57.472242],[-3.660046,57.472122],[-3.660202,57.471998],[-3.660377,57.471869],[-3.660487,57.47176],[-3.660534,57.471672],[-3.660516,57.471604],[-3.660435,57.471557],[-3.660363,57.471507],[-3.660299,57.471454],[-3.660244,57.471397],[-3.660198,57.471338],[-3.660124,57.471288],[-3.660022,57.471248],[-3.659891,57.471216],[-3.659731,57.471195],[-3.65961,57.471158],[-3.659528,57.471107],[-3.659483,57.471041],[-3.659477,57.47096],[-3.659509,57.470908],[-3.659579,57.470883],[-3.659688,57.470887],[-3.659835,57.470919],[-3.660005,57.470932],[-3.660198,57.470927],[-3.660414,57.470903],[-3.660653,57.470861],[-3.66099,57.470561],[-3.661425,57.470003],[-3.66196,57.469186],[-3.662592,57.468111],[-3.663129,57.467307],[-3.66357,57.466774],[-3.663915,57.466511],[-3.664164,57.466519],[-3.664353,57.466499],[-3.664482,57.466449],[-3.66455,57.46637],[-3.664558,57.466262],[-3.664608,57.466195],[-3.664701,57.466168],[-3.664838,57.466182],[-3.665017,57.466236],[-3.66517,57.466252],[-3.665297,57.46623],[-3.665398,57.46617],[-3.665473,57.466073],[-3.665518,57.465948],[-3.665533,57.465797],[-3.665518,57.465619],[-3.665473,57.465415],[-3.665413,57.465217],[-3.665338,57.465026],[-3.665248,57.464842],[-3.665142,57.464665],[-3.665068,57.464493],[-3.665025,57.464326],[-3.665015,57.464165],[-3.665036,57.464009],[-3.665078,57.463876],[-3.665141,57.463767],[-3.665224,57.463682],[-3.665328,57.463619],[-3.665424,57.463509],[-3.665512,57.46335],[-3.665591,57.463143],[-3.665663,57.462888],[-3.665767,57.462633],[-3.665903,57.46238],[-3.666071,57.462127],[-3.666271,57.461875],[-3.666483,57.46165],[-3.666707,57.461451],[-3.666943,57.461279],[-3.66719,57.461134],[-3.667368,57.461003],[-3.667476,57.460887],[-3.667514,57.460786],[-3.667481,57.460699],[-3.667454,57.460562],[-3.667432,57.460374],[-3.667414,57.460136],[-3.667402,57.459846],[-3.667372,57.459614],[-3.667327,57.45944],[-3.667265,57.459322],[-3.667187,57.459262],[-3.667138,57.4592],[-3.667118,57.459136],[-3.667127,57.459069],[-3.667165,57.459001],[-3.667182,57.458791],[-3.667178,57.458439],[-3.667153,57.457945],[-3.667106,57.457308],[-3.667051,57.456778],[-3.666987,57.456353],[-3.666916,57.456033],[-3.666836,57.455819],[-3.666659,57.455483],[-3.666384,57.455024],[-3.666012,57.454443],[-3.665543,57.45374],[-3.665168,57.453187],[-3.664887,57.452785],[-3.664699,57.452533],[-3.664606,57.452432],[-3.664476,57.452291],[-3.66431,57.452112],[-3.664107,57.451894],[-3.663868,57.451637],[-3.66373,57.451433],[-3.663694,57.451283],[-3.66376,57.451186],[-3.663926,57.451143],[-3.664078,57.451124],[-3.664215,57.451129],[-3.664337,57.451158],[-3.664444,57.451211],[-3.664538,57.451233],[-3.664618,57.451225],[-3.664685,57.451186],[-3.664739,57.451116],[-3.664825,57.451048],[-3.664943,57.450983],[-3.665094,57.450919],[-3.665278,57.450857],[-3.665403,57.450777],[-3.66547,57.450681],[-3.665479,57.450566],[-3.66543,57.450435],[-3.665335,57.450345],[-3.665194,57.450298],[-3.665008,57.450293],[-3.664775,57.45033],[-3.664629,57.450327],[-3.664569,57.450284],[-3.664596,57.450201],[-3.664709,57.450078],[-3.664772,57.449959],[-3.664784,57.449842],[-3.664745,57.449728],[-3.664657,57.449618],[-3.664603,57.449501],[-3.664584,57.449376],[-3.664601,57.449245],[-3.664653,57.449107],[-3.664729,57.449009],[-3.66483,57.448949],[-3.664956,57.448928],[-3.665106,57.448947],[-3.665278,57.448936],[-3.665474,57.448897],[-3.665693,57.448828],[-3.665935,57.44873],[-3.666166,57.448659],[-3.666388,57.448614],[-3.6666,57.448596],[-3.666802,57.448605],[-3.667016,57.448519],[-3.667242,57.448337],[-3.667481,57.44806],[-3.667731,57.447687],[-3.66789,57.447374],[-3.667958,57.447119],[-3.667934,57.446922],[-3.667819,57.446785],[-3.667695,57.446679],[-3.66756,57.446606],[-3.667415,57.446564],[-3.667261,57.446555],[-3.667152,57.44652],[-3.66709,57.44646],[-3.667075,57.446375],[-3.667105,57.446265],[-3.66719,57.44621],[-3.667329,57.446211],[-3.667523,57.446267],[-3.667771,57.446377],[-3.668002,57.446495],[-3.668215,57.446621],[-3.668412,57.446753],[-3.668591,57.446892],[-3.668757,57.446997],[-3.66891,57.447066],[-3.66905,57.447101],[-3.669177,57.4471],[-3.669271,57.447054],[-3.669332,57.446962],[-3.66936,57.446825],[-3.669355,57.446641],[-3.669388,57.446515],[-3.669457,57.446446],[-3.669564,57.446434],[-3.669708,57.446478],[-3.669853,57.446494],[-3.669999,57.446481],[-3.670146,57.446439],[-3.670294,57.446368],[-3.670436,57.446315],[-3.670569,57.446279],[-3.670696,57.446262],[-3.670815,57.446262],[-3.670955,57.446269],[-3.671115,57.446282],[-3.671295,57.446302],[-3.671495,57.446328],[-3.671716,57.446334],[-3.671957,57.446319],[-3.672218,57.446285],[-3.6725,57.446229],[-3.672785,57.446164],[-3.673075,57.446089],[-3.673369,57.446004],[-3.673667,57.445909],[-3.673914,57.445834],[-3.674108,57.445779],[-3.67425,57.445745],[-3.67434,57.445731],[-3.674421,57.445751],[-3.674492,57.445803],[-3.674554,57.445889],[-3.674606,57.446007],[-3.674622,57.446112],[-3.6746,57.446204],[-3.674542,57.446283],[-3.674448,57.446349],[-3.674346,57.446418],[-3.674239,57.446491],[-3.674124,57.446568],[-3.674004,57.446649],[-3.673895,57.44673],[-3.673798,57.446811],[-3.673712,57.446891],[-3.673639,57.446972],[-3.673588,57.447057],[-3.673558,57.447148],[-3.67355,57.447244],[-3.673564,57.447345],[-3.67352,57.447388],[-3.673419,57.447373],[-3.673261,57.4473],[-3.673045,57.447168],[-3.672825,57.447063],[-3.672601,57.446984],[-3.672372,57.446931],[-3.67214,57.446904],[-3.671917,57.446905],[-3.671706,57.446933],[-3.671504,57.44699],[-3.671313,57.447074],[-3.671181,57.447173],[-3.671109,57.447287],[-3.671095,57.447417],[-3.671141,57.447562],[-3.671168,57.447703],[-3.671176,57.447841],[-3.671165,57.447976],[-3.671135,57.448108],[-3.671073,57.448241],[-3.670981,57.448377],[-3.670857,57.448515],[-3.670703,57.448655],[-3.670643,57.448745],[-3.670678,57.448784],[-3.670807,57.448772],[-3.67103,57.448711],[-3.671214,57.448635],[-3.671359,57.448545],[-3.671466,57.448441],[-3.671533,57.448322],[-3.671599,57.448217],[-3.671664,57.448125],[-3.671727,57.448046],[-3.67179,57.447979],[-3.671867,57.447925],[-3.671959,57.447884],[-3.672065,57.447854],[-3.672186,57.447837],[-3.672338,57.447825],[-3.672522,57.447816],[-3.672737,57.447812],[-3.672983,57.447812],[-3.673174,57.447796],[-3.673309,57.447765],[-3.673389,57.447718],[-3.673414,57.447656],[-3.673473,57.447608],[-3.673568,57.447574],[-3.673698,57.447555],[-3.673863,57.447551],[-3.674006,57.447561],[-3.674126,57.447584],[-3.674224,57.447622],[-3.674299,57.447674],[-3.674385,57.447698],[-3.674483,57.447695],[-3.674593,57.447663],[-3.674713,57.447603],[-3.674913,57.447525],[-3.67519,57.447427],[-3.675546,57.447311],[-3.67598,57.447176],[-3.676436,57.44699],[-3.676912,57.446755],[-3.677409,57.446469],[-3.677927,57.446132],[-3.678326,57.445892],[-3.678606,57.445747],[-3.678767,57.445698],[-3.678808,57.445745],[-3.678829,57.445823],[-3.67883,57.445932],[-3.678811,57.446072],[-3.678771,57.446243],[-3.678789,57.44638],[-3.678863,57.446483],[-3.678994,57.446553],[-3.679183,57.446589],[-3.679353,57.446599],[-3.679506,57.446583],[-3.679642,57.446541],[-3.679759,57.446473],[-3.679877,57.446433],[-3.679996,57.44642],[-3.680115,57.446436],[-3.680234,57.446479],[-3.680337,57.446534],[-3.680422,57.446602],[-3.680489,57.446683],[-3.68054,57.446776],[-3.68065,57.446841],[-3.680819,57.446879],[-3.681047,57.44689],[-3.681335,57.446872],[-3.681526,57.446879],[-3.681621,57.44691],[-3.68162,57.446964],[-3.681522,57.447043],[-3.681465,57.447113],[-3.681448,57.447175],[-3.681472,57.447228],[-3.681536,57.447272],[-3.681527,57.447396],[-3.681444,57.447599],[-3.681287,57.447882],[-3.681057,57.448244],[-3.680836,57.448498],[-3.680624,57.448644],[-3.680422,57.448682],[-3.680229,57.448612],[-3.680079,57.448574],[-3.679973,57.448565],[-3.67991,57.448588],[-3.67989,57.448641],[-3.679823,57.448707],[-3.679709,57.448785],[-3.679548,57.448876],[-3.67934,57.448979],[-3.678916,57.449233],[-3.678277,57.449637],[-3.677421,57.450193],[-3.67635,57.450899],[-3.675526,57.451449],[-3.674949,57.451842],[-3.674621,57.45208],[-3.67454,57.452161],[-3.674509,57.452237],[-3.674527,57.452308],[-3.674595,57.452373],[-3.674713,57.452434],[-3.674811,57.452477],[-3.674888,57.452503],[-3.674945,57.452512],[-3.674982,57.452504],[-3.675033,57.452513],[-3.675099,57.452541],[-3.675179,57.452586],[-3.675274,57.452648],[-3.675442,57.452698],[-3.675682,57.452735],[-3.675995,57.452759],[-3.676381,57.45277],[-3.676713,57.452776],[-3.676991,57.452777],[-3.677216,57.452772],[-3.677388,57.452763],[-3.677608,57.45274],[-3.677876,57.452703],[-3.678193,57.452653],[-3.678559,57.452589],[-3.678878,57.452551],[-3.679151,57.452537],[-3.679378,57.452549],[-3.679559,57.452585],[-3.679636,57.452633],[-3.67961,57.452691],[-3.679481,57.45276],[-3.679249,57.45284],[-3.679075,57.452949],[-3.67896,57.453087],[-3.678903,57.453254],[-3.678905,57.453451],[-3.678948,57.453595],[-3.679034,57.453686],[-3.679162,57.453725],[-3.679332,57.453712],[-3.679484,57.453734],[-3.679617,57.453793],[-3.679732,57.453888],[-3.679828,57.454019],[-3.679879,57.45414],[-3.679885,57.45425],[-3.679845,57.454351],[-3.679759,57.454441],[-3.679707,57.45454],[-3.679688,57.454649],[-3.679703,57.454767],[-3.67975,57.454895],[-3.67983,57.45499],[-3.679941,57.455053],[-3.680083,57.455085],[-3.680258,57.455083],[-3.680354,57.455117],[-3.680372,57.455186],[-3.680311,57.455289],[-3.680172,57.455428],[-3.680093,57.455551],[-3.680073,57.455657],[-3.680113,57.455748],[-3.680212,57.455823],[-3.680328,57.455878],[-3.68046,57.455911],[-3.680607,57.455923],[-3.680771,57.455915],[-3.68089,57.455887],[-3.680964,57.455841],[-3.680994,57.455776],[-3.680978,57.455692],[-3.681017,57.455627],[-3.681112,57.455581],[-3.68126,57.455553],[-3.681464,57.455545],[-3.681616,57.455563],[-3.681716,57.455608],[-3.681765,57.45568],[-3.681762,57.455779],[-3.681865,57.455917],[-3.682074,57.456094],[-3.68239,57.45631],[-3.682811,57.456565],[-3.683165,57.456763],[-3.683452,57.456904],[-3.683672,57.456988],[-3.683826,57.457014],[-3.683974,57.457081],[-3.684117,57.457188],[-3.684255,57.457335],[-3.684389,57.457522],[-3.684543,57.457689],[-3.684717,57.457835],[-3.684911,57.457961],[-3.685125,57.458067],[-3.685282,57.458167],[-3.685381,57.458261],[-3.685422,57.45835],[-3.685405,57.458433],[-3.685387,57.458512],[-3.685367,57.458587],[-3.685346,57.458657],[-3.685323,57.458724],[-3.685318,57.458806],[-3.685332,57.458906],[-3.685363,57.459021],[-3.685412,57.459153],[-3.685465,57.459257],[-3.685522,57.459334],[-3.685582,57.459385],[-3.685647,57.459408],[-3.685707,57.459448],[-3.685764,57.459504],[-3.685817,57.459576],[-3.685866,57.459665],[-3.685994,57.459748],[-3.686202,57.459824],[-3.686489,57.459895],[-3.686854,57.459959],[-3.687129,57.460024],[-3.687313,57.460091],[-3.687406,57.460158],[-3.687408,57.460226],[-3.687462,57.460325],[-3.687571,57.460455],[-3.687732,57.460615],[-3.687947,57.460807],[-3.688148,57.460952],[-3.688337,57.461052],[-3.688512,57.461107],[-3.688674,57.461115],[-3.688802,57.461134],[-3.688897,57.461163],[-3.688957,57.461201],[-3.688983,57.46125],[-3.689123,57.461338],[-3.689378,57.461465],[-3.689746,57.461632],[-3.690229,57.461838],[-3.690632,57.462008],[-3.690957,57.462143],[-3.691203,57.462242],[-3.69137,57.462306],[-3.691529,57.462349],[-3.691681,57.462372],[-3.691825,57.462374],[-3.691961,57.462355],[-3.692096,57.462356],[-3.692231,57.462376],[-3.692365,57.462416],[-3.692498,57.462474],[-3.692604,57.462535],[-3.692683,57.462597],[-3.692735,57.462661],[-3.69276,57.462727],[-3.692871,57.462797],[-3.69307,57.46287],[-3.693355,57.462947],[-3.693727,57.463028],[-3.694036,57.463089],[-3.694283,57.463132],[-3.694467,57.463155],[-3.694588,57.46316],[-3.694751,57.463176],[-3.694956,57.463204],[-3.695203,57.463243],[-3.695492,57.463294],[-3.695795,57.463342],[-3.69611,57.463388],[-3.696439,57.463432],[-3.69678,57.463473],[-3.697078,57.463498],[-3.697331,57.463505],[-3.69754,57.463496],[-3.697706,57.463471],[-3.697877,57.463418],[-3.698054,57.46334],[-3.698238,57.463235],[-3.698427,57.463104],[-3.698613,57.463005],[-3.698794,57.462937],[-3.698971,57.4629],[-3.699144,57.462895],[-3.699329,57.462862],[-3.699525,57.462803],[-3.699734,57.462717],[-3.699954,57.462605],[-3.700187,57.462453],[-3.700434,57.462263],[-3.700694,57.462033],[-3.700967,57.461765],[-3.701238,57.461564],[-3.701506,57.461429],[-3.70177,57.461361],[-3.702032,57.461359],[-3.7023,57.461342],[-3.702574,57.461309],[-3.702854,57.46126],[-3.70314,57.461196],[-3.703403,57.46113],[-3.703644,57.461062],[-3.703862,57.460992],[-3.704058,57.46092],[-3.704244,57.460821],[-3.704419,57.460693],[-3.704583,57.460538],[-3.704737,57.460355],[-3.704898,57.460211],[-3.705065,57.460106],[-3.705239,57.46004],[-3.70542,57.460012],[-3.705625,57.459918],[-3.705855,57.459757],[-3.70611,57.45953],[-3.706389,57.459235],[-3.706712,57.458941],[-3.707079,57.458646],[-3.707489,57.458351],[-3.707943,57.458055],[-3.708303,57.457818],[-3.70857,57.457638],[-3.708743,57.457516],[-3.708822,57.457452],[-3.708894,57.457357],[-3.708958,57.457231],[-3.709014,57.457073],[-3.709063,57.456884],[-3.709115,57.456727],[-3.709171,57.456601],[-3.709232,57.456507],[-3.709296,57.456445],[-3.709327,57.456365],[-3.709326,57.456267],[-3.709293,57.45615],[-3.709226,57.456016],[-3.709217,57.455875],[-3.709265,57.455727],[-3.70937,57.455572],[-3.709532,57.455409],[-3.709647,57.455254],[-3.709714,57.455106],[-3.709735,57.454965],[-3.709709,57.454831],[-3.709721,57.454714],[-3.709771,57.454615],[-3.709859,57.454533],[-3.709986,57.454468],[-3.710117,57.454376],[-3.710251,57.454258],[-3.710389,57.454112],[-3.710531,57.453939],[-3.71063,57.453635],[-3.710687,57.453202],[-3.7107,57.452638],[-3.710671,57.451945],[-3.710644,57.451411],[-3.710619,57.451037],[-3.710597,57.450824],[-3.710577,57.45077],[-3.710545,57.450722],[-3.710501,57.45068],[-3.710446,57.450643],[-3.710378,57.450612],[-3.710332,57.450566],[-3.710306,57.450507],[-3.7103,57.450434],[-3.710315,57.450347],[-3.710305,57.450266],[-3.710268,57.45019],[-3.710207,57.450121],[-3.710119,57.450057],[-3.710028,57.450005],[-3.709933,57.449964],[-3.709834,57.449933],[-3.709732,57.449914],[-3.709628,57.44986],[-3.709523,57.44977],[-3.709417,57.449646],[-3.709309,57.449486],[-3.709262,57.449349],[-3.709274,57.449234],[-3.709347,57.449142],[-3.70948,57.449073],[-3.709596,57.448983],[-3.709693,57.448872],[-3.709773,57.448741],[-3.709836,57.448589],[-3.709811,57.44846],[-3.7097,57.448354],[-3.709502,57.448271],[-3.709217,57.448211],[-3.709021,57.448149],[-3.708914,57.448086],[-3.708896,57.44802],[-3.708966,57.447953],[-3.709059,57.447917],[-3.709176,57.447911],[-3.709317,57.447936],[-3.709481,57.447991],[-3.709634,57.44804],[-3.709777,57.448083],[-3.70991,57.448119],[-3.710033,57.448149],[-3.710159,57.448211],[-3.710289,57.448304],[-3.710424,57.448429],[-3.710562,57.448585],[-3.710706,57.448732],[-3.710856,57.448868],[-3.711013,57.448993],[-3.711175,57.449109],[-3.711317,57.449201],[-3.711438,57.449269],[-3.711538,57.449314],[-3.711618,57.449336],[-3.711661,57.449368],[-3.711669,57.44941],[-3.711641,57.449462],[-3.711577,57.449524],[-3.711594,57.449584],[-3.711691,57.449643],[-3.711869,57.449699],[-3.712128,57.449753],[-3.712343,57.449792],[-3.712515,57.449817],[-3.712644,57.449827],[-3.71273,57.449822],[-3.712846,57.449803],[-3.712992,57.449768],[-3.713168,57.449719],[-3.713374,57.449654],[-3.713516,57.449554],[-3.713592,57.449418],[-3.713603,57.449246],[-3.713549,57.449037],[-3.713438,57.448868],[-3.71327,57.448739],[-3.713045,57.448648],[-3.712764,57.448596],[-3.71255,57.448536],[-3.712406,57.448468],[-3.712329,57.448392],[-3.712321,57.448307],[-3.712345,57.44821],[-3.7124,57.448102],[-3.712486,57.447982],[-3.712603,57.44785],[-3.712734,57.447763],[-3.712878,57.447723],[-3.713034,57.447728],[-3.713204,57.447778],[-3.71336,57.447795],[-3.7135,57.447778],[-3.713627,57.447728],[-3.713738,57.447643],[-3.713819,57.447557],[-3.713869,57.447468],[-3.713889,57.447377],[-3.713878,57.447284],[-3.713826,57.447211],[-3.713735,57.447156],[-3.713602,57.447121],[-3.713429,57.447105],[-3.713282,57.44711],[-3.71316,57.447135],[-3.713064,57.447182],[-3.712994,57.447249],[-3.712924,57.4473],[-3.712854,57.447335],[-3.712783,57.447354],[-3.712713,57.447357],[-3.71264,57.447349],[-3.712565,57.447329],[-3.712488,57.447298],[-3.712408,57.447255],[-3.712347,57.447208],[-3.712304,57.447157],[-3.712279,57.447101],[-3.712273,57.447042],[-3.712245,57.446983],[-3.712195,57.446924],[-3.712123,57.446866],[-3.71203,57.446807],[-3.711984,57.446733],[-3.711986,57.446643],[-3.712036,57.446537],[-3.712134,57.446416],[-3.712262,57.446349],[-3.71242,57.446336],[-3.712609,57.446379],[-3.712828,57.446475],[-3.713041,57.446529],[-3.713247,57.446539],[-3.713448,57.446507],[-3.713642,57.446431],[-3.713813,57.446369],[-3.713962,57.446321],[-3.714089,57.446288],[-3.714193,57.446268],[-3.714256,57.446213],[-3.714278,57.446124],[-3.714259,57.445998],[-3.714199,57.445838],[-3.714122,57.445664],[-3.714028,57.445477],[-3.713917,57.445277],[-3.71379,57.445064],[-3.713744,57.444916],[-3.713781,57.444833],[-3.713899,57.444816],[-3.7141,57.444863],[-3.71429,57.444856],[-3.714469,57.444794],[-3.714639,57.444678],[-3.714797,57.444508],[-3.714934,57.44438],[-3.71505,57.444295],[-3.715143,57.444253],[-3.715215,57.444254],[-3.715289,57.444229],[-3.715366,57.444179],[-3.715444,57.444102],[-3.715525,57.444],[-3.715603,57.443911],[-3.715679,57.443837],[-3.715752,57.443777],[-3.715822,57.443731],[-3.715868,57.443674],[-3.71589,57.443605],[-3.715888,57.443525],[-3.715862,57.443434],[-3.715866,57.443346],[-3.715902,57.443261],[-3.715969,57.443179],[-3.716066,57.443101],[-3.716141,57.443065],[-3.716191,57.443073],[-3.716218,57.443123],[-3.716221,57.443217],[-3.716259,57.443292],[-3.716332,57.443348],[-3.71644,57.443386],[-3.716582,57.443406],[-3.716694,57.443433],[-3.716775,57.44347],[-3.716826,57.443515],[-3.716846,57.443568],[-3.716889,57.443625],[-3.716955,57.443684],[-3.717043,57.443746],[-3.717155,57.443811],[-3.717243,57.443872],[-3.717308,57.443927],[-3.717349,57.443977],[-3.717366,57.444022],[-3.717456,57.4441],[-3.71762,57.444208],[-3.717857,57.444349],[-3.718169,57.444522],[-3.718408,57.444631],[-3.718577,57.444678],[-3.718674,57.444661],[-3.7187,57.444581],[-3.718783,57.444529],[-3.718925,57.444503],[-3.719124,57.444505],[-3.719381,57.444534],[-3.719624,57.444534],[-3.719851,57.444506],[-3.720065,57.444449],[-3.720263,57.444364],[-3.720447,57.444282],[-3.720616,57.444202],[-3.72077,57.444125],[-3.720909,57.44405],[-3.721026,57.443981],[-3.72112,57.443915],[-3.721193,57.443854],[-3.721243,57.443797],[-3.721261,57.443749],[-3.721245,57.443707],[-3.721197,57.443674],[-3.721116,57.443648],[-3.721078,57.443612],[-3.721084,57.443564],[-3.721134,57.443505],[-3.721227,57.443436],[-3.721275,57.443361],[-3.721277,57.443282],[-3.721233,57.443198],[-3.721144,57.443109],[-3.721092,57.443028],[-3.721077,57.442955],[-3.721098,57.442889],[-3.721156,57.442832],[-3.721224,57.442782],[-3.721304,57.442739],[-3.721394,57.442704],[-3.721495,57.442677],[-3.721576,57.442634],[-3.721638,57.442576],[-3.72168,57.442503],[-3.721703,57.442415],[-3.721725,57.442331],[-3.721746,57.442249],[-3.721767,57.442171],[-3.721786,57.442097],[-3.721839,57.442051],[-3.721923,57.442033],[-3.722041,57.442044],[-3.722191,57.442084],[-3.722324,57.442115],[-3.722439,57.442137],[-3.722538,57.44215],[-3.722619,57.442155],[-3.722713,57.44213],[-3.72282,57.442076],[-3.72294,57.441993],[-3.723072,57.441881],[-3.723214,57.441766],[-3.723365,57.44165],[-3.723526,57.441532],[-3.723695,57.441411],[-3.723832,57.441294],[-3.723937,57.441181],[-3.724009,57.44107],[-3.724048,57.440964],[-3.724164,57.440876],[-3.724357,57.440806],[-3.724626,57.440756],[-3.724971,57.440724],[-3.725319,57.440658],[-3.725667,57.44056],[-3.726017,57.440428],[-3.726368,57.440263],[-3.726665,57.440132],[-3.726907,57.440036],[-3.727095,57.439975],[-3.727228,57.439948],[-3.727391,57.439933],[-3.727585,57.43993],[-3.727808,57.439939],[-3.728062,57.439959],[-3.728305,57.43996],[-3.728537,57.439942],[-3.728758,57.439905],[-3.728967,57.439849],[-3.72916,57.439786],[-3.729336,57.439716],[-3.729496,57.439639],[-3.72964,57.439556],[-3.729745,57.439458],[-3.72981,57.439347],[-3.729836,57.439221],[-3.729824,57.439081],[-3.729785,57.438973],[-3.729721,57.438897],[-3.72963,57.438852],[-3.729514,57.438838],[-3.729413,57.438806],[-3.729326,57.438755],[-3.729254,57.438686],[-3.729197,57.438598],[-3.729199,57.438524],[-3.72926,57.438464],[-3.72938,57.438418],[-3.729559,57.438387],[-3.729711,57.438346],[-3.729836,57.438297],[-3.729933,57.438238],[-3.730003,57.438171],[-3.730082,57.438138],[-3.73017,57.43814],[-3.730267,57.438176],[-3.730373,57.438246],[-3.730498,57.4383],[-3.730644,57.438338],[-3.730809,57.43836],[-3.730994,57.438366],[-3.731131,57.43835],[-3.73122,57.438311],[-3.73126,57.438249],[-3.731252,57.438164],[-3.731229,57.438087],[-3.731192,57.438019],[-3.731139,57.437958],[-3.731072,57.437905],[-3.731052,57.437854],[-3.731081,57.437804],[-3.731158,57.437755],[-3.731284,57.437708],[-3.731403,57.437697],[-3.731516,57.437724],[-3.731623,57.437787],[-3.731725,57.437888],[-3.73182,57.437956],[-3.731909,57.437991],[-3.731991,57.437995],[-3.732068,57.437965],[-3.732098,57.437915],[-3.732084,57.437844],[-3.732023,57.437752],[-3.731917,57.437639],[-3.73189,57.43753],[-3.731942,57.437424],[-3.732072,57.437321],[-3.732282,57.437222],[-3.732426,57.437178],[-3.732506,57.437189],[-3.73252,57.437255],[-3.73247,57.437376],[-3.732449,57.437494],[-3.732457,57.437611],[-3.732494,57.437726],[-3.73256,57.437839],[-3.732642,57.437912],[-3.732738,57.437947],[-3.73285,57.437943],[-3.732977,57.4379],[-3.733107,57.43786],[-3.733241,57.437825],[-3.733378,57.437793],[-3.733519,57.437766],[-3.733635,57.437732],[-3.733728,57.437693],[-3.733796,57.437647],[-3.73384,57.437595],[-3.733919,57.437561],[-3.734032,57.437545],[-3.73418,57.437547],[-3.734362,57.437566],[-3.73451,57.437569],[-3.734624,57.437555],[-3.734703,57.437524],[-3.734749,57.437476],[-3.734772,57.437425],[-3.734771,57.437369],[-3.734746,57.43731],[-3.734699,57.437246],[-3.734661,57.437157],[-3.734634,57.437043],[-3.734617,57.436902],[-3.734611,57.436736],[-3.734669,57.436638],[-3.734793,57.436608],[-3.734982,57.436646],[-3.735236,57.436752],[-3.735471,57.436805],[-3.735686,57.436806],[-3.735881,57.436755],[-3.736057,57.436651],[-3.736197,57.436595],[-3.736302,57.436589],[-3.736371,57.43663],[-3.736405,57.436721],[-3.736469,57.436785],[-3.736562,57.436822],[-3.736685,57.436833],[-3.736838,57.436816],[-3.736993,57.436779],[-3.737149,57.43672],[-3.737308,57.436639],[-3.737468,57.436537],[-3.737643,57.436432],[-3.737834,57.436324],[-3.738039,57.436214],[-3.738258,57.436101],[-3.738452,57.435997],[-3.738619,57.435903],[-3.73876,57.435817],[-3.738874,57.435741],[-3.738986,57.435672],[-3.739093,57.435609],[-3.739197,57.435553],[-3.739298,57.435504],[-3.73939,57.435448],[-3.739473,57.435383],[-3.739548,57.435311],[-3.739613,57.435232],[-3.739662,57.435151],[-3.739695,57.435068],[-3.739711,57.434984],[-3.739711,57.434899],[-3.739752,57.434834],[-3.739835,57.434791],[-3.73996,57.43477],[-3.740127,57.434769],[-3.740249,57.434735],[-3.740327,57.434667],[-3.740361,57.434565],[-3.740349,57.43443],[-3.740351,57.434308],[-3.740366,57.434199],[-3.740394,57.434104],[-3.740435,57.434023],[-3.740469,57.433932],[-3.740494,57.433831],[-3.740512,57.43372],[-3.740523,57.433599],[-3.740596,57.433471],[-3.740731,57.433335],[-3.74093,57.433191],[-3.741191,57.433039],[-3.74139,57.432908],[-3.741527,57.432798],[-3.741603,57.432708],[-3.741616,57.432638],[-3.741633,57.432557],[-3.741655,57.432465],[-3.741679,57.432362],[-3.741708,57.432248],[-3.741762,57.432159],[-3.741842,57.432095],[-3.741946,57.432056],[-3.742076,57.432042],[-3.742204,57.432012],[-3.742329,57.431964],[-3.742452,57.4319],[-3.742572,57.431819],[-3.742628,57.431745],[-3.742619,57.431677],[-3.742544,57.431617],[-3.742405,57.431563],[-3.742311,57.431509],[-3.742263,57.431454],[-3.74226,57.431399],[-3.742302,57.431343],[-3.742369,57.431318],[-3.742458,57.431323],[-3.742571,57.43136],[-3.742707,57.431427],[-3.742828,57.431467],[-3.742933,57.431482],[-3.743022,57.43147],[-3.743095,57.431433],[-3.743116,57.431392],[-3.743083,57.431349],[-3.742998,57.431302],[-3.74286,57.431252],[-3.742759,57.431194],[-3.742695,57.431129],[-3.742667,57.431055],[-3.742676,57.430972],[-3.742722,57.430919],[-3.742804,57.430896],[-3.742924,57.430901],[-3.74308,57.430936],[-3.743225,57.430949],[-3.743361,57.430939],[-3.743486,57.430906],[-3.7436,57.430852],[-3.743691,57.430793],[-3.743759,57.43073],[-3.743804,57.430664],[-3.743825,57.430593],[-3.743888,57.430529],[-3.743993,57.43047],[-3.744141,57.430419],[-3.74433,57.430373],[-3.744484,57.430307],[-3.744602,57.430219],[-3.744685,57.430111],[-3.744732,57.429982],[-3.744763,57.429863],[-3.744777,57.429752],[-3.744775,57.429651],[-3.744756,57.429559],[-3.744718,57.429474],[-3.744661,57.429397],[-3.744585,57.429327],[-3.74449,57.429264],[-3.744455,57.42919],[-3.744478,57.429104],[-3.744561,57.429006],[-3.744702,57.428897],[-3.74483,57.428804],[-3.744944,57.428726],[-3.745043,57.428663],[-3.745129,57.428615],[-3.745242,57.428593],[-3.745382,57.428595],[-3.745549,57.428623],[-3.745743,57.428675],[-3.745913,57.428741],[-3.746059,57.428822],[-3.74618,57.428917],[-3.746277,57.429027],[-3.746361,57.429126],[-3.746434,57.429215],[-3.746495,57.429293],[-3.746545,57.42936],[-3.746583,57.429432],[-3.746612,57.429508],[-3.74663,57.429588],[-3.746638,57.429673],[-3.74667,57.429758],[-3.746726,57.429844],[-3.746806,57.429931],[-3.746911,57.430018],[-3.746984,57.430104],[-3.747028,57.430187],[-3.74704,57.430268],[-3.747022,57.430347],[-3.747047,57.43042],[-3.747117,57.430487],[-3.747229,57.430549],[-3.747385,57.430606],[-3.747502,57.430678],[-3.747579,57.430766],[-3.747616,57.43087],[-3.747613,57.43099],[-3.747616,57.431092],[-3.747624,57.431177],[-3.747637,57.431244],[-3.747655,57.431293],[-3.747692,57.431333],[-3.747747,57.431364],[-3.747821,57.431385],[-3.747913,57.431397],[-3.747989,57.431436],[-3.748049,57.431502],[-3.748095,57.431596],[-3.748124,57.431716],[-3.748164,57.431802],[-3.748215,57.431852],[-3.748276,57.431867],[-3.748348,57.431847],[-3.748402,57.431802],[-3.74844,57.431731],[-3.748459,57.431636],[-3.748462,57.431516],[-3.748486,57.431416],[-3.748532,57.431337],[-3.748599,57.431277],[-3.748688,57.431238],[-3.748773,57.431191],[-3.748855,57.431135],[-3.748935,57.431071],[-3.749011,57.430999],[-3.749093,57.430921],[-3.749181,57.430837],[-3.749274,57.430747],[-3.749373,57.430651],[-3.749457,57.430551],[-3.749525,57.430448],[-3.749578,57.430341],[-3.749616,57.43023],[-3.749658,57.430135],[-3.749704,57.430055],[-3.749753,57.429991],[-3.749806,57.429943],[-3.749843,57.429886],[-3.749863,57.429822],[-3.749865,57.429751],[-3.749851,57.429671],[-3.749841,57.429591],[-3.749835,57.42951],[-3.749832,57.429429],[-3.749833,57.429348],[-3.749821,57.429271],[-3.749793,57.429199],[-3.749752,57.429132],[-3.749697,57.429069],[-3.749685,57.429022],[-3.749717,57.428991],[-3.749793,57.428976],[-3.749912,57.428976],[-3.750051,57.42895],[-3.75021,57.428897],[-3.750389,57.428817],[-3.750587,57.42871],[-3.750752,57.428631],[-3.750884,57.428579],[-3.750981,57.428554],[-3.751046,57.428555],[-3.751075,57.428576],[-3.75107,57.428615],[-3.75103,57.428672],[-3.750955,57.428749],[-3.7509,57.428818],[-3.750863,57.428879],[-3.750846,57.428933],[-3.750848,57.42898],[-3.750879,57.429012],[-3.750941,57.429029],[-3.751034,57.429031],[-3.751156,57.429018],[-3.751263,57.428996],[-3.751355,57.428965],[-3.751431,57.428925],[-3.751492,57.428876],[-3.751573,57.428817],[-3.751675,57.428749],[-3.751796,57.428671],[-3.751938,57.428583],[-3.752058,57.428505],[-3.752154,57.428435],[-3.752229,57.428373],[-3.752281,57.428321],[-3.752329,57.428275],[-3.752374,57.428236],[-3.752415,57.428204],[-3.752454,57.428179],[-3.752513,57.428156],[-3.752593,57.428137],[-3.752694,57.428121],[-3.752817,57.428108],[-3.752958,57.428082],[-3.753117,57.428041],[-3.753296,57.427987],[-3.753493,57.42792],[-3.75367,57.427848],[-3.753828,57.427771],[-3.753967,57.42769],[-3.754086,57.427605],[-3.754177,57.427511],[-3.754242,57.427408],[-3.75428,57.427296],[-3.75429,57.427175],[-3.754291,57.427067],[-3.754283,57.426972],[-3.754266,57.426889],[-3.75424,57.426819],[-3.754179,57.426785],[-3.754084,57.426786],[-3.753955,57.426824],[-3.753792,57.426896],[-3.753627,57.426949],[-3.75346,57.426981],[-3.753292,57.426994],[-3.753122,57.426986],[-3.753019,57.426966],[-3.752983,57.426933],[-3.753014,57.426888],[-3.753112,57.426831],[-3.75324,57.426764],[-3.753398,57.426688],[-3.753586,57.426602],[-3.753804,57.426506],[-3.753935,57.426436],[-3.753977,57.42639],[-3.753932,57.426371],[-3.753799,57.426376],[-3.753646,57.426398],[-3.753474,57.426435],[-3.753281,57.426488],[-3.753069,57.426558],[-3.752884,57.426604],[-3.752725,57.426627],[-3.752594,57.426627],[-3.75249,57.426604],[-3.75243,57.426569],[-3.752413,57.426524],[-3.752439,57.426468],[-3.752509,57.426401],[-3.752576,57.426325],[-3.75264,57.426241],[-3.752701,57.42615],[-3.752759,57.426049],[-3.752835,57.425951],[-3.752929,57.425853],[-3.753042,57.425757],[-3.753173,57.425662],[-3.753312,57.425603],[-3.753459,57.425581],[-3.753614,57.425596],[-3.753776,57.425647],[-3.753923,57.425652],[-3.754054,57.425611],[-3.75417,57.425523],[-3.75427,57.425388],[-3.754328,57.42523],[-3.754344,57.425049],[-3.754317,57.424845],[-3.754247,57.424617],[-3.754162,57.424416],[-3.754061,57.424243],[-3.753945,57.424097],[-3.753813,57.423978],[-3.753767,57.423887],[-3.753806,57.423823],[-3.753931,57.423786],[-3.754142,57.423777],[-3.754329,57.423778],[-3.754492,57.423788],[-3.754631,57.423809],[-3.754746,57.42384],[-3.754888,57.423843],[-3.755058,57.423818],[-3.755255,57.423767],[-3.755479,57.423688],[-3.755669,57.423615],[-3.755823,57.42355],[-3.755942,57.423491],[-3.756026,57.42344],[-3.756103,57.42338],[-3.756173,57.423313],[-3.756236,57.423238],[-3.756292,57.423155],[-3.756366,57.423066],[-3.756458,57.422971],[-3.756567,57.42287],[-3.756693,57.422762],[-3.756799,57.422665],[-3.756885,57.422577],[-3.756951,57.422498],[-3.756997,57.422429],[-3.757029,57.422339],[-3.757047,57.422228],[-3.757051,57.422096],[-3.757041,57.421943],[-3.757017,57.421806],[-3.756979,57.421684],[-3.756927,57.421577],[-3.756861,57.421486],[-3.756831,57.42139],[-3.756838,57.421291],[-3.756881,57.421189],[-3.75696,57.421082],[-3.757024,57.420977],[-3.757072,57.420873],[-3.757106,57.420772],[-3.757124,57.420671],[-3.757156,57.420588],[-3.757202,57.420521],[-3.757263,57.420471],[-3.757338,57.420437],[-3.757394,57.420382],[-3.757433,57.420305],[-3.757454,57.420207],[-3.757456,57.420087],[-3.75747,57.419987],[-3.757496,57.419908],[-3.757533,57.419848],[-3.757582,57.419809],[-3.757632,57.41974],[-3.757683,57.419643],[-3.757735,57.419517],[-3.757788,57.419362],[-3.757794,57.41923],[-3.757753,57.419121],[-3.757665,57.419035],[-3.75753,57.418972],[-3.757489,57.418904],[-3.75754,57.41883],[-3.757685,57.41875],[-3.757924,57.418665],[-3.758118,57.418569],[-3.758268,57.418461],[-3.758374,57.418342],[-3.758436,57.418212],[-3.758504,57.418102],[-3.758578,57.418013],[-3.758658,57.417945],[-3.758743,57.417897],[-3.758801,57.417845],[-3.758832,57.417789],[-3.758834,57.417727],[-3.75881,57.417661],[-3.758809,57.417601],[-3.758832,57.417545],[-3.758878,57.417494],[-3.758948,57.417448],[-3.759133,57.41756],[-3.759433,57.41783],[-3.759848,57.418258],[-3.760377,57.418843],[-3.760838,57.419344],[-3.761228,57.419761],[-3.761549,57.420092],[-3.761801,57.420339],[-3.761998,57.420577],[-3.762139,57.420806],[-3.762226,57.421026],[-3.762257,57.421236],[-3.762304,57.421419],[-3.762367,57.421575],[-3.762445,57.421704],[-3.762538,57.421805],[-3.762653,57.421905],[-3.76279,57.422004],[-3.762948,57.422102],[-3.763127,57.422199],[-3.763314,57.422222],[-3.76351,57.422171],[-3.763713,57.422047],[-3.763925,57.421849],[-3.764134,57.421728],[-3.764339,57.421683],[-3.764542,57.421714],[-3.764741,57.421821],[-3.764925,57.421906],[-3.765095,57.421967],[-3.765251,57.422005],[-3.765392,57.42202],[-3.765528,57.422046],[-3.765662,57.422083],[-3.765791,57.422132],[-3.765917,57.422191],[-3.76603,57.422261],[-3.766131,57.42234],[-3.76622,57.422429],[-3.766297,57.422527],[-3.76642,57.422638],[-3.76659,57.422762],[-3.766806,57.422897],[-3.767068,57.423045],[-3.767338,57.423194],[-3.767617,57.423344],[-3.767904,57.423495],[-3.7682,57.423648],[-3.768468,57.42378],[-3.768709,57.423892],[-3.768921,57.423983],[-3.769107,57.424053],[-3.769305,57.42413],[-3.769515,57.424215],[-3.769739,57.424307],[-3.769974,57.424406],[-3.770206,57.424509],[-3.770433,57.424616],[-3.770655,57.424726],[-3.770872,57.42484],[-3.771115,57.424993],[-3.771381,57.425185],[-3.771673,57.425416],[-3.771989,57.425686],[-3.772298,57.425922],[-3.7726,57.426123],[-3.772895,57.42629],[-3.773183,57.426422],[-3.773453,57.426568],[-3.773703,57.426727],[-3.773935,57.426901],[-3.774149,57.427088],[-3.774351,57.427226],[-3.774544,57.427314],[-3.774725,57.427354],[-3.774897,57.427344],[-3.775046,57.427365],[-3.775172,57.427416],[-3.775276,57.427497],[-3.775357,57.427608],[-3.775454,57.427696],[-3.775566,57.427761],[-3.775693,57.427804],[-3.775835,57.427823],[-3.77597,57.427906],[-3.776097,57.428053],[-3.776216,57.428264],[-3.776327,57.428538],[-3.776465,57.428779],[-3.776631,57.428986],[-3.776823,57.42916],[-3.777042,57.429299],[-3.777258,57.429434],[-3.77747,57.429566],[-3.777679,57.429694],[-3.777885,57.429817],[-3.778071,57.429943],[-3.778238,57.430071],[-3.778386,57.430201],[-3.778515,57.430332],[-3.778647,57.430449],[-3.77878,57.43055],[-3.778916,57.430636],[-3.779054,57.430707],[-3.779187,57.430746],[-3.779317,57.430751],[-3.779442,57.430724],[-3.779562,57.430665],[-3.779697,57.430604],[-3.779845,57.430544],[-3.780006,57.430483],[-3.780182,57.430422],[-3.780267,57.430362],[-3.78026,57.430302],[-3.780163,57.430244],[-3.779975,57.430187],[-3.779817,57.430121],[-3.77969,57.430047],[-3.779593,57.429964],[-3.779527,57.429873],[-3.779466,57.429776],[-3.779411,57.429672],[-3.779362,57.429563],[-3.779319,57.429448],[-3.779266,57.429339],[-3.779204,57.429237],[-3.779132,57.429141],[-3.779051,57.429051],[-3.778994,57.428963],[-3.778961,57.428877],[-3.778953,57.428792],[-3.77897,57.428709],[-3.778974,57.428626],[-3.778967,57.428543],[-3.778948,57.428461],[-3.778917,57.428379],[-3.77887,57.428302],[-3.778808,57.428232],[-3.77873,57.428168],[-3.778637,57.428109],[-3.778554,57.428042],[-3.778482,57.427966],[-3.77842,57.427882],[-3.778369,57.427789],[-3.778348,57.427701],[-3.778357,57.427619],[-3.778396,57.427542],[-3.778464,57.427471],[-3.778499,57.427393],[-3.778499,57.42731],[-3.778466,57.427221],[-3.778398,57.427125],[-3.778328,57.427029],[-3.778256,57.426932],[-3.778181,57.426834],[-3.778104,57.426735],[-3.778047,57.426635],[-3.778009,57.426534],[-3.77799,57.426433],[-3.777992,57.42633],[-3.777987,57.426234],[-3.777978,57.426145],[-3.777963,57.426064],[-3.777943,57.425989],[-3.777972,57.425944],[-3.778049,57.425929],[-3.778176,57.425945],[-3.778353,57.42599],[-3.778532,57.42603],[-3.778716,57.426064],[-3.778903,57.426093],[-3.779095,57.426115],[-3.779249,57.426149],[-3.779365,57.426195],[-3.779444,57.426252],[-3.779486,57.42632],[-3.779494,57.426395],[-3.779469,57.426477],[-3.779411,57.426565],[-3.77932,57.42666],[-3.779273,57.426773],[-3.77927,57.426904],[-3.779312,57.427052],[-3.779398,57.427219],[-3.779503,57.427344],[-3.779627,57.42743],[-3.779769,57.427474],[-3.779929,57.427479],[-3.780096,57.427463],[-3.78027,57.427428],[-3.78045,57.427373],[-3.780636,57.427298],[-3.780841,57.42724],[-3.781064,57.427199],[-3.781305,57.427176],[-3.781565,57.42717],[-3.781789,57.427169],[-3.781977,57.427172],[-3.78213,57.427181],[-3.782246,57.427194],[-3.782301,57.42724],[-3.782294,57.427317],[-3.782226,57.427427],[-3.782097,57.427569],[-3.782011,57.427696],[-3.78197,57.427807],[-3.781972,57.427903],[-3.782018,57.427983],[-3.782111,57.428061],[-3.782251,57.428136],[-3.782437,57.428209],[-3.78267,57.428278],[-3.782883,57.428355],[-3.783078,57.428439],[-3.783253,57.428531],[-3.78341,57.42863],[-3.783552,57.428723],[-3.78368,57.42881],[-3.783794,57.428891],[-3.783894,57.428966],[-3.78402,57.429043],[-3.784174,57.429123],[-3.784354,57.429206],[-3.78456,57.429291],[-3.784775,57.429371],[-3.784998,57.429446],[-3.785229,57.429516],[-3.785468,57.42958],[-3.785664,57.429642],[-3.785817,57.429701],[-3.785927,57.429756],[-3.785995,57.429809],[-3.786072,57.429866],[-3.786159,57.429927],[-3.786255,57.429993],[-3.786361,57.430063],[-3.786512,57.430154],[-3.786709,57.430266],[-3.786952,57.430399],[-3.78724,57.430552],[-3.787502,57.430687],[-3.787736,57.430803],[-3.787944,57.430901],[-3.788125,57.43098],[-3.788316,57.431067],[-3.788518,57.431161],[-3.788731,57.431263],[-3.788955,57.431372],[-3.789181,57.431476],[-3.78941,57.431576],[-3.78964,57.431671],[-3.789873,57.431762],[-3.790089,57.431845],[-3.790288,57.431921],[-3.790471,57.431988],[-3.790636,57.432047],[-3.790773,57.432109],[-3.79088,57.432172],[-3.790958,57.432238],[-3.791008,57.432305],[-3.79109,57.43236],[-3.791204,57.432401],[-3.791352,57.432429],[-3.791533,57.432445],[-3.791747,57.432496],[-3.791994,57.432583],[-3.792275,57.432706],[-3.792589,57.432865],[-3.792847,57.432947],[-3.793047,57.432952],[-3.79319,57.432879],[-3.793277,57.432729],[-3.793334,57.432591],[-3.793363,57.432466],[-3.793362,57.432354],[-3.793333,57.432255],[-3.793344,57.43218],[-3.793397,57.432129],[-3.79349,57.432103],[-3.793625,57.432102],[-3.793764,57.432037],[-3.793906,57.431909],[-3.794052,57.431717],[-3.794203,57.431462],[-3.794286,57.43125],[-3.794302,57.431081],[-3.794251,57.430956],[-3.794132,57.430875],[-3.794016,57.430819],[-3.793901,57.430788],[-3.793788,57.430783],[-3.793676,57.430803],[-3.793568,57.43078],[-3.793464,57.430714],[-3.793363,57.430605],[-3.793266,57.430453],[-3.793204,57.430325],[-3.793177,57.430221],[-3.793185,57.430141],[-3.793227,57.430085],[-3.793318,57.430073],[-3.793458,57.430106],[-3.793645,57.430182],[-3.793881,57.430303],[-3.794115,57.430389],[-3.794345,57.430442],[-3.794573,57.430461],[-3.794797,57.430445],[-3.794979,57.4304],[-3.795117,57.430323],[-3.795211,57.430216],[-3.795263,57.430078],[-3.795174,57.429927],[-3.794946,57.429763],[-3.794577,57.429586],[-3.794068,57.429396],[-3.79337,57.429156],[-3.792483,57.428867],[-3.791405,57.428529],[-3.790139,57.428141],[-3.789031,57.427811],[-3.788083,57.427539],[-3.787293,57.427325],[-3.786662,57.427169],[-3.786095,57.427038],[-3.78559,57.426933],[-3.785149,57.426854],[-3.784771,57.4268],[-3.784471,57.426772],[-3.784248,57.426772],[-3.784104,57.426799],[-3.784037,57.426854],[-3.783973,57.426874],[-3.783912,57.426861],[-3.783855,57.426815],[-3.783801,57.426735],[-3.783728,57.426668],[-3.783636,57.426614],[-3.783525,57.426572],[-3.783395,57.426543],[-3.783273,57.426497],[-3.783158,57.426434],[-3.78305,57.426355],[-3.782951,57.426258],[-3.782813,57.426167],[-3.782637,57.426081],[-3.782424,57.426],[-3.782173,57.425923],[-3.781943,57.425844],[-3.781733,57.425761],[-3.781543,57.425676],[-3.781375,57.425586],[-3.781185,57.425513],[-3.780972,57.425457],[-3.780739,57.425416],[-3.780483,57.425392],[-3.780282,57.425373],[-3.780134,57.425361],[-3.78004,57.425355],[-3.780001,57.425355],[-3.779951,57.425377],[-3.779893,57.425422],[-3.779825,57.425489],[-3.779747,57.425578],[-3.779663,57.425625],[-3.779573,57.425628],[-3.779476,57.425588],[-3.779374,57.425504],[-3.779251,57.425417],[-3.779109,57.425325],[-3.778948,57.425229],[-3.778767,57.425128],[-3.77861,57.425043],[-3.778477,57.424974],[-3.778367,57.42492],[-3.778281,57.424882],[-3.778212,57.424828],[-3.778158,57.424759],[-3.77812,57.424675],[-3.778098,57.424574],[-3.777976,57.424462],[-3.777755,57.424338],[-3.777434,57.424202],[-3.777012,57.424054],[-3.776657,57.423927],[-3.776367,57.42382],[-3.776142,57.423735],[-3.775983,57.423671],[-3.77581,57.423612],[-3.775623,57.423559],[-3.775422,57.423512],[-3.775208,57.42347],[-3.775011,57.423412],[-3.774832,57.423336],[-3.77467,57.423244],[-3.774526,57.423136],[-3.774345,57.42304],[-3.774128,57.422959],[-3.773874,57.42289],[-3.773583,57.422835],[-3.773306,57.422764],[-3.773043,57.422676],[-3.772793,57.422572],[-3.772557,57.422452],[-3.772319,57.422358],[-3.77208,57.422291],[-3.771838,57.422252],[-3.771595,57.422239],[-3.771355,57.422223],[-3.771118,57.422206],[-3.770884,57.422185],[-3.770653,57.422163],[-3.770405,57.422122],[-3.77014,57.422062],[-3.769859,57.421983],[-3.76956,57.421887],[-3.769224,57.421797],[-3.768852,57.421714],[-3.768442,57.421639],[-3.767995,57.42157],[-3.767617,57.421503],[-3.767306,57.421438],[-3.767063,57.421374],[-3.766889,57.421311],[-3.766778,57.421218],[-3.766732,57.421094],[-3.76675,57.420941],[-3.766832,57.420757],[-3.766931,57.420566],[-3.767047,57.420367],[-3.76718,57.420162],[-3.767331,57.41995],[-3.767422,57.419775],[-3.767454,57.419639],[-3.767428,57.419542],[-3.767342,57.419482],[-3.767252,57.419429],[-3.767159,57.419381],[-3.767062,57.419339],[-3.76696,57.419302],[-3.766829,57.419279],[-3.766666,57.419268],[-3.766472,57.41927],[-3.766247,57.419285],[-3.766059,57.419277],[-3.765909,57.419246],[-3.765795,57.419192],[-3.765718,57.419115],[-3.7657,57.419025],[-3.765741,57.418922],[-3.765841,57.418807],[-3.765999,57.418679],[-3.76615,57.418599],[-3.766293,57.418567],[-3.766428,57.418582],[-3.766555,57.418646],[-3.766654,57.418639],[-3.766724,57.418561],[-3.766765,57.418412],[-3.766778,57.418193],[-3.766765,57.418032],[-3.766727,57.417929],[-3.766662,57.417884],[-3.766572,57.417898],[-3.766465,57.417924],[-3.76634,57.417963],[-3.766199,57.418014],[-3.76604,57.418078],[-3.765896,57.418113],[-3.765767,57.418118],[-3.765652,57.418093],[-3.765553,57.41804],[-3.765502,57.417983],[-3.765499,57.417923],[-3.765545,57.417861],[-3.76564,57.417795],[-3.765738,57.417704],[-3.765841,57.417586],[-3.765948,57.417442],[-3.766059,57.417272],[-3.766106,57.417133],[-3.766089,57.417023],[-3.766007,57.416944],[-3.765862,57.416895],[-3.76575,57.416835],[-3.765671,57.416762],[-3.765625,57.416677],[-3.765612,57.41658],[-3.765693,57.416546],[-3.765866,57.416574],[-3.766133,57.416666],[-3.766493,57.41682],[-3.766827,57.416954],[-3.767136,57.417067],[-3.767418,57.417159],[-3.767676,57.41723],[-3.767861,57.417265],[-3.767976,57.417264],[-3.76802,57.417226],[-3.767992,57.417152],[-3.768032,57.417107],[-3.768142,57.417091],[-3.76832,57.417105],[-3.768566,57.417147],[-3.768748,57.417161],[-3.768865,57.417147],[-3.768919,57.417104],[-3.768908,57.417032],[-3.768969,57.416968],[-3.769103,57.416911],[-3.769309,57.416862],[-3.769587,57.41682],[-3.769763,57.416772],[-3.769839,57.416719],[-3.769813,57.416661],[-3.769686,57.416597],[-3.769583,57.41652],[-3.769505,57.416427],[-3.769451,57.416321],[-3.769421,57.4162],[-3.769465,57.416136],[-3.769582,57.416131],[-3.769772,57.416182],[-3.770036,57.416291],[-3.770259,57.416362],[-3.770441,57.416394],[-3.770584,57.416387],[-3.770686,57.416342],[-3.77071,57.416278],[-3.770654,57.416194],[-3.77052,57.416091],[-3.770307,57.415968],[-3.770142,57.415851],[-3.770026,57.415742],[-3.769957,57.415639],[-3.769937,57.415543],[-3.769993,57.415502],[-3.770125,57.415515],[-3.770334,57.415584],[-3.770619,57.415708],[-3.770852,57.415789],[-3.771033,57.415828],[-3.771163,57.415824],[-3.77124,57.415777],[-3.771323,57.415696],[-3.771411,57.41558],[-3.771503,57.415429],[-3.7716,57.415244],[-3.771711,57.415095],[-3.771836,57.414984],[-3.771975,57.414909],[-3.772127,57.414872],[-3.772266,57.414818],[-3.772391,57.41475],[-3.772503,57.414665],[-3.7726,57.414565],[-3.772689,57.414468],[-3.772769,57.414374],[-3.77284,57.414283],[-3.772902,57.414196],[-3.772905,57.414125],[-3.772849,57.414071],[-3.772734,57.414034],[-3.77256,57.414014],[-3.772444,57.413969],[-3.772386,57.4139],[-3.772387,57.413807],[-3.772446,57.41369],[-3.772593,57.413557],[-3.772827,57.413408],[-3.773148,57.413244],[-3.773557,57.413064],[-3.77386,57.412888],[-3.774057,57.412715],[-3.774149,57.412546],[-3.774134,57.412381],[-3.774159,57.41224],[-3.774222,57.412122],[-3.774323,57.412028],[-3.774464,57.411957],[-3.774564,57.411882],[-3.774625,57.4118],[-3.774646,57.411714],[-3.774627,57.411622],[-3.774559,57.411556],[-3.774441,57.411517],[-3.774274,57.411505],[-3.774057,57.411519],[-3.773828,57.411523],[-3.773587,57.411516],[-3.773334,57.411499],[-3.77307,57.411472],[-3.77292,57.411437],[-3.772885,57.411396],[-3.772964,57.411348],[-3.773158,57.411293],[-3.773359,57.411258],[-3.773568,57.411243],[-3.773784,57.411247],[-3.774007,57.41127],[-3.774216,57.411282],[-3.774411,57.411283],[-3.774592,57.411273],[-3.774758,57.411251],[-3.774895,57.411214],[-3.775003,57.411162],[-3.775081,57.411095],[-3.775129,57.411013],[-3.775158,57.410931],[-3.775167,57.410849],[-3.775156,57.410766],[-3.775125,57.410684],[-3.77512,57.410598],[-3.775142,57.410508],[-3.77519,57.410414],[-3.775265,57.410317],[-3.77531,57.41022],[-3.775326,57.410124],[-3.775312,57.41003],[-3.775269,57.409936],[-3.775189,57.40986],[-3.775071,57.409802],[-3.774917,57.409761],[-3.774726,57.409739],[-3.774553,57.409712],[-3.774399,57.409681],[-3.774263,57.409646],[-3.774145,57.409607],[-3.774017,57.409574],[-3.773879,57.409546],[-3.773732,57.409523],[-3.773574,57.409505],[-3.773363,57.409462],[-3.773099,57.409394],[-3.772782,57.4093],[-3.772412,57.409181],[-3.772147,57.409078],[-3.771988,57.408992],[-3.771934,57.408923],[-3.771986,57.408871],[-3.772085,57.408854],[-3.772231,57.408873],[-3.772424,57.408927],[-3.772664,57.409017],[-3.772939,57.409061],[-3.773247,57.409059],[-3.77359,57.40901],[-3.773968,57.408914],[-3.774234,57.408868],[-3.77439,57.408871],[-3.774435,57.408923],[-3.77437,57.409024],[-3.774351,57.409104],[-3.774377,57.409163],[-3.774449,57.409201],[-3.774567,57.409219],[-3.774677,57.409212],[-3.774781,57.409182],[-3.774878,57.409128],[-3.774968,57.40905],[-3.775049,57.408966],[-3.775122,57.408875],[-3.775187,57.408777],[-3.775243,57.408673],[-3.775352,57.408598],[-3.775514,57.408553],[-3.775728,57.408538],[-3.775996,57.408553],[-3.776157,57.408596],[-3.776212,57.408667],[-3.77616,57.408767],[-3.776001,57.408894],[-3.775902,57.408996],[-3.775863,57.40907],[-3.775883,57.409119],[-3.775963,57.40914],[-3.776015,57.409178],[-3.776039,57.409233],[-3.776037,57.409305],[-3.776006,57.409394],[-3.776031,57.409475],[-3.77611,57.409548],[-3.776243,57.409613],[-3.776432,57.40967],[-3.776584,57.409744],[-3.776702,57.409834],[-3.776784,57.409941],[-3.77683,57.410064],[-3.776879,57.410167],[-3.776929,57.410249],[-3.776982,57.410311],[-3.777037,57.410352],[-3.777065,57.410399],[-3.777065,57.410453],[-3.777038,57.410512],[-3.776983,57.410578],[-3.776942,57.41067],[-3.776915,57.410788],[-3.776902,57.410933],[-3.776903,57.411104],[-3.776941,57.411258],[-3.777017,57.411395],[-3.777129,57.411516],[-3.77728,57.41162],[-3.77741,57.411733],[-3.777519,57.411857],[-3.777609,57.411989],[-3.777678,57.412132],[-3.777741,57.412292],[-3.777796,57.41247],[-3.777843,57.412666],[-3.777884,57.41288],[-3.777947,57.413032],[-3.778033,57.413124],[-3.778142,57.413154],[-3.778273,57.413123],[-3.778392,57.413121],[-3.778497,57.413148],[-3.77859,57.413205],[-3.77867,57.413291],[-3.77872,57.41337],[-3.778739,57.413443],[-3.778728,57.413509],[-3.778687,57.413569],[-3.778717,57.413636],[-3.778816,57.413711],[-3.778986,57.413794],[-3.779227,57.413884],[-3.779408,57.413964],[-3.77953,57.414035],[-3.779592,57.414095],[-3.779595,57.414146],[-3.779572,57.414231],[-3.779521,57.41435],[-3.779443,57.414502],[-3.779339,57.414689],[-3.779249,57.414808],[-3.779173,57.414861],[-3.779112,57.414847],[-3.779066,57.414767],[-3.779005,57.414683],[-3.778929,57.414597],[-3.778838,57.414508],[-3.778732,57.414417],[-3.778638,57.414373],[-3.778556,57.414378],[-3.778487,57.41443],[-3.778429,57.41453],[-3.778411,57.414635],[-3.778432,57.414744],[-3.778492,57.414857],[-3.778592,57.414975],[-3.778718,57.415076],[-3.778869,57.41516],[-3.779045,57.415228],[-3.779247,57.41528],[-3.779424,57.415317],[-3.779575,57.415339],[-3.779701,57.415347],[-3.779802,57.415341],[-3.779899,57.415329],[-3.779991,57.41531],[-3.78008,57.415286],[-3.780163,57.415256],[-3.780221,57.415267],[-3.780253,57.415319],[-3.780258,57.415413],[-3.780237,57.415547],[-3.780265,57.415662],[-3.78034,57.415757],[-3.780463,57.415831],[-3.780635,57.415886],[-3.780805,57.415939],[-3.780975,57.415989],[-3.781144,57.416038],[-3.781313,57.416084],[-3.781425,57.416146],[-3.781482,57.416223],[-3.781484,57.416316],[-3.781429,57.416424],[-3.781344,57.416531],[-3.781228,57.416635],[-3.781082,57.416737],[-3.780905,57.416837],[-3.780744,57.416906],[-3.7806,57.416945],[-3.780472,57.416953],[-3.78036,57.41693],[-3.780263,57.416952],[-3.780181,57.417019],[-3.780113,57.41713],[-3.78006,57.417285],[-3.78001,57.41742],[-3.779961,57.417534],[-3.779915,57.417627],[-3.779871,57.4177],[-3.779817,57.417778],[-3.779752,57.417859],[-3.779677,57.417945],[-3.779592,57.418035],[-3.779493,57.418083],[-3.77938,57.418089],[-3.779253,57.418052],[-3.779112,57.417973],[-3.77901,57.417878],[-3.778949,57.417767],[-3.778927,57.41764],[-3.778944,57.417497],[-3.778932,57.417369],[-3.77889,57.417255],[-3.778817,57.417157],[-3.778714,57.417074],[-3.778624,57.416982],[-3.778546,57.416881],[-3.778481,57.416772],[-3.778429,57.416653],[-3.778372,57.416539],[-3.778311,57.41643],[-3.778246,57.416326],[-3.778177,57.416226],[-3.778092,57.416154],[-3.777992,57.416109],[-3.777876,57.416091],[-3.777745,57.416101],[-3.777673,57.416138],[-3.777662,57.416204],[-3.777711,57.416297],[-3.77782,57.416418],[-3.77789,57.416531],[-3.777922,57.416637],[-3.777915,57.416735],[-3.77787,57.416825],[-3.777809,57.416879],[-3.777731,57.416895],[-3.777639,57.416875],[-3.77753,57.416818],[-3.777411,57.416756],[-3.777282,57.416688],[-3.777144,57.416615],[-3.776995,57.416537],[-3.776836,57.416521],[-3.776666,57.416566],[-3.776486,57.416674],[-3.776296,57.416844],[-3.776267,57.417041],[-3.776399,57.417267],[-3.776693,57.41752],[-3.777149,57.417801],[-3.777537,57.418016],[-3.777859,57.418164],[-3.778114,57.418245],[-3.778302,57.418259],[-3.778437,57.41825],[-3.778521,57.418218],[-3.778551,57.418162],[-3.77853,57.418083],[-3.778526,57.418027],[-3.778541,57.417993],[-3.778575,57.417982],[-3.778627,57.417994],[-3.77872,57.418035],[-3.778854,57.418107],[-3.779029,57.418208],[-3.779245,57.418339],[-3.779488,57.418494],[-3.779758,57.418673],[-3.780055,57.418876],[-3.780379,57.419103],[-3.780663,57.419295],[-3.780909,57.419453],[-3.781117,57.419576],[-3.781285,57.419666],[-3.781426,57.419761],[-3.78154,57.419862],[-3.781626,57.41997],[-3.781685,57.420083],[-3.781753,57.420196],[-3.78183,57.420307],[-3.781918,57.420418],[-3.782014,57.420527],[-3.782108,57.420579],[-3.782197,57.420574],[-3.782283,57.420512],[-3.782365,57.420392],[-3.782455,57.420305],[-3.782555,57.420252],[-3.782662,57.420232],[-3.782779,57.420246],[-3.782896,57.420262],[-3.783015,57.420282],[-3.783134,57.420304],[-3.783255,57.42033],[-3.783341,57.420363],[-3.783392,57.420402],[-3.783407,57.420449],[-3.783387,57.420502],[-3.78334,57.42055],[-3.783264,57.420592],[-3.783161,57.420629],[-3.78303,57.42066],[-3.782929,57.420703],[-3.782859,57.42076],[-3.782819,57.420829],[-3.78281,57.420911],[-3.782794,57.420999],[-3.782769,57.421091],[-3.782736,57.421189],[-3.782695,57.421291],[-3.78266,57.421394],[-3.782632,57.421498],[-3.782609,57.421602],[-3.782593,57.421706],[-3.782562,57.421787],[-3.782516,57.421846],[-3.782456,57.421881],[-3.782381,57.421893],[-3.782346,57.421969],[-3.782352,57.42211],[-3.782397,57.422315],[-3.782482,57.422584],[-3.782562,57.422822],[-3.782636,57.42303],[-3.782705,57.423208],[-3.782768,57.423355],[-3.782854,57.423487],[-3.782961,57.423604],[-3.783091,57.423706],[-3.783243,57.423793],[-3.783364,57.423836],[-3.783456,57.423837],[-3.783518,57.423796],[-3.78355,57.423711],[-3.783612,57.42365],[-3.783705,57.423612],[-3.783829,57.423598],[-3.783983,57.423608],[-3.784125,57.423556],[-3.784254,57.423444],[-3.78437,57.423272],[-3.784473,57.423039],[-3.784582,57.422839],[-3.784698,57.422673],[-3.784821,57.42254],[-3.784951,57.422441],[-3.785102,57.422325],[-3.785275,57.422194],[-3.78547,57.422046],[-3.785686,57.421882],[-3.785884,57.421715],[-3.786062,57.421544],[-3.786221,57.421371],[-3.786361,57.421193],[-3.78646,57.42103],[-3.786519,57.420881],[-3.786537,57.420745],[-3.786516,57.420623],[-3.786465,57.420532],[-3.786387,57.420472],[-3.786281,57.420443],[-3.786146,57.420444],[-3.786019,57.420469],[-3.785898,57.420518],[-3.785785,57.420591],[-3.785678,57.420688],[-3.785558,57.420812],[-3.785424,57.420963],[-3.785276,57.421141],[-3.785115,57.421346],[-3.784976,57.421509],[-3.784859,57.421631],[-3.784763,57.42171],[-3.78469,57.421748],[-3.784605,57.421796],[-3.784508,57.421856],[-3.7844,57.421926],[-3.784279,57.422007],[-3.784163,57.422077],[-3.78405,57.422136],[-3.783941,57.422184],[-3.783835,57.422221],[-3.783723,57.422266],[-3.783604,57.422319],[-3.783478,57.42238],[-3.783345,57.42245],[-3.783225,57.422495],[-3.783117,57.422514],[-3.783022,57.42251],[-3.78294,57.42248],[-3.782908,57.422439],[-3.782929,57.422388],[-3.783001,57.422326],[-3.783124,57.422253],[-3.783252,57.422171],[-3.783385,57.42208],[-3.783522,57.42198],[-3.783664,57.421871],[-3.783795,57.421761],[-3.783916,57.42165],[-3.784027,57.421538],[-3.784128,57.421425],[-3.784185,57.42133],[-3.7842,57.421253],[-3.784173,57.421195],[-3.784102,57.421156],[-3.784076,57.421054],[-3.784093,57.420889],[-3.784155,57.420663],[-3.784261,57.420374],[-3.784291,57.42016],[-3.784247,57.420021],[-3.784128,57.419958],[-3.783934,57.41997],[-3.783813,57.419965],[-3.783766,57.419945],[-3.783792,57.419908],[-3.783891,57.419855],[-3.783946,57.419805],[-3.783956,57.419759],[-3.783922,57.419717],[-3.783844,57.419678],[-3.783763,57.419642],[-3.783679,57.419608],[-3.783591,57.419576],[-3.783501,57.419547],[-3.783435,57.419508],[-3.783392,57.419459],[-3.783374,57.4194],[-3.78338,57.419331],[-3.783438,57.419242],[-3.783547,57.419132],[-3.783709,57.419002],[-3.783922,57.418851],[-3.784105,57.418724],[-3.784257,57.41862],[-3.784377,57.41854],[-3.784467,57.418483],[-3.784585,57.418422],[-3.784731,57.418355],[-3.784904,57.418283],[-3.785106,57.418207],[-3.785281,57.418117],[-3.785428,57.418013],[-3.785549,57.417897],[-3.785644,57.417767],[-3.785719,57.417656],[-3.785775,57.417562],[-3.785812,57.417486],[-3.78583,57.417429],[-3.785857,57.417358],[-3.785893,57.417273],[-3.785937,57.417174],[-3.78599,57.417061],[-3.786021,57.416975],[-3.78603,57.416914],[-3.786017,57.416879],[-3.785981,57.41687],[-3.785928,57.416876],[-3.785856,57.416896],[-3.785766,57.416931],[-3.785658,57.416981],[-3.785587,57.416993],[-3.785553,57.416966],[-3.785557,57.416902],[-3.785597,57.416799],[-3.785676,57.416698],[-3.785794,57.416598],[-3.785949,57.416499],[-3.786143,57.416402],[-3.786307,57.416314],[-3.78644,57.416236],[-3.786543,57.416167],[-3.786616,57.416108],[-3.786673,57.416036],[-3.786712,57.415951],[-3.786735,57.415852],[-3.78674,57.41574],[-3.786753,57.41561],[-3.786772,57.41546],[-3.786798,57.415292],[-3.786831,57.415104],[-3.786881,57.414947],[-3.786948,57.41482],[-3.787033,57.414724],[-3.787135,57.414657],[-3.787222,57.414577],[-3.787293,57.414482],[-3.787349,57.414372],[-3.78739,57.414248],[-3.787397,57.414145],[-3.78737,57.414062],[-3.787309,57.414],[-3.787214,57.413959],[-3.787135,57.413914],[-3.787073,57.413864],[-3.787028,57.413812],[-3.786998,57.413755],[-3.786946,57.413695],[-3.786871,57.413632],[-3.786773,57.413567],[-3.786652,57.413498],[-3.786563,57.413417],[-3.786508,57.413322],[-3.786485,57.413215],[-3.786495,57.413094],[-3.786542,57.412981],[-3.786626,57.412876],[-3.786746,57.412779],[-3.786903,57.412689],[-3.787062,57.412584],[-3.787223,57.412462],[-3.787386,57.412324],[-3.78755,57.41217],[-3.787698,57.412068],[-3.78783,57.412018],[-3.787946,57.412019],[-3.788046,57.412073],[-3.78816,57.412091],[-3.788288,57.412073],[-3.788431,57.41202],[-3.788588,57.41193],[-3.788773,57.411827],[-3.788988,57.411711],[-3.78923,57.41158],[-3.789502,57.411436],[-3.789712,57.411292],[-3.78986,57.411148],[-3.789947,57.411004],[-3.789972,57.410861],[-3.789999,57.410735],[-3.790026,57.410627],[-3.790054,57.410538],[-3.790082,57.410466],[-3.790145,57.41038],[-3.790242,57.410277],[-3.790372,57.41016],[-3.790537,57.410027],[-3.790671,57.409894],[-3.790776,57.409761],[-3.790851,57.409628],[-3.790896,57.409495],[-3.790923,57.409361],[-3.790932,57.409225],[-3.790922,57.409089],[-3.790894,57.40895],[-3.79089,57.408819],[-3.790911,57.408695],[-3.790957,57.408578],[-3.791026,57.408468],[-3.791076,57.408369],[-3.791106,57.40828],[-3.791117,57.408202],[-3.791107,57.408135],[-3.791123,57.408082],[-3.791164,57.408043],[-3.791231,57.408019],[-3.791322,57.40801],[-3.791398,57.407947],[-3.791458,57.407832],[-3.791502,57.407663],[-3.79153,57.407442],[-3.791582,57.407268],[-3.791657,57.40714],[-3.791755,57.40706],[-3.791877,57.407025],[-3.792,57.40695],[-3.792123,57.406835],[-3.792247,57.406678],[-3.792372,57.406481],[-3.792516,57.406316],[-3.792681,57.406184],[-3.792865,57.406083],[-3.79307,57.406014],[-3.79323,57.405928],[-3.793345,57.405824],[-3.793417,57.405702],[-3.793443,57.405562],[-3.793479,57.405367],[-3.793524,57.405117],[-3.793578,57.404811],[-3.79364,57.404449],[-3.793667,57.404145],[-3.793657,57.403898],[-3.793612,57.403708],[-3.79353,57.403576],[-3.793509,57.403473],[-3.793549,57.4034],[-3.79365,57.403358],[-3.793812,57.403345],[-3.793927,57.403316],[-3.793993,57.40327],[-3.794011,57.403208],[-3.793982,57.40313],[-3.793999,57.40306],[-3.794063,57.402998],[-3.794174,57.402943],[-3.794331,57.402897],[-3.794478,57.402819],[-3.794616,57.402711],[-3.794744,57.402571],[-3.794863,57.4024],[-3.79496,57.402238],[-3.795038,57.402085],[-3.795094,57.40194],[-3.79513,57.401803],[-3.795145,57.40168],[-3.79514,57.401569],[-3.795113,57.401472],[-3.795065,57.401387],[-3.79503,57.401308],[-3.795006,57.401236],[-3.794995,57.40117],[-3.794997,57.40111],[-3.795027,57.401059],[-3.795087,57.401019],[-3.795177,57.400988],[-3.795296,57.400967],[-3.795422,57.400883],[-3.795553,57.400737],[-3.795691,57.400528],[-3.795835,57.400256],[-3.795968,57.400003],[-3.796091,57.39977],[-3.796203,57.399556],[-3.796304,57.399362],[-3.796383,57.399186],[-3.796439,57.399028],[-3.796472,57.398889],[-3.796482,57.398768],[-3.796464,57.398662],[-3.796418,57.398571],[-3.796343,57.398494],[-3.79624,57.398432],[-3.79617,57.398336],[-3.796133,57.398205],[-3.796129,57.39804],[-3.796157,57.39784],[-3.796187,57.397647],[-3.79622,57.397459],[-3.796255,57.397278],[-3.796292,57.397103],[-3.796304,57.396908],[-3.79629,57.396691],[-3.79625,57.396454],[-3.796185,57.396195],[-3.796119,57.395934],[-3.796051,57.39567],[-3.795982,57.395402],[-3.795912,57.395132],[-3.79586,57.394894],[-3.795826,57.394688],[-3.795811,57.394514],[-3.795813,57.394373],[-3.795796,57.394254],[-3.79576,57.394157],[-3.795704,57.394083],[-3.795629,57.394031],[-3.795567,57.393961],[-3.795519,57.393875],[-3.795483,57.39377],[-3.795461,57.393649],[-3.795415,57.393536],[-3.795344,57.393432],[-3.795249,57.393338],[-3.79513,57.393252],[-3.795074,57.393157],[-3.795083,57.393054],[-3.795156,57.392941],[-3.795293,57.39282],[-3.795419,57.392687],[-3.795535,57.392542],[-3.795641,57.392385],[-3.795737,57.392217],[-3.795825,57.39206],[-3.795905,57.391915],[-3.795978,57.391781],[-3.796043,57.391659],[-3.796095,57.391524],[-3.796135,57.391377],[-3.796162,57.391217],[-3.796177,57.391044],[-3.796222,57.390874],[-3.796298,57.390705],[-3.796404,57.390539],[-3.79654,57.390375],[-3.79664,57.390238],[-3.796702,57.390129],[-3.796727,57.390047],[-3.796714,57.389993],[-3.796728,57.389934],[-3.796767,57.38987],[-3.796833,57.389801],[-3.796924,57.389727],[-3.79699,57.38966],[-3.797031,57.389601],[-3.797047,57.389548],[-3.797038,57.389502],[-3.797039,57.389316],[-3.797052,57.388992],[-3.797077,57.388529],[-3.797112,57.387927],[-3.797094,57.387445],[-3.797022,57.387085],[-3.796896,57.386846],[-3.796717,57.386728],[-3.7966,57.386624],[-3.796547,57.386534],[-3.796555,57.386457],[-3.796627,57.386394],[-3.7967,57.386303],[-3.796774,57.386184],[-3.79685,57.386037],[-3.796927,57.385862],[-3.796997,57.385705],[-3.79706,57.385566],[-3.797115,57.385444],[-3.797164,57.385341],[-3.797209,57.385239],[-3.79725,57.385138],[-3.797288,57.385039],[-3.797323,57.384941],[-3.797344,57.38484],[-3.797352,57.384734],[-3.797347,57.384624],[-3.797328,57.384511],[-3.797326,57.384396],[-3.797342,57.384279],[-3.797374,57.38416],[-3.797424,57.384039],[-3.797488,57.383902],[-3.797565,57.383748],[-3.797656,57.383578],[-3.79776,57.383392],[-3.797812,57.383233],[-3.797809,57.3831],[-3.797754,57.382995],[-3.797645,57.382917],[-3.797549,57.382841],[-3.797467,57.382769],[-3.797397,57.382699],[-3.79734,57.382633],[-3.797304,57.382557],[-3.797288,57.382474],[-3.797293,57.382381],[-3.797318,57.38228],[-3.797375,57.38214],[-3.797463,57.381962],[-3.797582,57.381746],[-3.797732,57.38149],[-3.79789,57.381214],[-3.798056,57.380916],[-3.79823,57.380598],[-3.798411,57.380258],[-3.798583,57.37998],[-3.798743,57.379764],[-3.798894,57.37961],[-3.799034,57.379518],[-3.79914,57.379383],[-3.799212,57.379205],[-3.799249,57.378983],[-3.799253,57.378717],[-3.799252,57.378495],[-3.799248,57.378316],[-3.799241,57.37818],[-3.79923,57.378087],[-3.799246,57.377972],[-3.79929,57.377835],[-3.799361,57.377675],[-3.799459,57.377494],[-3.799615,57.377237],[-3.799827,57.376904],[-3.800096,57.376497],[-3.800422,57.376013],[-3.800654,57.375579],[-3.800791,57.375195],[-3.800834,57.37486],[-3.800782,57.374575],[-3.800731,57.374281],[-3.800681,57.373978],[-3.800631,57.373667],[-3.800582,57.373347],[-3.800522,57.373002],[-3.80045,57.372631],[-3.800367,57.372235],[-3.800272,57.371813],[-3.800222,57.371475],[-3.800218,57.371221],[-3.800259,57.371051],[-3.800346,57.370965],[-3.800454,57.370868],[-3.800584,57.37076],[-3.800736,57.370642],[-3.800909,57.370512],[-3.801043,57.370392],[-3.801136,57.370282],[-3.801189,57.370181],[-3.801203,57.37009],[-3.801235,57.370008],[-3.801287,57.369934],[-3.801357,57.369868],[-3.801447,57.369812],[-3.801488,57.369756],[-3.801479,57.369702],[-3.801421,57.369648],[-3.801314,57.369595],[-3.801248,57.369535],[-3.801222,57.369467],[-3.801238,57.369392],[-3.801294,57.369309],[-3.801391,57.369213],[-3.801528,57.369104],[-3.801707,57.368983],[-3.801926,57.368848],[-3.802113,57.368724],[-3.802268,57.368609],[-3.802392,57.368504],[-3.802483,57.368409],[-3.802568,57.368273],[-3.802649,57.368095],[-3.802723,57.367877],[-3.802792,57.367617],[-3.802818,57.367412],[-3.8028,57.367259],[-3.80274,57.367161],[-3.802636,57.367117],[-3.802565,57.367017],[-3.802526,57.366863],[-3.802521,57.366654],[-3.802549,57.36639],[-3.8026,57.366115],[-3.802675,57.36583],[-3.802774,57.365533],[-3.802896,57.365225],[-3.803013,57.364965],[-3.803123,57.364752],[-3.803228,57.364587],[-3.803326,57.36447],[-3.803406,57.364354],[-3.803467,57.364241],[-3.803508,57.36413],[-3.80353,57.36402],[-3.803528,57.363919],[-3.803501,57.363826],[-3.803449,57.36374],[-3.803372,57.363663],[-3.803378,57.363583],[-3.803466,57.363501],[-3.803637,57.363417],[-3.80389,57.36333],[-3.804079,57.363237],[-3.804203,57.363136],[-3.804264,57.363028],[-3.80426,57.362913],[-3.804257,57.362809],[-3.804254,57.362718],[-3.804252,57.362638],[-3.80425,57.36257],[-3.804228,57.36251],[-3.804185,57.362459],[-3.804121,57.362417],[-3.804037,57.362383],[-3.803976,57.362336],[-3.803938,57.362276],[-3.803922,57.362202],[-3.803929,57.362116],[-3.803907,57.362014],[-3.803854,57.361895],[-3.803772,57.361761],[-3.80366,57.36161],[-3.803548,57.361461],[-3.803437,57.361312],[-3.803326,57.361165],[-3.803215,57.361018],[-3.803138,57.360888],[-3.803096,57.360775],[-3.803087,57.360679],[-3.803113,57.360599],[-3.803161,57.360485],[-3.803232,57.360336],[-3.803326,57.360153],[-3.803443,57.359936],[-3.803527,57.359754],[-3.803579,57.359607],[-3.803599,57.359496],[-3.803586,57.35942],[-3.803537,57.359369],[-3.803451,57.359341],[-3.803329,57.359338],[-3.803171,57.359359],[-3.80304,57.359366],[-3.802938,57.359357],[-3.802864,57.359334],[-3.802818,57.359296],[-3.802796,57.359249],[-3.802799,57.359194],[-3.802826,57.359129],[-3.802878,57.359055],[-3.802925,57.35898],[-3.802968,57.358905],[-3.803007,57.358829],[-3.803042,57.358753],[-3.803107,57.358667],[-3.803202,57.358572],[-3.803327,57.358466],[-3.803482,57.358352],[-3.803603,57.358241],[-3.803689,57.358133],[-3.803741,57.358029],[-3.803759,57.357929],[-3.803787,57.357823],[-3.803825,57.357713],[-3.803872,57.357596],[-3.80393,57.357475],[-3.803958,57.357333],[-3.803956,57.357171],[-3.803925,57.356988],[-3.803865,57.356785],[-3.803815,57.35659],[-3.803777,57.356404],[-3.80375,57.356226],[-3.803734,57.356057],[-3.803707,57.355912],[-3.80367,57.355792],[-3.803622,57.355697],[-3.803564,57.355626],[-3.803551,57.355565],[-3.803584,57.355515],[-3.803662,57.355474],[-3.803785,57.355444],[-3.803889,57.355395],[-3.803975,57.355326],[-3.804041,57.355238],[-3.804087,57.35513],[-3.804177,57.35502],[-3.804309,57.354908],[-3.804484,57.354793],[-3.804702,57.354676],[-3.804894,57.35458],[-3.80506,57.354504],[-3.8052,57.35445],[-3.805314,57.354417],[-3.805433,57.354341],[-3.805555,57.354223],[-3.805681,57.354064],[-3.805812,57.353862],[-3.80591,57.35369],[-3.805975,57.353548],[-3.806009,57.353437],[-3.80601,57.353355],[-3.805938,57.353291],[-3.805794,57.353245],[-3.805577,57.353215],[-3.805287,57.353203],[-3.805084,57.353186],[-3.804969,57.353164],[-3.804941,57.353137],[-3.805,57.353105],[-3.805099,57.353078],[-3.805237,57.353054],[-3.805414,57.353036],[-3.805631,57.353021],[-3.805834,57.352988],[-3.806025,57.352936],[-3.806202,57.352865],[-3.806367,57.352775],[-3.8065,57.352687],[-3.806603,57.352601],[-3.806675,57.352518],[-3.806715,57.352436],[-3.80678,57.352323],[-3.806868,57.352176],[-3.806979,57.351998],[-3.807114,57.351787],[-3.807208,57.351605],[-3.807261,57.351452],[-3.807274,57.351327],[-3.807246,57.351232],[-3.807183,57.351154],[-3.807085,57.351094],[-3.806952,57.351051],[-3.806784,57.351027],[-3.806658,57.350992],[-3.806574,57.350947],[-3.806532,57.350893],[-3.806532,57.350829],[-3.806497,57.35078],[-3.806429,57.350747],[-3.806327,57.350729],[-3.806191,57.350726],[-3.80608,57.350713],[-3.805992,57.35069],[-3.805928,57.350657],[-3.805888,57.350615],[-3.805828,57.350577],[-3.805749,57.350545],[-3.805649,57.350518],[-3.80553,57.350496],[-3.805443,57.350464],[-3.805387,57.350421],[-3.805363,57.350367],[-3.80537,57.350302],[-3.805376,57.350228],[-3.805381,57.350147],[-3.805385,57.350056],[-3.805387,57.349958],[-3.805387,57.349855],[-3.805382,57.349749],[-3.805374,57.349639],[-3.805363,57.349524],[-3.805417,57.349434],[-3.805535,57.349368],[-3.805717,57.349326],[-3.805964,57.349309],[-3.806181,57.349279],[-3.806367,57.349235],[-3.806522,57.349179],[-3.806647,57.349111],[-3.806772,57.349074],[-3.806897,57.349069],[-3.807022,57.349096],[-3.807148,57.349156],[-3.807281,57.349157],[-3.807422,57.349099],[-3.807571,57.348983],[-3.807727,57.348808],[-3.807891,57.348691],[-3.808063,57.348633],[-3.808243,57.348632],[-3.808431,57.348689],[-3.808601,57.348713],[-3.808753,57.348706],[-3.808887,57.348666],[-3.809002,57.348594],[-3.809103,57.348504],[-3.80919,57.348397],[-3.809262,57.348272],[-3.809319,57.348129],[-3.809333,57.347993],[-3.809305,57.347863],[-3.809233,57.34774],[-3.809118,57.347624],[-3.809027,57.347498],[-3.80896,57.347362],[-3.808917,57.347216],[-3.808897,57.347059],[-3.808905,57.346942],[-3.808939,57.346864],[-3.808999,57.346824],[-3.809086,57.346824],[-3.809161,57.346785],[-3.809223,57.346708],[-3.809273,57.346592],[-3.80931,57.346439],[-3.809308,57.346317],[-3.809267,57.346227],[-3.809186,57.34617],[-3.809065,57.346144],[-3.808937,57.346137],[-3.808803,57.346149],[-3.808662,57.34618],[-3.808514,57.34623],[-3.808387,57.346246],[-3.808281,57.346227],[-3.808196,57.346174],[-3.808131,57.346087],[-3.808136,57.34601],[-3.808211,57.345945],[-3.808355,57.34589],[-3.808568,57.345846],[-3.808706,57.345801],[-3.808768,57.345756],[-3.808755,57.345711],[-3.808667,57.345664],[-3.808558,57.345634],[-3.80843,57.34562],[-3.808282,57.345622],[-3.808114,57.345639],[-3.807982,57.345625],[-3.807884,57.345577],[-3.807823,57.345497],[-3.807796,57.345385],[-3.807747,57.34529],[-3.807675,57.345215],[-3.80758,57.345157],[-3.807462,57.345118],[-3.807367,57.34505],[-3.807295,57.344953],[-3.807246,57.344827],[-3.807219,57.344672],[-3.807222,57.344553],[-3.807254,57.34447],[-3.807316,57.344424],[-3.807408,57.344414],[-3.807503,57.34441],[-3.807602,57.34441],[-3.807705,57.344415],[-3.807812,57.344425],[-3.807895,57.344413],[-3.807954,57.344379],[-3.807988,57.344323],[-3.807998,57.344245],[-3.808005,57.344174],[-3.808009,57.344109],[-3.808009,57.344051],[-3.808006,57.344001],[-3.807971,57.343957],[-3.807906,57.343921],[-3.807811,57.343893],[-3.807684,57.343872],[-3.807611,57.343825],[-3.807591,57.343753],[-3.807626,57.343654],[-3.807713,57.343529],[-3.807766,57.343417],[-3.807784,57.343316],[-3.807767,57.343228],[-3.807715,57.343153],[-3.807645,57.343083],[-3.807558,57.34302],[-3.807453,57.342962],[-3.807331,57.342911],[-3.807243,57.342862],[-3.807189,57.342814],[-3.80717,57.342768],[-3.807185,57.342723],[-3.807184,57.342658],[-3.807168,57.342572],[-3.807136,57.342466],[-3.807088,57.342338],[-3.80702,57.342249],[-3.806934,57.342198],[-3.806828,57.342186],[-3.806703,57.342212],[-3.806614,57.342259],[-3.80656,57.342327],[-3.806542,57.342415],[-3.806559,57.342525],[-3.806538,57.342605],[-3.806478,57.342656],[-3.806379,57.342678],[-3.806242,57.342671],[-3.806144,57.342627],[-3.806085,57.342546],[-3.806067,57.342427],[-3.806087,57.342271],[-3.806141,57.34215],[-3.806227,57.342064],[-3.806347,57.342013],[-3.806499,57.341996],[-3.806608,57.341968],[-3.806671,57.341927],[-3.806691,57.341873],[-3.806666,57.341808],[-3.806615,57.341735],[-3.806538,57.341656],[-3.806434,57.341569],[-3.806304,57.341476],[-3.806152,57.341361],[-3.805977,57.341223],[-3.80578,57.341063],[-3.805561,57.340881],[-3.805352,57.340731],[-3.805153,57.340613],[-3.804965,57.340528],[-3.804786,57.340474],[-3.804638,57.340419],[-3.804522,57.340363],[-3.804437,57.340306],[-3.804383,57.340247],[-3.804313,57.340187],[-3.804227,57.340126],[-3.804124,57.340063],[-3.804005,57.339999],[-3.803932,57.339925],[-3.803904,57.339842],[-3.803923,57.339751],[-3.803989,57.33965],[-3.804005,57.339535],[-3.803972,57.339406],[-3.803891,57.339262],[-3.80376,57.339105],[-3.803639,57.338993],[-3.803526,57.338926],[-3.803423,57.338904],[-3.803328,57.338926],[-3.803243,57.338911],[-3.803168,57.338857],[-3.803101,57.338764],[-3.803044,57.338634],[-3.803021,57.338488],[-3.803033,57.338329],[-3.803079,57.338155],[-3.803159,57.337967],[-3.803253,57.337817],[-3.803361,57.337705],[-3.803484,57.337631],[-3.803621,57.337596],[-3.803726,57.337535],[-3.803797,57.337451],[-3.803835,57.337342],[-3.803841,57.337209],[-3.803791,57.337097],[-3.803685,57.337005],[-3.803524,57.336935],[-3.803307,57.336885],[-3.803134,57.336851],[-3.803004,57.336832],[-3.802918,57.33683],[-3.802875,57.336843],[-3.802817,57.33689],[-3.802744,57.33697],[-3.802656,57.337084],[-3.802553,57.337232],[-3.802448,57.337356],[-3.802339,57.337458],[-3.802228,57.337536],[-3.802113,57.33759],[-3.801995,57.337646],[-3.801874,57.337701],[-3.801748,57.337757],[-3.801619,57.337814],[-3.801484,57.337851],[-3.801343,57.337868],[-3.801198,57.337865],[-3.801047,57.337842],[-3.800912,57.337822],[-3.800795,57.337805],[-3.800694,57.33779],[-3.80061,57.337777],[-3.800533,57.337732],[-3.800464,57.337654],[-3.800403,57.337543],[-3.800349,57.337399],[-3.800343,57.337251],[-3.800385,57.337099],[-3.800475,57.336943],[-3.800613,57.336783],[-3.800719,57.336637],[-3.800792,57.336505],[-3.800833,57.336388],[-3.800842,57.336284],[-3.800882,57.336194],[-3.800952,57.336118],[-3.801054,57.336056],[-3.801186,57.336008],[-3.801312,57.336],[-3.801431,57.336033],[-3.801544,57.336105],[-3.801649,57.336218],[-3.801757,57.336288],[-3.801866,57.336315],[-3.801977,57.336299],[-3.80209,57.33624],[-3.802246,57.336145],[-3.802447,57.336015],[-3.802692,57.335849],[-3.802981,57.335647],[-3.803225,57.335478],[-3.803423,57.335342],[-3.803576,57.335238],[-3.803684,57.335167],[-3.803652,57.335108],[-3.803481,57.335062],[-3.803169,57.335029],[-3.802717,57.335008],[-3.802337,57.334987],[-3.802027,57.334964],[-3.801788,57.33494],[-3.80162,57.334915],[-3.801472,57.334901],[-3.801344,57.334897],[-3.801235,57.334904],[-3.801147,57.334922],[-3.801066,57.334923],[-3.800993,57.334907],[-3.800927,57.334875],[-3.800869,57.334825],[-3.800829,57.334772],[-3.800807,57.334714],[-3.800804,57.334653],[-3.800819,57.334587],[-3.8008,57.334568],[-3.800747,57.334595],[-3.800659,57.334668],[-3.800538,57.334788],[-3.800375,57.334872],[-3.800172,57.334922],[-3.799927,57.334936],[-3.799642,57.334915],[-3.799411,57.334896],[-3.799235,57.334881],[-3.799113,57.334868],[-3.799046,57.334858],[-3.798993,57.334832],[-3.798954,57.334792],[-3.798929,57.334736],[-3.798918,57.334664],[-3.798879,57.334614],[-3.798813,57.334584],[-3.798718,57.334576],[-3.798596,57.334589],[-3.798484,57.334622],[-3.798381,57.334676],[-3.798288,57.33475],[-3.798205,57.334844],[-3.798101,57.334915],[-3.797976,57.334963],[-3.79783,57.334986],[-3.797664,57.334987],[-3.797551,57.335003],[-3.797492,57.335035],[-3.797486,57.335083],[-3.797533,57.335146],[-3.797599,57.335204],[-3.797682,57.335258],[-3.797783,57.335306],[-3.797903,57.335349],[-3.797977,57.335399],[-3.798006,57.335455],[-3.79799,57.335519],[-3.79793,57.335589],[-3.797864,57.33564],[-3.797792,57.335671],[-3.797715,57.335683],[-3.797633,57.335674],[-3.797552,57.335698],[-3.797474,57.335753],[-3.797398,57.33584],[-3.797323,57.335959],[-3.797257,57.336025],[-3.797198,57.336038],[-3.797147,57.335997],[-3.797104,57.335903],[-3.797077,57.335805],[-3.797066,57.335701],[-3.797071,57.335593],[-3.797092,57.335479],[-3.7971,57.33538],[-3.797096,57.335295],[-3.797079,57.335224],[-3.79705,57.335167],[-3.796962,57.335135],[-3.796817,57.335127],[-3.796613,57.335143],[-3.79635,57.335184],[-3.796177,57.335181],[-3.796092,57.335134],[-3.796096,57.335044],[-3.796188,57.33491],[-3.796277,57.334771],[-3.796362,57.334628],[-3.796443,57.334479],[-3.79652,57.334326],[-3.796482,57.334193],[-3.796329,57.334081],[-3.796061,57.333989],[-3.795678,57.333919],[-3.795338,57.333843],[-3.795043,57.333763],[-3.794791,57.333679],[-3.794583,57.33359],[-3.794356,57.333506],[-3.794108,57.333427],[-3.793841,57.333354],[-3.793554,57.333286],[-3.793261,57.33323],[-3.792964,57.333187],[-3.792661,57.333156],[-3.792353,57.333137],[-3.792077,57.333126],[-3.791833,57.333122],[-3.791623,57.333125],[-3.791444,57.333135],[-3.791224,57.333151],[-3.790963,57.333172],[-3.79066,57.333199],[-3.790315,57.333231],[-3.789965,57.333286],[-3.78961,57.333364],[-3.78925,57.333465],[-3.788884,57.333589],[-3.788554,57.333703],[-3.78826,57.333807],[-3.788002,57.333901],[-3.78778,57.333984],[-3.787544,57.334068],[-3.787294,57.334152],[-3.78703,57.334236],[-3.786753,57.334321],[-3.786463,57.334405],[-3.786162,57.334488],[-3.785848,57.334571],[-3.785522,57.334652],[-3.785246,57.33472],[-3.78502,57.334774],[-3.784845,57.334814],[-3.78472,57.33484],[-3.784614,57.334874],[-3.784527,57.334918],[-3.78446,57.33497],[-3.784411,57.33503],[-3.784317,57.335091],[-3.784177,57.33515],[-3.783991,57.33521],[-3.783759,57.335268],[-3.783563,57.335306],[-3.783403,57.335323],[-3.783279,57.335319],[-3.78319,57.335294],[-3.783105,57.335267],[-3.783022,57.335237],[-3.782943,57.335205],[-3.782866,57.33517],[-3.782765,57.335137],[-3.782638,57.335106],[-3.782486,57.335076],[-3.782309,57.335047],[-3.7821,57.335012],[-3.781858,57.334969],[-3.781583,57.334919],[-3.781276,57.334861],[-3.780994,57.334821],[-3.780735,57.334797],[-3.7805,57.334789],[-3.78029,57.334799],[-3.780076,57.334794],[-3.779858,57.334774],[-3.779638,57.33474],[-3.779413,57.334691],[-3.779233,57.334654],[-3.779097,57.33463],[-3.779005,57.334618],[-3.778958,57.334619],[-3.778915,57.334694],[-3.778876,57.334843],[-3.778841,57.335067],[-3.77881,57.335366],[-3.778813,57.335601],[-3.778851,57.335775],[-3.778922,57.335886],[-3.779027,57.335935],[-3.779142,57.335977],[-3.779267,57.336013],[-3.779401,57.336043],[-3.779544,57.336066],[-3.779665,57.336108],[-3.779763,57.336168],[-3.779838,57.336247],[-3.77989,57.336344],[-3.779947,57.336431],[-3.780007,57.336508],[-3.780072,57.336575],[-3.780141,57.336632],[-3.780189,57.336686],[-3.780217,57.336739],[-3.780224,57.33679],[-3.78021,57.336838],[-3.780212,57.336897],[-3.78023,57.336965],[-3.780264,57.337044],[-3.780313,57.337133],[-3.78034,57.337232],[-3.780345,57.33734],[-3.780328,57.337458],[-3.780289,57.337587],[-3.78029,57.33769],[-3.780331,57.337769],[-3.780413,57.337824],[-3.780535,57.337853],[-3.780623,57.337898],[-3.780677,57.337956],[-3.780696,57.338029],[-3.780681,57.338116],[-3.780682,57.338196],[-3.780697,57.338269],[-3.780728,57.338335],[-3.780774,57.338395],[-3.780843,57.338474],[-3.780936,57.338573],[-3.781052,57.338692],[-3.781191,57.338832],[-3.781275,57.338937],[-3.781302,57.339009],[-3.781272,57.339047],[-3.781187,57.339052],[-3.78108,57.339025],[-3.780951,57.338966],[-3.780799,57.338875],[-3.780627,57.338752],[-3.780481,57.338655],[-3.780364,57.338584],[-3.780273,57.338539],[-3.780211,57.33852],[-3.780122,57.338538],[-3.780008,57.338593],[-3.779868,57.338685],[-3.779702,57.338814],[-3.779569,57.338933],[-3.779468,57.339045],[-3.779399,57.339147],[-3.779363,57.339241],[-3.779321,57.33932],[-3.779274,57.339385],[-3.779222,57.339435],[-3.779164,57.339471],[-3.779098,57.339506],[-3.779023,57.339539],[-3.77894,57.339572],[-3.778849,57.339603],[-3.7788,57.339642],[-3.778794,57.33969],[-3.778831,57.339746],[-3.778911,57.33981],[-3.778976,57.339891],[-3.779029,57.339988],[-3.779067,57.340101],[-3.779092,57.340231],[-3.779093,57.340328],[-3.77907,57.340393],[-3.779022,57.340425],[-3.77895,57.340424],[-3.778891,57.340397],[-3.778843,57.340344],[-3.778808,57.340265],[-3.778785,57.340161],[-3.778732,57.340048],[-3.778651,57.339926],[-3.778541,57.339796],[-3.778401,57.339656],[-3.778324,57.33955],[-3.778308,57.339477],[-3.778355,57.339437],[-3.778463,57.33943],[-3.778565,57.339406],[-3.778661,57.339366],[-3.778751,57.33931],[-3.778834,57.339237],[-3.778876,57.339164],[-3.778877,57.339091],[-3.778836,57.339018],[-3.778753,57.338946],[-3.778621,57.338899],[-3.778438,57.338878],[-3.778206,57.338882],[-3.777924,57.338912],[-3.777634,57.338954],[-3.777338,57.339009],[-3.777034,57.339076],[-3.776723,57.339156],[-3.776427,57.339238],[-3.776146,57.339324],[-3.77588,57.339412],[-3.775628,57.339502],[-3.775405,57.339568],[-3.77521,57.339608],[-3.775043,57.339622],[-3.774904,57.339611],[-3.774735,57.339577],[-3.774536,57.339522],[-3.774306,57.339443],[-3.774046,57.339342],[-3.77381,57.339267],[-3.773597,57.339217],[-3.773407,57.339192],[-3.773241,57.339192],[-3.773093,57.339193],[-3.772962,57.339194],[-3.77285,57.339195],[-3.772755,57.339196],[-3.772637,57.339172],[-3.772495,57.33912],[-3.772329,57.339043],[-3.772139,57.338939],[-3.771947,57.33887],[-3.771753,57.338837],[-3.771555,57.33884],[-3.771356,57.338878],[-3.771197,57.338925],[-3.771079,57.33898],[-3.771002,57.339044],[-3.770965,57.339116],[-3.77094,57.339192],[-3.770927,57.339273],[-3.770925,57.339358],[-3.770934,57.339446],[-3.770934,57.339545],[-3.770923,57.339653],[-3.770901,57.339771],[-3.77087,57.339898],[-3.77083,57.340025],[-3.770783,57.340152],[-3.770727,57.340278],[-3.770663,57.340405],[-3.770609,57.34052],[-3.770565,57.340623],[-3.770529,57.340714],[-3.770504,57.340794],[-3.770489,57.340892],[-3.770486,57.34101],[-3.770494,57.341147],[-3.770513,57.341304],[-3.770516,57.34145],[-3.770503,57.341586],[-3.770475,57.341712],[-3.770431,57.341827],[-3.770392,57.341949],[-3.770356,57.342077],[-3.770325,57.342211],[-3.770298,57.34235],[-3.770257,57.342484],[-3.770202,57.342612],[-3.770133,57.342733],[-3.770049,57.342849],[-3.769938,57.342949],[-3.7698,57.343035],[-3.769633,57.343104],[-3.76944,57.343159],[-3.769239,57.34322],[-3.76903,57.343287],[-3.768813,57.34336],[-3.768589,57.343439],[-3.768366,57.343504],[-3.768144,57.343556],[-3.767922,57.343593],[-3.767701,57.343616],[-3.767404,57.34365],[-3.767032,57.343693],[-3.766584,57.343747],[-3.766061,57.343811],[-3.765659,57.34387],[-3.765379,57.343925],[-3.765219,57.343976],[-3.765181,57.344023],[-3.765099,57.344067],[-3.764971,57.344108],[-3.7648,57.344147],[-3.764583,57.344182],[-3.764382,57.344239],[-3.764197,57.344316],[-3.764028,57.344414],[-3.763874,57.344533],[-3.763754,57.344587],[-3.763667,57.344577],[-3.763613,57.344503],[-3.763593,57.344364],[-3.76355,57.34426],[-3.763485,57.344192],[-3.763397,57.34416],[-3.763287,57.344163],[-3.763224,57.344141],[-3.763206,57.344094],[-3.763234,57.344021],[-3.763309,57.343923],[-3.763321,57.343813],[-3.763271,57.34369],[-3.763159,57.343554],[-3.762984,57.343406],[-3.76288,57.343249],[-3.762846,57.343084],[-3.762882,57.34291],[-3.762988,57.342728],[-3.763063,57.342567],[-3.763106,57.342428],[-3.763117,57.342311],[-3.763097,57.342214],[-3.763106,57.342112],[-3.763144,57.342003],[-3.763212,57.341888],[-3.76331,57.341766],[-3.763368,57.341626],[-3.763387,57.341465],[-3.763367,57.341286],[-3.763309,57.341087],[-3.763255,57.340902],[-3.763208,57.340732],[-3.763165,57.340576],[-3.763128,57.340435],[-3.763061,57.340341],[-3.762965,57.340296],[-3.762839,57.340298],[-3.762684,57.340349],[-3.762543,57.34037],[-3.762417,57.340362],[-3.762306,57.340325],[-3.76221,57.340258],[-3.762141,57.340186],[-3.7621,57.340109],[-3.762087,57.340027],[-3.762102,57.33994],[-3.762108,57.339858],[-3.762103,57.339782],[-3.762088,57.339711],[-3.762063,57.339645],[-3.761991,57.339578],[-3.76187,57.339509],[-3.761701,57.339439],[-3.761484,57.339368],[-3.761305,57.339298],[-3.761165,57.33923],[-3.761062,57.339163],[-3.760998,57.339097],[-3.760913,57.339039],[-3.760808,57.338991],[-3.760682,57.338951],[-3.760535,57.338919],[-3.760408,57.338876],[-3.7603,57.338821],[-3.760212,57.338754],[-3.760143,57.338676],[-3.760039,57.338638],[-3.759901,57.338639],[-3.759729,57.338681],[-3.759522,57.338763],[-3.759353,57.338805],[-3.759223,57.338808],[-3.759133,57.338772],[-3.75908,57.338696],[-3.759052,57.338614],[-3.759046,57.338524],[-3.759064,57.338429],[-3.759104,57.338326],[-3.759117,57.338228],[-3.759103,57.338136],[-3.75906,57.338048],[-3.758989,57.337966],[-3.758902,57.33789],[-3.758796,57.33782],[-3.758673,57.337756],[-3.758532,57.337698],[-3.758425,57.33764],[-3.758352,57.337581],[-3.758312,57.337522],[-3.758306,57.337463],[-3.758218,57.337415],[-3.75805,57.337377],[-3.7578,57.33735],[-3.757469,57.337333],[-3.757229,57.337307],[-3.757081,57.337272],[-3.757024,57.337226],[-3.757059,57.337171],[-3.757084,57.337106],[-3.757099,57.337029],[-3.757104,57.336942],[-3.757099,57.336844],[-3.757025,57.336768],[-3.756882,57.336712],[-3.756669,57.336678],[-3.756386,57.336665],[-3.756189,57.336635],[-3.756076,57.336587],[-3.756047,57.336521],[-3.756103,57.336439],[-3.756187,57.336291],[-3.756297,57.336078],[-3.756435,57.335801],[-3.7566,57.335458],[-3.756728,57.335169],[-3.756818,57.334933],[-3.75687,57.33475],[-3.756885,57.33462],[-3.756886,57.33449],[-3.756873,57.334359],[-3.756845,57.334227],[-3.756803,57.334095],[-3.756777,57.333976],[-3.756765,57.33387],[-3.756768,57.333778],[-3.756786,57.333699],[-3.756746,57.333591],[-3.756647,57.333454],[-3.75649,57.333288],[-3.756274,57.333092],[-3.756086,57.332961],[-3.755927,57.332895],[-3.755795,57.332893],[-3.755692,57.332955],[-3.755593,57.332978],[-3.7555,57.332962],[-3.755412,57.332907],[-3.75533,57.332814],[-3.755212,57.332738],[-3.75506,57.332682],[-3.754874,57.332644],[-3.754652,57.332624],[-3.754502,57.332583],[-3.754424,57.332521],[-3.754416,57.332437],[-3.75448,57.332332],[-3.754483,57.332223],[-3.754424,57.33211],[-3.754305,57.331992],[-3.754124,57.33187],[-3.753974,57.331784],[-3.753852,57.331735],[-3.75376,57.331722],[-3.753698,57.331746],[-3.753621,57.331725],[-3.753529,57.33166],[-3.753423,57.33155],[-3.753302,57.331396],[-3.753213,57.331251],[-3.753158,57.331113],[-3.753136,57.330984],[-3.753146,57.330863],[-3.753131,57.330767],[-3.753092,57.330694],[-3.753028,57.330645],[-3.75294,57.33062],[-3.752859,57.330609],[-3.752785,57.330613],[-3.752718,57.330631],[-3.752659,57.330663],[-3.75259,57.33067],[-3.752512,57.330652],[-3.752425,57.33061],[-3.752329,57.330543],[-3.752259,57.330473],[-3.752215,57.330398],[-3.752198,57.33032],[-3.752207,57.330238],[-3.752174,57.330178],[-3.752101,57.330141],[-3.751987,57.330126],[-3.751831,57.330134],[-3.751648,57.330165],[-3.751439,57.330219],[-3.751202,57.330297],[-3.750939,57.330397],[-3.750739,57.330458],[-3.750605,57.330478],[-3.750534,57.330459],[-3.750528,57.3304],[-3.750506,57.330333],[-3.75047,57.330257],[-3.750419,57.330174],[-3.750354,57.330083],[-3.750255,57.330011],[-3.750125,57.329958],[-3.749962,57.329925],[-3.749767,57.329912],[-3.749604,57.32989],[-3.749474,57.329861],[-3.749377,57.329824],[-3.749313,57.32978],[-3.74924,57.32976],[-3.749159,57.329764],[-3.749068,57.329793],[-3.748969,57.329846],[-3.748796,57.32988],[-3.748548,57.329896],[-3.748226,57.329892],[-3.747829,57.32987],[-3.747528,57.329863],[-3.747321,57.329872],[-3.747209,57.329897],[-3.747193,57.329937],[-3.747228,57.329978],[-3.747315,57.33002],[-3.747454,57.330063],[-3.747645,57.330107],[-3.747756,57.330145],[-3.747787,57.330176],[-3.747739,57.3302],[-3.747611,57.330218],[-3.747479,57.330237],[-3.747344,57.330258],[-3.747206,57.33028],[-3.747064,57.330303],[-3.746957,57.330356],[-3.746885,57.330439],[-3.746848,57.33055],[-3.746845,57.330692],[-3.746865,57.330824],[-3.746907,57.330948],[-3.746972,57.331063],[-3.747059,57.331169],[-3.74708,57.331236],[-3.747034,57.331262],[-3.746922,57.331248],[-3.746744,57.331194],[-3.74664,57.331187],[-3.746611,57.331226],[-3.746657,57.331312],[-3.746778,57.331445],[-3.746875,57.331563],[-3.74695,57.331666],[-3.747001,57.331755],[-3.747028,57.331829],[-3.74703,57.331896],[-3.747005,57.331956],[-3.746953,57.33201],[-3.746876,57.332057],[-3.746818,57.332113],[-3.746779,57.332179],[-3.74676,57.332255],[-3.74676,57.33234],[-3.746764,57.332435],[-3.746771,57.332539],[-3.746781,57.332652],[-3.746796,57.332775],[-3.746804,57.332877],[-3.746808,57.33296],[-3.746805,57.333024],[-3.746798,57.333067],[-3.746784,57.333124],[-3.746763,57.333195],[-3.746735,57.333279],[-3.7467,57.333377],[-3.746685,57.333501],[-3.74669,57.333653],[-3.746715,57.333831],[-3.74676,57.334035],[-3.746761,57.33422],[-3.74672,57.334385],[-3.746635,57.334529],[-3.746508,57.334654],[-3.746412,57.334784],[-3.746347,57.334919],[-3.746314,57.335059],[-3.746313,57.335205],[-3.746304,57.335343],[-3.746286,57.335476],[-3.74626,57.335601],[-3.746225,57.33572],[-3.746198,57.335833],[-3.746178,57.33594],[-3.746166,57.336041],[-3.746162,57.336135],[-3.746158,57.336225],[-3.746153,57.336308],[-3.746149,57.336387],[-3.746145,57.33646],[-3.746135,57.33653],[-3.746121,57.336598],[-3.746102,57.336663],[-3.746078,57.336726],[-3.74604,57.336752],[-3.745989,57.336743],[-3.745924,57.336697],[-3.745846,57.336615],[-3.745781,57.33653],[-3.745728,57.336442],[-3.745687,57.33635],[-3.74566,57.336255],[-3.745625,57.336152],[-3.745585,57.336043],[-3.745537,57.335928],[-3.745484,57.335805],[-3.745441,57.335671],[-3.74541,57.335524],[-3.745391,57.335366],[-3.745383,57.335196],[-3.745394,57.335045],[-3.745424,57.334914],[-3.745473,57.334801],[-3.745541,57.334709],[-3.745617,57.334571],[-3.745699,57.33439],[-3.745789,57.334163],[-3.745886,57.333892],[-3.745933,57.333679],[-3.74593,57.333523],[-3.745878,57.333425],[-3.745775,57.333385],[-3.745672,57.333368],[-3.745568,57.333374],[-3.745462,57.333405],[-3.745355,57.333459],[-3.745242,57.333494],[-3.745121,57.333511],[-3.744994,57.33351],[-3.74486,57.33349],[-3.744742,57.333402],[-3.74464,57.333246],[-3.744554,57.333022],[-3.744484,57.33273],[-3.744405,57.332543],[-3.744316,57.332463],[-3.744216,57.332489],[-3.744107,57.33262],[-3.744038,57.332744],[-3.74401,57.33286],[-3.744023,57.332968],[-3.744077,57.33307],[-3.744095,57.333162],[-3.744079,57.333245],[-3.744027,57.333319],[-3.74394,57.333383],[-3.743917,57.333508],[-3.743958,57.333691],[-3.744063,57.333935],[-3.744232,57.334238],[-3.744323,57.334465],[-3.744336,57.334618],[-3.744272,57.334695],[-3.74413,57.334697],[-3.744016,57.334721],[-3.74393,57.334766],[-3.743872,57.334833],[-3.743842,57.334922],[-3.743764,57.33501],[-3.743638,57.335098],[-3.743465,57.335186],[-3.743244,57.335274],[-3.743093,57.335351],[-3.743012,57.33542],[-3.743,57.335479],[-3.743058,57.335528],[-3.743122,57.335572],[-3.743191,57.335609],[-3.743267,57.335641],[-3.743348,57.335667],[-3.743389,57.335698],[-3.74339,57.335734],[-3.743352,57.335775],[-3.743275,57.335822],[-3.743196,57.335866],[-3.743117,57.335909],[-3.743037,57.335949],[-3.742956,57.335988],[-3.742862,57.336081],[-3.742755,57.336229],[-3.742635,57.336432],[-3.742502,57.33669],[-3.742387,57.336891],[-3.74229,57.337036],[-3.742212,57.337124],[-3.742153,57.337156],[-3.742125,57.337194],[-3.74213,57.337239],[-3.742167,57.337289],[-3.742236,57.337346],[-3.742332,57.337392],[-3.742456,57.337426],[-3.742607,57.337448],[-3.742785,57.337459],[-3.742927,57.337489],[-3.743033,57.337538],[-3.743102,57.337606],[-3.743134,57.337692],[-3.74315,57.337789],[-3.74315,57.337895],[-3.743135,57.338013],[-3.743103,57.33814],[-3.743076,57.338258],[-3.743053,57.338367],[-3.743035,57.338468],[-3.743022,57.338559],[-3.743039,57.338636],[-3.743086,57.338699],[-3.743164,57.338749],[-3.743273,57.338785],[-3.743382,57.338807],[-3.743493,57.338817],[-3.743605,57.338814],[-3.743718,57.338798],[-3.743804,57.338806],[-3.743863,57.338838],[-3.743896,57.338894],[-3.743903,57.338975],[-3.743866,57.339046],[-3.743786,57.339108],[-3.743663,57.33916],[-3.743497,57.339203],[-3.743367,57.33926],[-3.743274,57.339329],[-3.743218,57.339412],[-3.743199,57.339508],[-3.74315,57.339576],[-3.743073,57.339614],[-3.742968,57.339623],[-3.742834,57.339602],[-3.742731,57.339626],[-3.742661,57.339693],[-3.742624,57.339804],[-3.742618,57.339959],[-3.742553,57.340077],[-3.742429,57.340158],[-3.742246,57.340203],[-3.742003,57.340212],[-3.741797,57.340216],[-3.741627,57.340217],[-3.741493,57.340214],[-3.741395,57.340207],[-3.741316,57.34018],[-3.741254,57.340133],[-3.741212,57.340066],[-3.741187,57.339979],[-3.741147,57.339916],[-3.741093,57.339877],[-3.741024,57.339861],[-3.74094,57.33987],[-3.740887,57.339923],[-3.740863,57.340019],[-3.74087,57.34016],[-3.740907,57.340344],[-3.740961,57.340498],[-3.74103,57.340621],[-3.741117,57.340713],[-3.741219,57.340775],[-3.741278,57.340863],[-3.741292,57.340977],[-3.741263,57.341117],[-3.741191,57.341282],[-3.741111,57.341466],[-3.741024,57.341668],[-3.740929,57.341887],[-3.740828,57.342124],[-3.740729,57.342294],[-3.740632,57.342396],[-3.740538,57.342431],[-3.740446,57.342398],[-3.740363,57.342322],[-3.740287,57.342204],[-3.740219,57.342043],[-3.740159,57.34184],[-3.740086,57.341672],[-3.740001,57.34154],[-3.739903,57.341444],[-3.739793,57.341383],[-3.739702,57.341371],[-3.739629,57.341408],[-3.739574,57.341495],[-3.739538,57.341632],[-3.73946,57.341693],[-3.73934,57.34168],[-3.739178,57.341593],[-3.738975,57.34143],[-3.738811,57.341348],[-3.738688,57.341346],[-3.738604,57.341424],[-3.73856,57.341583],[-3.738532,57.34173],[-3.73852,57.341866],[-3.738523,57.341991],[-3.738541,57.342104],[-3.738571,57.342221],[-3.738612,57.342341],[-3.738664,57.342463],[-3.738727,57.342589],[-3.738752,57.342706],[-3.738741,57.342814],[-3.738693,57.342913],[-3.738608,57.343004],[-3.738519,57.343084],[-3.738426,57.343153],[-3.738329,57.343213],[-3.738229,57.343262],[-3.738135,57.343319],[-3.738049,57.343386],[-3.737971,57.343462],[-3.737899,57.343546],[-3.737818,57.343632],[-3.737728,57.343718],[-3.737628,57.343806],[-3.737518,57.343894],[-3.737437,57.343973],[-3.737383,57.344043],[-3.737358,57.344103],[-3.737362,57.344154],[-3.737399,57.344201],[-3.73747,57.344242],[-3.737575,57.344279],[-3.737714,57.344312],[-3.737858,57.344353],[-3.738008,57.344404],[-3.738163,57.344463],[-3.738323,57.344532],[-3.73847,57.344581],[-3.738604,57.344609],[-3.738724,57.344618],[-3.738831,57.344607],[-3.738883,57.344626],[-3.738882,57.344675],[-3.738827,57.344755],[-3.738717,57.344865],[-3.738604,57.344961],[-3.738489,57.345044],[-3.73837,57.345113],[-3.738248,57.345168],[-3.738117,57.345216],[-3.737978,57.345257],[-3.737829,57.345289],[-3.737672,57.345314],[-3.737517,57.345338],[-3.737363,57.345361],[-3.73721,57.345382],[-3.737059,57.345402],[-3.736938,57.345397],[-3.736847,57.345366],[-3.736786,57.345309],[-3.736756,57.345227],[-3.736696,57.345159],[-3.736609,57.345104],[-3.736492,57.345062],[-3.736347,57.345035],[-3.736247,57.345002],[-3.736193,57.344962],[-3.736184,57.344917],[-3.736221,57.344867],[-3.73626,57.344824],[-3.736303,57.34479],[-3.736349,57.344763],[-3.736397,57.344745],[-3.736468,57.344648],[-3.736561,57.344472],[-3.736675,57.344216],[-3.736811,57.343881],[-3.736933,57.343591],[-3.73704,57.343347],[-3.737132,57.343148],[-3.73721,57.342995],[-3.737277,57.342837],[-3.737336,57.342675],[-3.737384,57.342508],[-3.737424,57.342337],[-3.737388,57.342231],[-3.737277,57.342189],[-3.737091,57.342212],[-3.736831,57.342299],[-3.736607,57.34239],[-3.73642,57.342485],[-3.736271,57.342583],[-3.736158,57.342684],[-3.736058,57.342789],[-3.735972,57.342896],[-3.735898,57.343007],[-3.735837,57.34312],[-3.735784,57.343215],[-3.735738,57.343293],[-3.735698,57.343353],[-3.735666,57.343394],[-3.735641,57.343443],[-3.735622,57.343499],[-3.73561,57.343561],[-3.735604,57.34363],[-3.735573,57.343692],[-3.735519,57.343747],[-3.735439,57.343795],[-3.735336,57.343835],[-3.735236,57.343881],[-3.73514,57.343932],[-3.735048,57.343988],[-3.73496,57.344048],[-3.734897,57.344081],[-3.734859,57.344088],[-3.734847,57.344066],[-3.734861,57.344018],[-3.734851,57.343963],[-3.734816,57.343903],[-3.734758,57.343836],[-3.734675,57.343764],[-3.734603,57.34373],[-3.734541,57.343734],[-3.73449,57.343777],[-3.734449,57.343858],[-3.734426,57.343935],[-3.734422,57.344009],[-3.734435,57.344078],[-3.734468,57.344143],[-3.734498,57.344213],[-3.734526,57.344289],[-3.734553,57.344371],[-3.734578,57.344458],[-3.734568,57.344528],[-3.734524,57.344579],[-3.734445,57.344613],[-3.734332,57.344629],[-3.734217,57.34465],[-3.7341,57.344675],[-3.73398,57.344705],[-3.733858,57.344739],[-3.73377,57.344778],[-3.733715,57.344823],[-3.733694,57.344872],[-3.733706,57.344926],[-3.733738,57.344984],[-3.733788,57.345045],[-3.733858,57.345109],[-3.733946,57.345176],[-3.733985,57.345238],[-3.733974,57.345292],[-3.733913,57.34534],[-3.733801,57.345382],[-3.733727,57.345443],[-3.73369,57.345524],[-3.73369,57.345625],[-3.733727,57.345745],[-3.73379,57.34584],[-3.733879,57.345909],[-3.733995,57.345954],[-3.734137,57.345973],[-3.73426,57.346033],[-3.734365,57.346133],[-3.734451,57.346273],[-3.734519,57.346454],[-3.7346,57.346646],[-3.734696,57.346847],[-3.734805,57.347059],[-3.734927,57.347281],[-3.735003,57.347464],[-3.735033,57.347606],[-3.735015,57.347708],[-3.734951,57.34777],[-3.734894,57.347838],[-3.734842,57.347912],[-3.734796,57.347992],[-3.734757,57.348077],[-3.734709,57.348155],[-3.734652,57.348225],[-3.734586,57.348288],[-3.734511,57.348343],[-3.734397,57.348393],[-3.734244,57.348439],[-3.734052,57.348481],[-3.73382,57.348518],[-3.733554,57.348614],[-3.733256,57.34877],[-3.732924,57.348984],[-3.732558,57.349258],[-3.732269,57.349503],[-3.732057,57.34972],[-3.731921,57.349908],[-3.731862,57.350068],[-3.73184,57.350201],[-3.731856,57.350306],[-3.731909,57.350384],[-3.731999,57.350434],[-3.732039,57.350478],[-3.732029,57.350516],[-3.73197,57.350547],[-3.73186,57.350571],[-3.731763,57.350587],[-3.731679,57.350596],[-3.731608,57.350597],[-3.73155,57.350591],[-3.731495,57.350612],[-3.731442,57.350663],[-3.731392,57.350742],[-3.731345,57.350849],[-3.731269,57.350958],[-3.731163,57.351067],[-3.731028,57.351178],[-3.730864,57.351289],[-3.730703,57.351396],[-3.730547,57.351498],[-3.730395,57.351595],[-3.730247,57.351687],[-3.730105,57.351768],[-3.729968,57.351835],[-3.729836,57.351891],[-3.729709,57.351934],[-3.729613,57.351984],[-3.729547,57.35204],[-3.72951,57.352103],[-3.729505,57.352172],[-3.729448,57.352244],[-3.729342,57.352319],[-3.729185,57.352398],[-3.728977,57.352479],[-3.728814,57.352572],[-3.728694,57.352677],[-3.728619,57.352793],[-3.728587,57.35292],[-3.728582,57.353018],[-3.728603,57.353086],[-3.728652,57.353125],[-3.728726,57.353134],[-3.728808,57.35313],[-3.728897,57.353112],[-3.728992,57.353081],[-3.729094,57.353036],[-3.729256,57.352988],[-3.729479,57.352936],[-3.729762,57.352882],[-3.730105,57.352825],[-3.730388,57.352759],[-3.730611,57.352687],[-3.730773,57.352607],[-3.730875,57.352519],[-3.731008,57.352472],[-3.731172,57.352465],[-3.731367,57.352499],[-3.731593,57.352574],[-3.73184,57.352628],[-3.732106,57.352662],[-3.732393,57.352676],[-3.732699,57.352669],[-3.732892,57.352691],[-3.73297,57.35274],[-3.732933,57.352818],[-3.732783,57.352923],[-3.732678,57.353056],[-3.732618,57.353216],[-3.732605,57.353404],[-3.732638,57.353618],[-3.732636,57.3538],[-3.732601,57.353949],[-3.732532,57.354066],[-3.732428,57.354149],[-3.732389,57.354235],[-3.732414,57.354325],[-3.732504,57.354417],[-3.732659,57.354512],[-3.732797,57.354558],[-3.732919,57.354556],[-3.733025,57.354505],[-3.733115,57.354406],[-3.73321,57.354348],[-3.733311,57.354331],[-3.733417,57.354355],[-3.733528,57.35442],[-3.733673,57.354447],[-3.733851,57.354434],[-3.734062,57.354383],[-3.734306,57.354294],[-3.7345,57.354237],[-3.734646,57.354213],[-3.734743,57.354222],[-3.73479,57.354264],[-3.734769,57.354314],[-3.73468,57.354373],[-3.734523,57.35444],[-3.734297,57.354515],[-3.73408,57.354592],[-3.733872,57.354672],[-3.733673,57.354753],[-3.733482,57.354838],[-3.733329,57.354917],[-3.733214,57.354991],[-3.733137,57.35506],[-3.733098,57.355124],[-3.733133,57.355187],[-3.733244,57.355251],[-3.73343,57.355313],[-3.733691,57.355376],[-3.733922,57.355445],[-3.734121,57.355523],[-3.734289,57.355608],[-3.734427,57.3557],[-3.734556,57.35578],[-3.734677,57.355849],[-3.734789,57.355906],[-3.734893,57.35595],[-3.734948,57.356001],[-3.734953,57.356058],[-3.73491,57.356122],[-3.734817,57.356191],[-3.734717,57.35622],[-3.734609,57.356208],[-3.734494,57.356155],[-3.734372,57.356061],[-3.734233,57.355996],[-3.734077,57.355961],[-3.733904,57.355956],[-3.733715,57.35598],[-3.733533,57.355971],[-3.733359,57.35593],[-3.733193,57.355856],[-3.733034,57.355748],[-3.732885,57.355673],[-3.732746,57.35563],[-3.732617,57.355619],[-3.732498,57.35564],[-3.732402,57.355669],[-3.732328,57.355707],[-3.732278,57.355753],[-3.732251,57.355807],[-3.732257,57.355856],[-3.732297,57.355898],[-3.73237,57.355936],[-3.732477,57.355967],[-3.732553,57.356005],[-3.732597,57.35605],[-3.73261,57.356101],[-3.732592,57.356158],[-3.732547,57.356216],[-3.732473,57.356275],[-3.732373,57.356335],[-3.732245,57.356396],[-3.732161,57.356484],[-3.732121,57.356599],[-3.732124,57.356742],[-3.732172,57.356912],[-3.732155,57.357046],[-3.732073,57.357145],[-3.731926,57.357207],[-3.731714,57.357234],[-3.731534,57.357283],[-3.731386,57.357354],[-3.73127,57.357447],[-3.731186,57.357563],[-3.731129,57.357668],[-3.731097,57.357764],[-3.731091,57.357849],[-3.731111,57.357923],[-3.731121,57.358009],[-3.731121,57.358105],[-3.731112,57.358212],[-3.731092,57.358329],[-3.731128,57.358405],[-3.73122,57.358438],[-3.731367,57.358429],[-3.73157,57.358377],[-3.73174,57.358354],[-3.731877,57.358359],[-3.73198,57.358392],[-3.73205,57.358453],[-3.732074,57.358506],[-3.732051,57.358551],[-3.731982,57.358588],[-3.731866,57.358618],[-3.731747,57.358643],[-3.731624,57.358665],[-3.731498,57.358682],[-3.731368,57.358696],[-3.731265,57.358776],[-3.731189,57.358923],[-3.73114,57.359137],[-3.731118,57.359417],[-3.731047,57.359644],[-3.730926,57.35982],[-3.730755,57.359942],[-3.730536,57.360012],[-3.730378,57.360094],[-3.730282,57.360188],[-3.730248,57.360293],[-3.730276,57.36041],[-3.730301,57.360518],[-3.730322,57.360618],[-3.730341,57.360711],[-3.730356,57.360794],[-3.730237,57.360896],[-3.729984,57.361014],[-3.729597,57.36115],[-3.729075,57.361303],[-3.728602,57.361448],[-3.728177,57.361585],[-3.727801,57.361713],[-3.727473,57.361833],[-3.727136,57.361928],[-3.72679,57.361999],[-3.726434,57.362045],[-3.726069,57.362066],[-3.725766,57.362102],[-3.725523,57.362153],[-3.725341,57.362219],[-3.725221,57.3623],[-3.725103,57.362351],[-3.724988,57.362372],[-3.724875,57.362362],[-3.724765,57.362323],[-3.724629,57.362308],[-3.724467,57.362319],[-3.724278,57.362355],[-3.724063,57.362416],[-3.723798,57.362486],[-3.723483,57.362567],[-3.723118,57.362656],[-3.722703,57.362755],[-3.722378,57.362831],[-3.722144,57.362884],[-3.722,57.362913],[-3.721947,57.362918],[-3.721899,57.362945],[-3.721857,57.362992],[-3.721821,57.36306],[-3.721791,57.363148],[-3.721722,57.36321],[-3.721616,57.363245],[-3.721473,57.363252],[-3.721291,57.363233],[-3.721067,57.363238],[-3.7208,57.363269],[-3.720492,57.363323],[-3.720141,57.363403],[-3.719865,57.363472],[-3.719665,57.363529],[-3.719539,57.363575],[-3.719489,57.36361],[-3.719461,57.363664],[-3.719456,57.363735],[-3.719473,57.363824],[-3.719513,57.363931],[-3.719508,57.364007],[-3.719458,57.364053],[-3.719362,57.364068],[-3.719222,57.364053],[-3.719055,57.364042],[-3.718862,57.364034],[-3.718643,57.364031],[-3.718397,57.364031],[-3.718219,57.364047],[-3.718108,57.36408],[-3.718065,57.36413],[-3.718089,57.364196],[-3.718088,57.364256],[-3.718061,57.36431],[-3.718007,57.364358],[-3.717928,57.364401],[-3.717926,57.364442],[-3.718,57.364481],[-3.718151,57.364518],[-3.718378,57.364554],[-3.718489,57.364585],[-3.718483,57.364612],[-3.71836,57.364633],[-3.71812,57.36465],[-3.717883,57.364679],[-3.717649,57.364721],[-3.717418,57.364775],[-3.717189,57.364842],[-3.717037,57.364909],[-3.716964,57.364977],[-3.716967,57.365045],[-3.717048,57.365113],[-3.717063,57.365184],[-3.717011,57.365258],[-3.716893,57.365335],[-3.716708,57.365414],[-3.71658,57.36549],[-3.716509,57.365564],[-3.716494,57.365635],[-3.716535,57.365703],[-3.716644,57.365757],[-3.716822,57.365796],[-3.717067,57.365821],[-3.71738,57.365831],[-3.717579,57.36586],[-3.717665,57.365909],[-3.717636,57.365977],[-3.717495,57.366064],[-3.717349,57.366143],[-3.717201,57.366212],[-3.717049,57.366271],[-3.716893,57.366322],[-3.716752,57.36639],[-3.716625,57.366476],[-3.716513,57.36658],[-3.716416,57.366701],[-3.716305,57.366796],[-3.71618,57.366865],[-3.716041,57.366907],[-3.715888,57.366923],[-3.71577,57.366956],[-3.715685,57.367006],[-3.715634,57.367072],[-3.715618,57.367155],[-3.715641,57.367228],[-3.715705,57.367292],[-3.715808,57.367346],[-3.715952,57.367391],[-3.716063,57.367434],[-3.716142,57.367475],[-3.716188,57.367514],[-3.716202,57.367551],[-3.716194,57.367593],[-3.716164,57.367641],[-3.716113,57.367695],[-3.71604,57.367754],[-3.716016,57.367801],[-3.716041,57.367837],[-3.716116,57.367861],[-3.716239,57.367874],[-3.716346,57.367863],[-3.716436,57.367828],[-3.716509,57.367769],[-3.716566,57.367686],[-3.716687,57.367618],[-3.716873,57.367564],[-3.717124,57.367525],[-3.71744,57.3675],[-3.717736,57.367438],[-3.718012,57.367338],[-3.718268,57.367201],[-3.718505,57.367027],[-3.718719,57.366869],[-3.718912,57.366727],[-3.719083,57.366601],[-3.719232,57.366491],[-3.719361,57.366394],[-3.719468,57.36631],[-3.719555,57.366239],[-3.71962,57.366181],[-3.719681,57.366094],[-3.719737,57.365979],[-3.719789,57.365836],[-3.719836,57.365664],[-3.719982,57.365508],[-3.720226,57.365367],[-3.72057,57.365241],[-3.721012,57.36513],[-3.721435,57.365014],[-3.721838,57.364893],[-3.722221,57.364766],[-3.722584,57.364634],[-3.722867,57.364549],[-3.723071,57.36451],[-3.723195,57.364518],[-3.723239,57.364574],[-3.723156,57.364654],[-3.722946,57.364759],[-3.722608,57.36489],[-3.722143,57.365046],[-3.721769,57.365177],[-3.721488,57.365283],[-3.721298,57.365365],[-3.721201,57.365423],[-3.721252,57.365453],[-3.721451,57.365455],[-3.721799,57.36543],[-3.722295,57.365378],[-3.722677,57.365352],[-3.722947,57.365351],[-3.723103,57.365377],[-3.723146,57.365428],[-3.723072,57.36548],[-3.722882,57.365534],[-3.722576,57.36559],[-3.722153,57.365647],[-3.721802,57.365694],[-3.721522,57.36573],[-3.721313,57.365755],[-3.721176,57.365769],[-3.721043,57.365775],[-3.720915,57.365771],[-3.720791,57.365759],[-3.720672,57.365737],[-3.720552,57.365723],[-3.72043,57.365716],[-3.720308,57.365717],[-3.720184,57.365726],[-3.720109,57.365769],[-3.720082,57.365847],[-3.720104,57.365959],[-3.720175,57.366105],[-3.720265,57.366212],[-3.720373,57.36628],[-3.720501,57.366308],[-3.720647,57.366297],[-3.720811,57.366307],[-3.720993,57.366337],[-3.721192,57.366387],[-3.721409,57.366459],[-3.721619,57.366509],[-3.72182,57.36654],[-3.722014,57.366549],[-3.722201,57.366538],[-3.722405,57.366522],[-3.722627,57.366501],[-3.722867,57.366474],[-3.723125,57.366443],[-3.723323,57.366437],[-3.723461,57.366457],[-3.723539,57.366502],[-3.723558,57.366573],[-3.723505,57.366639],[-3.723382,57.366701],[-3.723187,57.366759],[-3.722922,57.366813],[-3.722642,57.366855],[-3.722348,57.366886],[-3.72204,57.366905],[-3.721718,57.366914],[-3.721411,57.366919],[-3.721119,57.366922],[-3.720841,57.366922],[-3.720578,57.36692],[-3.72037,57.366945],[-3.720215,57.366998],[-3.720114,57.367078],[-3.720067,57.367185],[-3.719978,57.367272],[-3.719848,57.367337],[-3.719676,57.36738],[-3.719462,57.367403],[-3.719243,57.367428],[-3.71902,57.367456],[-3.718791,57.367486],[-3.718558,57.367519],[-3.718377,57.36756],[-3.718248,57.367607],[-3.718171,57.367663],[-3.718147,57.367725],[-3.718071,57.367776],[-3.717942,57.367815],[-3.717762,57.367842],[-3.71753,57.367858],[-3.717317,57.367892],[-3.717122,57.367945],[-3.716947,57.368016],[-3.71679,57.368105],[-3.716607,57.36819],[-3.7164,57.368272],[-3.716167,57.36835],[-3.715909,57.368424],[-3.715788,57.368482],[-3.715805,57.368526],[-3.715958,57.368553],[-3.716248,57.368566],[-3.716522,57.368566],[-3.716779,57.368554],[-3.71702,57.368529],[-3.717244,57.368493],[-3.717416,57.368455],[-3.717536,57.368414],[-3.717603,57.368372],[-3.717618,57.368328],[-3.71779,57.368256],[-3.718118,57.368158],[-3.718602,57.368032],[-3.719243,57.367879],[-3.719733,57.367777],[-3.720071,57.367727],[-3.720258,57.367728],[-3.720293,57.367779],[-3.720428,57.367797],[-3.720664,57.367781],[-3.721,57.367731],[-3.721437,57.367646],[-3.721832,57.367558],[-3.722186,57.367465],[-3.722499,57.367368],[-3.72277,57.367267],[-3.723044,57.367162],[-3.723321,57.367054],[-3.723601,57.366942],[-3.723883,57.366827],[-3.724153,57.366715],[-3.72441,57.366607],[-3.724654,57.366502],[-3.724886,57.366401],[-3.725131,57.366293],[-3.725389,57.366178],[-3.725661,57.366057],[-3.725946,57.365928],[-3.726265,57.365805],[-3.726617,57.365687],[-3.727003,57.365574],[-3.727423,57.365465],[-3.727766,57.365368],[-3.728031,57.365283],[-3.728219,57.365209],[-3.728331,57.365146],[-3.728455,57.365101],[-3.728592,57.365076],[-3.728743,57.36507],[-3.728906,57.365083],[-3.728999,57.36512],[-3.729022,57.365182],[-3.728975,57.365268],[-3.728858,57.365379],[-3.728742,57.365476],[-3.728627,57.365561],[-3.728513,57.365633],[-3.7284,57.365692],[-3.7283,57.365764],[-3.728213,57.36585],[-3.72814,57.36595],[-3.728079,57.366063],[-3.728024,57.366176],[-3.727974,57.366288],[-3.727931,57.3664],[-3.727893,57.36651],[-3.727822,57.366629],[-3.727719,57.366755],[-3.727582,57.366889],[-3.727413,57.367031],[-3.727252,57.367161],[-3.727098,57.36728],[-3.726952,57.367387],[-3.726813,57.367483],[-3.726694,57.367578],[-3.726594,57.367672],[-3.726514,57.367765],[-3.726453,57.367857],[-3.726389,57.367947],[-3.726323,57.368035],[-3.726254,57.368121],[-3.726183,57.368206],[-3.72609,57.368307],[-3.725976,57.368426],[-3.72584,57.368562],[-3.725683,57.368716],[-3.725518,57.368867],[-3.725343,57.369015],[-3.72516,57.369162],[-3.724968,57.369306],[-3.724711,57.369473],[-3.724389,57.369663],[-3.724003,57.369875],[-3.723552,57.370111],[-3.723183,57.370309],[-3.722898,57.370469],[-3.722696,57.370592],[-3.722577,57.370677],[-3.72241,57.370807],[-3.722193,57.370981],[-3.721928,57.371201],[-3.721614,57.371464],[-3.721311,57.371725],[-3.721018,57.371982],[-3.720737,57.372236],[-3.720465,57.372487],[-3.720224,57.372711],[-3.720012,57.372909],[-3.71983,57.37308],[-3.719678,57.373224],[-3.719574,57.373361],[-3.71952,57.373491],[-3.719514,57.373613],[-3.719557,57.373728],[-3.719547,57.373818],[-3.719484,57.373882],[-3.719367,57.373921],[-3.719198,57.373935],[-3.719062,57.373975],[-3.71896,57.374041],[-3.718891,57.374134],[-3.718856,57.374253],[-3.718863,57.374355],[-3.71891,57.37444],[-3.718999,57.374507],[-3.719129,57.374558],[-3.719215,57.374628],[-3.719256,57.374717],[-3.719253,57.374827],[-3.719206,57.374956],[-3.719096,57.375078],[-3.718921,57.375195],[-3.718683,57.375306],[-3.71838,57.37541],[-3.718135,57.375512],[-3.717946,57.375611],[-3.717813,57.375707],[-3.717737,57.3758],[-3.717659,57.375895],[-3.71758,57.375991],[-3.717499,57.376088],[-3.717417,57.376187],[-3.717378,57.376267],[-3.717381,57.376328],[-3.717427,57.376372],[-3.717515,57.376397],[-3.717586,57.376431],[-3.717638,57.376474],[-3.717672,57.376528],[-3.717687,57.37659],[-3.7177,57.376669],[-3.717712,57.376764],[-3.717722,57.376875],[-3.71773,57.377002],[-3.717769,57.377085],[-3.717838,57.377122],[-3.717939,57.377115],[-3.71807,57.377063],[-3.718222,57.37702],[-3.718397,57.376987],[-3.718592,57.376963],[-3.718809,57.376949],[-3.718997,57.376912],[-3.719157,57.376852],[-3.719289,57.37677],[-3.719393,57.376665],[-3.719528,57.376527],[-3.719694,57.376356],[-3.719891,57.376151],[-3.72012,57.375913],[-3.720322,57.375744],[-3.720498,57.375642],[-3.720648,57.375608],[-3.720772,57.375642],[-3.720944,57.375652],[-3.721165,57.375637],[-3.721434,57.375598],[-3.721751,57.375535],[-3.722023,57.375477],[-3.72225,57.375426],[-3.722431,57.37538],[-3.722567,57.37534],[-3.722732,57.375278],[-3.722927,57.375193],[-3.72315,57.375086],[-3.723404,57.374957],[-3.723627,57.374855],[-3.723821,57.374779],[-3.723985,57.374729],[-3.724119,57.374707],[-3.724259,57.374651],[-3.724405,57.374563],[-3.724556,57.374443],[-3.724713,57.374289],[-3.724895,57.374104],[-3.725103,57.373885],[-3.725336,57.373634],[-3.725595,57.37335],[-3.725798,57.373097],[-3.725945,57.372874],[-3.726036,57.372682],[-3.72607,57.37252],[-3.726146,57.372409],[-3.726262,57.372347],[-3.726418,57.372336],[-3.726615,57.372375],[-3.726784,57.372376],[-3.726924,57.372337],[-3.727036,57.37226],[-3.72712,57.372145],[-3.727229,57.372002],[-3.727364,57.371832],[-3.727524,57.371634],[-3.72771,57.371409],[-3.727843,57.371208],[-3.727923,57.371031],[-3.727951,57.370878],[-3.727926,57.370748],[-3.727914,57.370625],[-3.727915,57.370509],[-3.727928,57.370401],[-3.727953,57.3703],[-3.728021,57.370227],[-3.728131,57.370181],[-3.728283,57.370163],[-3.728477,57.370172],[-3.728642,57.370168],[-3.728778,57.370149],[-3.728884,57.370117],[-3.728962,57.37007],[-3.729031,57.369988],[-3.72909,57.369871],[-3.72914,57.369718],[-3.72918,57.36953],[-3.729231,57.369374],[-3.729292,57.36925],[-3.729363,57.369158],[-3.729443,57.369098],[-3.729534,57.369054],[-3.729634,57.369024],[-3.729743,57.369009],[-3.729862,57.369009],[-3.729955,57.368991],[-3.73002,57.368954],[-3.730059,57.368899],[-3.730071,57.368825],[-3.730026,57.368746],[-3.729923,57.368663],[-3.729763,57.368575],[-3.729546,57.368483],[-3.729371,57.36839],[-3.729237,57.368297],[-3.729145,57.368204],[-3.729094,57.368111],[-3.729119,57.368044],[-3.729219,57.368004],[-3.729394,57.36799],[-3.729644,57.368002],[-3.729875,57.368013],[-3.730085,57.368023],[-3.730274,57.368032],[-3.730444,57.36804],[-3.730538,57.36802],[-3.730556,57.367973],[-3.730498,57.367899],[-3.730365,57.367798],[-3.730275,57.367706],[-3.730228,57.367623],[-3.730225,57.36755],[-3.730264,57.367486],[-3.73036,57.367446],[-3.730513,57.36743],[-3.730722,57.367438],[-3.730988,57.36747],[-3.731189,57.367455],[-3.731324,57.367394],[-3.731395,57.367286],[-3.731401,57.367131],[-3.731382,57.366965],[-3.73134,57.366788],[-3.731273,57.366599],[-3.731183,57.3664],[-3.731127,57.366217],[-3.731105,57.366053],[-3.731117,57.365906],[-3.731164,57.365777],[-3.73123,57.365668],[-3.731316,57.365578],[-3.73142,57.365507],[-3.731544,57.365455],[-3.73163,57.365352],[-3.731679,57.365197],[-3.731691,57.364991],[-3.731666,57.364733],[-3.731645,57.364512],[-3.731628,57.364328],[-3.731614,57.36418],[-3.731605,57.36407],[-3.73159,57.363968],[-3.731571,57.363874],[-3.731547,57.363788],[-3.731517,57.36371],[-3.731487,57.363633],[-3.731454,57.363557],[-3.731421,57.363483],[-3.731385,57.363409],[-3.731387,57.363333],[-3.731425,57.363254],[-3.731499,57.363173],[-3.73161,57.363089],[-3.731684,57.362983],[-3.73172,57.362858],[-3.731719,57.362712],[-3.731681,57.362545],[-3.731688,57.362415],[-3.73174,57.362321],[-3.731838,57.362265],[-3.731981,57.362246],[-3.73208,57.362277],[-3.732135,57.362359],[-3.732145,57.362492],[-3.73211,57.362675],[-3.732116,57.36286],[-3.732162,57.363048],[-3.732249,57.363237],[-3.732376,57.363429],[-3.732516,57.363563],[-3.732667,57.363639],[-3.73283,57.363657],[-3.733006,57.363617],[-3.733127,57.363561],[-3.733195,57.363487],[-3.733209,57.363397],[-3.733169,57.36329],[-3.733166,57.363202],[-3.733199,57.363132],[-3.733269,57.363081],[-3.733376,57.363048],[-3.733505,57.363023],[-3.733657,57.363005],[-3.733831,57.362994],[-3.734028,57.36299],[-3.734193,57.362995],[-3.734325,57.363009],[-3.734425,57.363032],[-3.734492,57.363063],[-3.734566,57.363071],[-3.734648,57.363056],[-3.734737,57.363018],[-3.734833,57.362957],[-3.734909,57.36289],[-3.734965,57.362818],[-3.735002,57.36274],[-3.735018,57.362657],[-3.735086,57.36259],[-3.735206,57.362539],[-3.735377,57.362504],[-3.7356,57.362485],[-3.735769,57.362448],[-3.735883,57.362393],[-3.735943,57.362321],[-3.735949,57.36223],[-3.735949,57.362147],[-3.735945,57.36207],[-3.735935,57.362001],[-3.735919,57.361938],[-3.735922,57.361873],[-3.735944,57.361804],[-3.735985,57.361733],[-3.736044,57.361658],[-3.736113,57.361631],[-3.736192,57.36165],[-3.73628,57.361717],[-3.736378,57.36183],[-3.736509,57.361893],[-3.736672,57.361906],[-3.736868,57.361868],[-3.737097,57.36178],[-3.737324,57.361677],[-3.73755,57.361559],[-3.737774,57.361427],[-3.737996,57.36128],[-3.738141,57.361142],[-3.738209,57.361016],[-3.738199,57.360899],[-3.738112,57.360793],[-3.738088,57.360713],[-3.738127,57.36066],[-3.73823,57.360633],[-3.738397,57.360632],[-3.738553,57.3606],[-3.7387,57.360535],[-3.738836,57.360439],[-3.738962,57.36031],[-3.739046,57.36019],[-3.739088,57.360079],[-3.739087,57.359976],[-3.739044,57.359882],[-3.739078,57.359798],[-3.739188,57.359722],[-3.739375,57.359655],[-3.739639,57.359598],[-3.739839,57.359521],[-3.739974,57.359426],[-3.740044,57.359311],[-3.74005,57.359178],[-3.740093,57.359072],[-3.740175,57.358993],[-3.740294,57.358941],[-3.740451,57.358916],[-3.740596,57.358874],[-3.740729,57.358815],[-3.740849,57.358739],[-3.740957,57.358647],[-3.741092,57.358542],[-3.741254,57.358424],[-3.741444,57.358294],[-3.74166,57.358151],[-3.741819,57.35811],[-3.741921,57.35817],[-3.741965,57.358331],[-3.741952,57.358593],[-3.741953,57.358839],[-3.741967,57.359068],[-3.741995,57.359281],[-3.742037,57.359478],[-3.742071,57.359643],[-3.742098,57.359777],[-3.742116,57.35988],[-3.742127,57.359951],[-3.742167,57.360033],[-3.742237,57.360124],[-3.742336,57.360224],[-3.742465,57.360335],[-3.742519,57.360433],[-3.7425,57.360518],[-3.742406,57.360591],[-3.742238,57.360651],[-3.742152,57.360702],[-3.742148,57.360743],[-3.742225,57.360775],[-3.742384,57.360796],[-3.742543,57.360788],[-3.742703,57.36075],[-3.742864,57.360682],[-3.743026,57.360583],[-3.743173,57.360494],[-3.743305,57.360414],[-3.743424,57.360343],[-3.743527,57.360281],[-3.743614,57.360199],[-3.743683,57.360097],[-3.743735,57.359977],[-3.743769,57.359836],[-3.743811,57.359746],[-3.74386,57.359707],[-3.743915,57.359718],[-3.743978,57.35978],[-3.744041,57.35981],[-3.744103,57.359807],[-3.744166,57.359773],[-3.744228,57.359707],[-3.744313,57.359641],[-3.74442,57.359576],[-3.744548,57.359513],[-3.744699,57.35945],[-3.744843,57.359394],[-3.744979,57.359345],[-3.745109,57.359304],[-3.745231,57.35927],[-3.745346,57.359213],[-3.745455,57.359133],[-3.745557,57.35903],[-3.745653,57.358905],[-3.7458,57.358847],[-3.745999,57.358859],[-3.746249,57.358938],[-3.74655,57.359086],[-3.7468,57.3592],[-3.747001,57.359279],[-3.74715,57.359324],[-3.74725,57.359335],[-3.747366,57.359295],[-3.747498,57.359204],[-3.747647,57.359062],[-3.747813,57.35887],[-3.747956,57.358712],[-3.748077,57.358591],[-3.748176,57.358504],[-3.748252,57.358453],[-3.748397,57.358395],[-3.74861,57.35833],[-3.748893,57.358258],[-3.749243,57.358178],[-3.749529,57.358126],[-3.74975,57.3581],[-3.749905,57.358102],[-3.749995,57.358131],[-3.750035,57.358179],[-3.750024,57.358247],[-3.749964,57.358333],[-3.749852,57.358439],[-3.749768,57.358532],[-3.749711,57.358613],[-3.749682,57.358681],[-3.749679,57.358737],[-3.749724,57.358768],[-3.749817,57.358773],[-3.749958,57.358753],[-3.750147,57.358707],[-3.750348,57.35866],[-3.75056,57.358612],[-3.750783,57.358563],[-3.751018,57.358513],[-3.75121,57.358501],[-3.751359,57.358528],[-3.751465,57.358594],[-3.751528,57.358698],[-3.751543,57.358802],[-3.751509,57.358903],[-3.751428,57.359004],[-3.751299,57.359103],[-3.751138,57.359193],[-3.750946,57.359273],[-3.750722,57.359343],[-3.750468,57.359404],[-3.750233,57.359466],[-3.750019,57.35953],[-3.749825,57.359594],[-3.749651,57.359659],[-3.749506,57.359731],[-3.749388,57.35981],[-3.749299,57.359895],[-3.749238,57.359987],[-3.749235,57.360062],[-3.749288,57.360121],[-3.749399,57.360162],[-3.749567,57.360187],[-3.749763,57.360181],[-3.749987,57.360142],[-3.750238,57.360072],[-3.750517,57.35997],[-3.750751,57.35989],[-3.750939,57.359831],[-3.751082,57.359795],[-3.751179,57.35978],[-3.751253,57.359791],[-3.751302,57.359826],[-3.751326,57.359887],[-3.751327,57.359972],[-3.751338,57.36005],[-3.75136,57.36012],[-3.751394,57.360183],[-3.751438,57.360238],[-3.751457,57.36029],[-3.751451,57.360337],[-3.75142,57.360381],[-3.751364,57.360421],[-3.75132,57.360489],[-3.751288,57.360584],[-3.751269,57.360707],[-3.751262,57.360858],[-3.751301,57.360972],[-3.751385,57.361051],[-3.751517,57.361094],[-3.751694,57.361101],[-3.751819,57.361129],[-3.751893,57.361179],[-3.751916,57.36125],[-3.751888,57.361343],[-3.751799,57.361398],[-3.751651,57.361416],[-3.751443,57.361396],[-3.751176,57.361339],[-3.750937,57.361288],[-3.750726,57.361244],[-3.750544,57.361207],[-3.750389,57.361176],[-3.750222,57.361147],[-3.750041,57.361119],[-3.749846,57.361092],[-3.749639,57.361067],[-3.749444,57.361051],[-3.749264,57.361045],[-3.749096,57.361047],[-3.748942,57.361059],[-3.748815,57.361005],[-3.748714,57.360885],[-3.748641,57.3607],[-3.748594,57.360448],[-3.748499,57.36028],[-3.748356,57.360194],[-3.748165,57.360192],[-3.747926,57.360273],[-3.747745,57.360345],[-3.747622,57.360409],[-3.747558,57.360465],[-3.747552,57.360513],[-3.747579,57.360548],[-3.747638,57.360569],[-3.747731,57.360578],[-3.747856,57.360573],[-3.747963,57.360606],[-3.748054,57.360678],[-3.748127,57.360788],[-3.748182,57.360936],[-3.748184,57.361051],[-3.748131,57.361134],[-3.748025,57.361184],[-3.747865,57.3612],[-3.747713,57.361182],[-3.74757,57.361129],[-3.747436,57.36104],[-3.74731,57.360917],[-3.747183,57.360816],[-3.747055,57.360737],[-3.746925,57.360682],[-3.746794,57.360648],[-3.746679,57.360628],[-3.746581,57.360622],[-3.7465,57.360628],[-3.746436,57.360648],[-3.746411,57.360702],[-3.746424,57.36079],[-3.746476,57.360913],[-3.746567,57.36107],[-3.746597,57.361178],[-3.746568,57.361237],[-3.746478,57.361246],[-3.746328,57.361206],[-3.746203,57.361148],[-3.746103,57.361071],[-3.746027,57.360975],[-3.745977,57.360861],[-3.745907,57.360797],[-3.74582,57.360785],[-3.745713,57.360824],[-3.745588,57.360914],[-3.74548,57.36101],[-3.745387,57.361112],[-3.74531,57.361219],[-3.745249,57.361333],[-3.745151,57.361392],[-3.745014,57.361398],[-3.744839,57.36135],[-3.744627,57.361249],[-3.744427,57.361176],[-3.74424,57.361131],[-3.744065,57.361115],[-3.743904,57.361128],[-3.743744,57.361156],[-3.743585,57.361198],[-3.743428,57.361255],[-3.743272,57.361327],[-3.743136,57.361401],[-3.743017,57.361478],[-3.742918,57.361557],[-3.742837,57.361638],[-3.742762,57.361707],[-3.742692,57.361763],[-3.742627,57.361807],[-3.742568,57.361839],[-3.742476,57.361865],[-3.742353,57.361884],[-3.742197,57.361898],[-3.742009,57.361905],[-3.74184,57.361945],[-3.741689,57.362018],[-3.741557,57.362125],[-3.741443,57.362266],[-3.741342,57.362372],[-3.741254,57.362446],[-3.74118,57.362486],[-3.741119,57.362492],[-3.741035,57.362497],[-3.740929,57.362499],[-3.740801,57.3625],[-3.740649,57.362499],[-3.740487,57.362494],[-3.740314,57.362487],[-3.740129,57.362476],[-3.739934,57.362463],[-3.739741,57.362476],[-3.739549,57.362515],[-3.73936,57.362581],[-3.739172,57.362673],[-3.73901,57.36276],[-3.738874,57.362841],[-3.738763,57.362915],[-3.738678,57.362984],[-3.73861,57.363107],[-3.738561,57.363283],[-3.73853,57.363513],[-3.738517,57.363796],[-3.738508,57.364041],[-3.738502,57.364247],[-3.738499,57.364414],[-3.738499,57.364542],[-3.738508,57.364661],[-3.738525,57.36477],[-3.73855,57.36487],[-3.738584,57.36496],[-3.738626,57.365045],[-3.738675,57.365123],[-3.738731,57.365195],[-3.738796,57.365261],[-3.738881,57.365294],[-3.738988,57.365293],[-3.739116,57.365259],[-3.739266,57.365192],[-3.739458,57.365123],[-3.739693,57.365051],[-3.73997,57.364977],[-3.740291,57.364901],[-3.740585,57.364829],[-3.740854,57.364762],[-3.741096,57.3647],[-3.741313,57.364643],[-3.741557,57.36457],[-3.741829,57.364479],[-3.742127,57.364372],[-3.742454,57.364248],[-3.742737,57.364147],[-3.742978,57.36407],[-3.743177,57.364018],[-3.743332,57.363988],[-3.743496,57.36396],[-3.743669,57.363934],[-3.74385,57.363908],[-3.744039,57.363884],[-3.744228,57.363843],[-3.744416,57.363784],[-3.744604,57.363709],[-3.744791,57.363617],[-3.744933,57.363533],[-3.745028,57.363459],[-3.745077,57.363394],[-3.74508,57.363338],[-3.745186,57.363266],[-3.745395,57.363178],[-3.745707,57.363074],[-3.746121,57.362953],[-3.74644,57.362878],[-3.746663,57.362848],[-3.74679,57.362863],[-3.74682,57.362924],[-3.74679,57.362992],[-3.746699,57.363065],[-3.746546,57.363145],[-3.746333,57.363232],[-3.746258,57.363302],[-3.746321,57.363355],[-3.746523,57.363392],[-3.746864,57.363411],[-3.747114,57.363465],[-3.747274,57.363553],[-3.747343,57.363675],[-3.747323,57.363831],[-3.747281,57.363957],[-3.747218,57.364054],[-3.747133,57.36412],[-3.747028,57.364157],[-3.746906,57.36418],[-3.746766,57.364188],[-3.746609,57.364182],[-3.746435,57.364162],[-3.746263,57.364178],[-3.746092,57.36423],[-3.745923,57.364318],[-3.745755,57.364443],[-3.745601,57.364562],[-3.745461,57.364675],[-3.745335,57.364782],[-3.745222,57.364884],[-3.745124,57.364972],[-3.745041,57.365047],[-3.744973,57.365109],[-3.74492,57.365157],[-3.744837,57.365217],[-3.744725,57.365289],[-3.744584,57.365372],[-3.744413,57.365467],[-3.744251,57.36557],[-3.744098,57.36568],[-3.743954,57.365798],[-3.743818,57.365923],[-3.743682,57.36604],[-3.743544,57.366149],[-3.743405,57.366249],[-3.743265,57.36634],[-3.743134,57.366451],[-3.743012,57.366582],[-3.742899,57.366731],[-3.742796,57.366901],[-3.742767,57.36703],[-3.742812,57.367119],[-3.742932,57.367168],[-3.743126,57.367178],[-3.743313,57.367138],[-3.743494,57.367048],[-3.743668,57.366909],[-3.743835,57.366721],[-3.743972,57.366551],[-3.744079,57.366401],[-3.744155,57.36627],[-3.7442,57.366159],[-3.744266,57.366092],[-3.744353,57.36607],[-3.744461,57.366093],[-3.744589,57.36616],[-3.744715,57.366174],[-3.744839,57.366133],[-3.74496,57.366038],[-3.745079,57.365889],[-3.745197,57.365777],[-3.745316,57.365702],[-3.745435,57.365665],[-3.745554,57.365665],[-3.745636,57.365645],[-3.74568,57.365604],[-3.745687,57.365542],[-3.745656,57.36546],[-3.745669,57.3654],[-3.745726,57.365362],[-3.745827,57.365346],[-3.745972,57.365352],[-3.746149,57.36532],[-3.746356,57.365249],[-3.746595,57.365139],[-3.746864,57.364991],[-3.747067,57.364902],[-3.747203,57.364873],[-3.747272,57.364903],[-3.747274,57.364993],[-3.747272,57.365088],[-3.747266,57.365189],[-3.747256,57.365296],[-3.747243,57.365409],[-3.747249,57.365488],[-3.747274,57.365535],[-3.747319,57.365548],[-3.747383,57.365528],[-3.747444,57.365479],[-3.747502,57.365401],[-3.747556,57.365292],[-3.747608,57.365154],[-3.747658,57.365017],[-3.747706,57.364882],[-3.747753,57.364748],[-3.747798,57.364615],[-3.747867,57.364518],[-3.747959,57.364457],[-3.748075,57.364432],[-3.748214,57.364443],[-3.748305,57.364468],[-3.748348,57.364509],[-3.748342,57.364564],[-3.748289,57.364634],[-3.748242,57.364703],[-3.7482,57.364771],[-3.748164,57.364839],[-3.748134,57.364906],[-3.748117,57.364989],[-3.748114,57.365088],[-3.748125,57.365202],[-3.74815,57.365332],[-3.748161,57.365456],[-3.748157,57.365574],[-3.74814,57.365686],[-3.748108,57.365792],[-3.748098,57.365903],[-3.74811,57.366019],[-3.748144,57.366141],[-3.748199,57.366268],[-3.748255,57.366342],[-3.74831,57.366364],[-3.748366,57.366333],[-3.748423,57.36625],[-3.748469,57.366173],[-3.748505,57.366101],[-3.748532,57.366034],[-3.748548,57.365972],[-3.748587,57.365922],[-3.748648,57.365884],[-3.748731,57.365857],[-3.748837,57.365841],[-3.748929,57.365844],[-3.749008,57.365866],[-3.749075,57.365906],[-3.749129,57.365965],[-3.74919,57.365992],[-3.749261,57.365989],[-3.749339,57.365955],[-3.749426,57.36589],[-3.749558,57.365836],[-3.749736,57.365792],[-3.749959,57.365757],[-3.750228,57.365733],[-3.750455,57.365709],[-3.75064,57.365686],[-3.750784,57.365662],[-3.750886,57.365638],[-3.751014,57.365605],[-3.751168,57.36556],[-3.751348,57.365506],[-3.751554,57.365442],[-3.751734,57.365366],[-3.751888,57.365279],[-3.752016,57.365182],[-3.752118,57.365073],[-3.752223,57.364977],[-3.752331,57.364895],[-3.752442,57.364827],[-3.752557,57.364772],[-3.752691,57.364734],[-3.752846,57.364714],[-3.753021,57.36471],[-3.753217,57.364724],[-3.753431,57.364712],[-3.753663,57.364675],[-3.753913,57.364612],[-3.754181,57.364524],[-3.754401,57.36445],[-3.754574,57.364392],[-3.754698,57.364348],[-3.754774,57.364318],[-3.754821,57.364267],[-3.754837,57.364195],[-3.754824,57.364101],[-3.754781,57.363986],[-3.754803,57.363866],[-3.754891,57.363741],[-3.755045,57.363612],[-3.755265,57.363478],[-3.755471,57.363362],[-3.755665,57.363265],[-3.755845,57.363186],[-3.756013,57.363125],[-3.756184,57.363073],[-3.756358,57.363029],[-3.756535,57.362993],[-3.756715,57.362966],[-3.756922,57.362904],[-3.757156,57.362809],[-3.757417,57.36268],[-3.757705,57.362517],[-3.757982,57.362385],[-3.75825,57.362285],[-3.758507,57.362215],[-3.758755,57.362176],[-3.758974,57.362131],[-3.759165,57.362081],[-3.759329,57.362025],[-3.759465,57.361964],[-3.7596,57.361935],[-3.759736,57.361938],[-3.759872,57.361973],[-3.760008,57.362039],[-3.760086,57.36211],[-3.760106,57.362185],[-3.760069,57.362264],[-3.759973,57.362347],[-3.759897,57.362425],[-3.759842,57.362499],[-3.759806,57.362569],[-3.759791,57.362635],[-3.75977,57.362706],[-3.759743,57.362781],[-3.75971,57.362862],[-3.75967,57.362947],[-3.759628,57.363035],[-3.759582,57.363125],[-3.759534,57.363218],[-3.759482,57.363313],[-3.759426,57.363379],[-3.759364,57.363416],[-3.759297,57.363423],[-3.759225,57.3634],[-3.759163,57.363362],[-3.759111,57.363308],[-3.759069,57.363237],[-3.759037,57.363151],[-3.758985,57.363082],[-3.758915,57.363032],[-3.758825,57.363],[-3.758717,57.362986],[-3.758607,57.362984],[-3.758497,57.362996],[-3.758385,57.363021],[-3.758272,57.363058],[-3.758174,57.363109],[-3.758091,57.363173],[-3.758023,57.363251],[-3.75797,57.363342],[-3.757985,57.363409],[-3.758069,57.363452],[-3.75822,57.36347],[-3.75844,57.363464],[-3.758595,57.363471],[-3.758686,57.363491],[-3.758713,57.363525],[-3.758675,57.363572],[-3.758642,57.363618],[-3.758616,57.363663],[-3.758595,57.363708],[-3.75858,57.363753],[-3.758615,57.363782],[-3.7587,57.363797],[-3.758834,57.363796],[-3.759019,57.363781],[-3.759244,57.363769],[-3.759511,57.36376],[-3.759818,57.363755],[-3.760166,57.363752],[-3.760441,57.36373],[-3.760643,57.363687],[-3.760773,57.363624],[-3.760829,57.363541],[-3.760892,57.36345],[-3.760962,57.363351],[-3.761038,57.363243],[-3.761122,57.363128],[-3.761211,57.363026],[-3.761305,57.362939],[-3.761405,57.362867],[-3.76151,57.362809],[-3.761632,57.362749],[-3.761772,57.362687],[-3.761928,57.362624],[-3.762102,57.362558],[-3.762262,57.362488],[-3.762409,57.362413],[-3.762541,57.362332],[-3.76266,57.362247],[-3.762763,57.362167],[-3.762849,57.362092],[-3.76292,57.362021],[-3.762975,57.361955],[-3.763045,57.361895],[-3.763131,57.361838],[-3.763233,57.361787],[-3.76335,57.361741],[-3.763477,57.361698],[-3.763614,57.36166],[-3.76376,57.361627],[-3.763916,57.361598],[-3.763998,57.361622],[-3.764007,57.3617],[-3.763944,57.361832],[-3.763807,57.362017],[-3.763679,57.362193],[-3.763559,57.36236],[-3.763447,57.362517],[-3.763344,57.362665],[-3.763255,57.362794],[-3.763182,57.362904],[-3.763123,57.362996],[-3.763079,57.363069],[-3.763024,57.36314],[-3.762959,57.363209],[-3.762883,57.363275],[-3.762796,57.36334],[-3.762683,57.363415],[-3.762545,57.3635],[-3.76238,57.363596],[-3.76219,57.363701],[-3.762024,57.363794],[-3.761883,57.363873],[-3.761767,57.363938],[-3.761675,57.363991],[-3.761524,57.364068],[-3.761312,57.364169],[-3.76104,57.364295],[-3.760707,57.364445],[-3.76041,57.364584],[-3.760148,57.36471],[-3.759921,57.364823],[-3.759729,57.364925],[-3.759579,57.365023],[-3.759472,57.365117],[-3.759407,57.365209],[-3.759384,57.365297],[-3.759427,57.365364],[-3.759536,57.36541],[-3.75971,57.365435],[-3.75995,57.36544],[-3.760137,57.365436],[-3.760271,57.365424],[-3.760353,57.365404],[-3.760382,57.365375],[-3.760383,57.365346],[-3.760356,57.365317],[-3.760301,57.365288],[-3.760219,57.365258],[-3.76016,57.365218],[-3.760126,57.365168],[-3.760115,57.365108],[-3.760129,57.365039],[-3.760176,57.36498],[-3.760258,57.364933],[-3.760373,57.364897],[-3.760523,57.364873],[-3.760668,57.364842],[-3.760808,57.364803],[-3.760944,57.364758],[-3.761075,57.364706],[-3.76118,57.364652],[-3.761258,57.364597],[-3.76131,57.36454],[-3.761336,57.364482],[-3.761366,57.364425],[-3.761401,57.36437],[-3.761441,57.364317],[-3.761485,57.364265],[-3.76154,57.364217],[-3.761606,57.364171],[-3.761683,57.364129],[-3.761772,57.364089],[-3.761898,57.364057],[-3.762063,57.364031],[-3.762266,57.364012],[-3.762507,57.363999],[-3.762697,57.363971],[-3.762835,57.363926],[-3.762921,57.363866],[-3.762956,57.363789],[-3.762975,57.363722],[-3.762977,57.363664],[-3.762962,57.363616],[-3.762932,57.363576],[-3.76296,57.363539],[-3.763046,57.363504],[-3.76319,57.363472],[-3.763393,57.363442],[-3.763596,57.363407],[-3.763799,57.363366],[-3.764002,57.36332],[-3.764205,57.363269],[-3.764372,57.363214],[-3.764505,57.363155],[-3.764603,57.363092],[-3.764665,57.363026],[-3.764705,57.362965],[-3.764724,57.362909],[-3.764722,57.362859],[-3.764697,57.362815],[-3.764646,57.362781],[-3.76457,57.362757],[-3.764468,57.362743],[-3.764339,57.362739],[-3.764226,57.362743],[-3.764127,57.362753],[-3.764042,57.362771],[-3.763972,57.362795],[-3.763915,57.362802],[-3.763871,57.362792],[-3.763841,57.362764],[-3.763824,57.362719],[-3.763834,57.362661],[-3.763871,57.362591],[-3.763936,57.362508],[-3.764027,57.362413],[-3.764104,57.362332],[-3.764166,57.362266],[-3.764214,57.362214],[-3.764247,57.362176],[-3.764299,57.36213],[-3.76437,57.362075],[-3.76446,57.362013],[-3.764568,57.361941],[-3.764673,57.361868],[-3.764776,57.361793],[-3.764876,57.361716],[-3.764974,57.361638],[-3.765039,57.361565],[-3.765073,57.361497],[-3.765076,57.361435],[-3.765047,57.361378],[-3.765014,57.361321],[-3.764977,57.361265],[-3.764936,57.36121],[-3.764892,57.361155],[-3.764871,57.361106],[-3.764875,57.361062],[-3.764903,57.361025],[-3.764954,57.360994],[-3.764994,57.360958],[-3.765022,57.360917],[-3.765039,57.36087],[-3.765043,57.360818],[-3.765056,57.360769],[-3.765078,57.360721],[-3.765109,57.360677],[-3.765149,57.360634],[-3.765182,57.360586],[-3.76521,57.360534],[-3.765233,57.360477],[-3.765249,57.360416],[-3.765277,57.360351],[-3.765314,57.360283],[-3.765363,57.360212],[-3.765422,57.360137],[-3.765487,57.360061],[-3.765557,57.359983],[-3.765632,57.359903],[-3.765713,57.359822],[-3.765797,57.359745],[-3.765884,57.359671],[-3.765975,57.359602],[-3.76607,57.359536],[-3.766161,57.359467],[-3.766248,57.359394],[-3.766332,57.359316],[-3.766413,57.359235],[-3.766525,57.359139],[-3.76667,57.359027],[-3.766847,57.358901],[-3.767055,57.358759],[-3.767241,57.358661],[-3.767403,57.358608],[-3.767542,57.358599],[-3.767658,57.358633],[-3.767777,57.358658],[-3.767897,57.358673],[-3.76802,57.358679],[-3.768146,57.358674],[-3.768245,57.358653],[-3.768318,57.358615],[-3.768365,57.358561],[-3.768386,57.35849],[-3.768444,57.358433],[-3.768538,57.358389],[-3.768669,57.358358],[-3.768837,57.35834],[-3.768983,57.358315],[-3.769105,57.358283],[-3.769206,57.358244],[-3.769283,57.358197],[-3.769367,57.358134],[-3.769456,57.358054],[-3.76955,57.357957],[-3.769651,57.357844],[-3.769769,57.357752],[-3.769905,57.357682],[-3.77006,57.357634],[-3.770232,57.357607],[-3.770396,57.357546],[-3.77055,57.357451],[-3.770696,57.357321],[-3.770833,57.357157],[-3.770959,57.356991],[-3.771074,57.356823],[-3.771179,57.356652],[-3.771273,57.35648],[-3.771356,57.356268],[-3.771428,57.356017],[-3.77149,57.355726],[-3.77154,57.355396],[-3.771578,57.355127],[-3.771603,57.354919],[-3.771616,57.354772],[-3.771615,57.354687],[-3.771749,57.354576],[-3.772015,57.354441],[-3.772415,57.354282],[-3.772949,57.354097],[-3.773508,57.353913],[-3.774094,57.353729],[-3.774705,57.353546],[-3.775342,57.353363],[-3.775957,57.353148],[-3.77655,57.352899],[-3.77712,57.352618],[-3.777669,57.352303],[-3.778102,57.352094],[-3.778419,57.35199],[-3.778622,57.351991],[-3.778709,57.352097],[-3.778756,57.352215],[-3.778761,57.352345],[-3.778725,57.352487],[-3.778647,57.35264],[-3.778601,57.352793],[-3.778587,57.352944],[-3.778603,57.353094],[-3.778651,57.353243],[-3.778686,57.353393],[-3.778707,57.353545],[-3.778715,57.353698],[-3.778709,57.353852],[-3.778707,57.353999],[-3.778707,57.354138],[-3.778711,57.354269],[-3.778718,57.354392],[-3.778703,57.354507],[-3.778668,57.354614],[-3.778611,57.354711],[-3.778534,57.354801],[-3.778487,57.354924],[-3.778471,57.355082],[-3.778485,57.355274],[-3.77853,57.3555],[-3.778588,57.355663],[-3.778657,57.355763],[-3.778738,57.355799],[-3.778831,57.355772],[-3.778917,57.355779],[-3.778995,57.35582],[-3.779067,57.355895],[-3.779132,57.356003],[-3.779116,57.356095],[-3.779021,57.356169],[-3.778846,57.356226],[-3.778592,57.356266],[-3.778411,57.356359],[-3.778304,57.356508],[-3.77827,57.35671],[-3.778311,57.356966],[-3.778245,57.357187],[-3.778073,57.357372],[-3.777794,57.357521],[-3.777408,57.357635],[-3.777114,57.35775],[-3.776912,57.357868],[-3.776802,57.357987],[-3.776785,57.358109],[-3.776741,57.35823],[-3.776671,57.358351],[-3.776575,57.358471],[-3.776454,57.35859],[-3.776345,57.358707],[-3.776248,57.358819],[-3.776164,57.358929],[-3.776093,57.359035],[-3.776013,57.359138],[-3.775924,57.35924],[-3.775826,57.359339],[-3.77572,57.359435],[-3.775611,57.35953],[-3.775499,57.359623],[-3.775384,57.359714],[-3.775267,57.359804],[-3.775142,57.359882],[-3.775009,57.35995],[-3.774867,57.360006],[-3.774718,57.360052],[-3.774565,57.360094],[-3.774409,57.360132],[-3.774249,57.360166],[-3.774086,57.360196],[-3.773917,57.360227],[-3.773743,57.360261],[-3.773564,57.360296],[-3.773379,57.360332],[-3.773265,57.360365],[-3.77322,57.360393],[-3.773245,57.360417],[-3.773339,57.360437],[-3.773421,57.360475],[-3.77349,57.360532],[-3.773546,57.360607],[-3.773589,57.360701],[-3.773632,57.360783],[-3.773674,57.360854],[-3.773716,57.360912],[-3.773757,57.360959],[-3.773813,57.360998],[-3.773885,57.361029],[-3.773971,57.361052],[-3.774071,57.361067],[-3.774191,57.361105],[-3.774328,57.361165],[-3.774484,57.361248],[-3.774659,57.361354],[-3.774733,57.361437],[-3.774708,57.361497],[-3.774584,57.361535],[-3.774359,57.36155],[-3.774188,57.361584],[-3.774069,57.361637],[-3.774003,57.361709],[-3.773989,57.361801],[-3.774019,57.361884],[-3.774091,57.36196],[-3.774206,57.362028],[-3.774363,57.362088],[-3.774509,57.362144],[-3.774644,57.362196],[-3.774767,57.362244],[-3.774878,57.362288],[-3.774914,57.36233],[-3.774874,57.362371],[-3.774757,57.36241],[-3.774565,57.362447],[-3.774371,57.362468],[-3.774174,57.362472],[-3.773974,57.362458],[-3.773773,57.362428],[-3.773584,57.362412],[-3.773409,57.362409],[-3.773246,57.36242],[-3.773097,57.362444],[-3.772953,57.362468],[-3.772815,57.362491],[-3.772682,57.362513],[-3.772556,57.362535],[-3.772443,57.362553],[-3.772345,57.362565],[-3.77226,57.362573],[-3.77219,57.362576],[-3.77211,57.362573],[-3.772019,57.362563],[-3.771918,57.362547],[-3.771806,57.362525],[-3.771732,57.362487],[-3.771696,57.362433],[-3.771698,57.362363],[-3.771737,57.362278],[-3.771732,57.36221],[-3.771681,57.36216],[-3.771586,57.362127],[-3.771445,57.362112],[-3.771332,57.36208],[-3.771246,57.362031],[-3.771188,57.361966],[-3.771157,57.361883],[-3.771112,57.3618],[-3.771052,57.361714],[-3.770978,57.361627],[-3.770889,57.361538],[-3.770817,57.361505],[-3.770762,57.361528],[-3.770724,57.361606],[-3.770703,57.361741],[-3.770658,57.361848],[-3.770589,57.361928],[-3.770496,57.361981],[-3.770378,57.362006],[-3.770279,57.361974],[-3.770198,57.361884],[-3.770135,57.361737],[-3.77009,57.361532],[-3.770026,57.361396],[-3.769945,57.361327],[-3.769846,57.361327],[-3.769729,57.361395],[-3.76967,57.361491],[-3.769668,57.361615],[-3.769726,57.361767],[-3.769841,57.361947],[-3.769903,57.362081],[-3.769911,57.362168],[-3.769867,57.362208],[-3.769769,57.362201],[-3.769662,57.362164],[-3.769546,57.362097],[-3.76942,57.362],[-3.769286,57.361874],[-3.769128,57.361792],[-3.768948,57.361755],[-3.768745,57.361764],[-3.768519,57.361818],[-3.768315,57.361872],[-3.768134,57.361928],[-3.767975,57.361984],[-3.767837,57.362041],[-3.767723,57.362091],[-3.767632,57.362132],[-3.767563,57.362166],[-3.767517,57.362193],[-3.76752,57.362231],[-3.76757,57.362281],[-3.767669,57.362343],[-3.767816,57.362418],[-3.767898,57.362488],[-3.767915,57.362555],[-3.767867,57.362617],[-3.767754,57.362676],[-3.767683,57.362735],[-3.767654,57.362794],[-3.767666,57.362852],[-3.767719,57.362911],[-3.767845,57.362965],[-3.768042,57.363015],[-3.768311,57.36306],[-3.768651,57.363101],[-3.768938,57.36314],[-3.76917,57.363178],[-3.769348,57.363214],[-3.769472,57.363248],[-3.769585,57.363313],[-3.769689,57.363409],[-3.769782,57.363536],[-3.769865,57.363694],[-3.769964,57.363831],[-3.770079,57.363947],[-3.77021,57.364042],[-3.770356,57.364116],[-3.770513,57.36418],[-3.77068,57.364233],[-3.770856,57.364275],[-3.771043,57.364307],[-3.771214,57.364346],[-3.771371,57.364394],[-3.771513,57.36445],[-3.77164,57.364513],[-3.771765,57.364573],[-3.771889,57.364628],[-3.772011,57.364679],[-3.772132,57.364726],[-3.772247,57.364758],[-3.772356,57.364774],[-3.77246,57.364775],[-3.772557,57.364761],[-3.77265,57.364743],[-3.772738,57.364723],[-3.772821,57.364701],[-3.772898,57.364675],[-3.772988,57.364661],[-3.773089,57.364656],[-3.773203,57.364663],[-3.773328,57.364679],[-3.77349,57.364715],[-3.773689,57.364768],[-3.773924,57.364841],[-3.774196,57.364932],[-3.774426,57.365031],[-3.774612,57.365137],[-3.774756,57.365251],[-3.774857,57.365373],[-3.774901,57.365501],[-3.774888,57.365635],[-3.774818,57.365775],[-3.77469,57.365921],[-3.774577,57.366063],[-3.774478,57.366202],[-3.774394,57.366337],[-3.774324,57.366468],[-3.774247,57.36658],[-3.774163,57.366672],[-3.774071,57.366745],[-3.773972,57.366798],[-3.773879,57.366846],[-3.773792,57.36689],[-3.773712,57.366928],[-3.773637,57.366962],[-3.773574,57.367011],[-3.773523,57.367076],[-3.773484,57.367157],[-3.773457,57.367254],[-3.773409,57.367326],[-3.773338,57.367372],[-3.773247,57.367392],[-3.773134,57.367387],[-3.773009,57.367382],[-3.772872,57.367377],[-3.772724,57.367372],[-3.772564,57.367368],[-3.772412,57.367375],[-3.772268,57.367395],[-3.772133,57.367426],[-3.772007,57.367469],[-3.771858,57.367512],[-3.771687,57.367553],[-3.771494,57.367594],[-3.771279,57.367634],[-3.771068,57.367686],[-3.770863,57.36775],[-3.770661,57.367827],[-3.770465,57.367916],[-3.770308,57.36797],[-3.770192,57.367989],[-3.770117,57.367972],[-3.770082,57.36792],[-3.770068,57.367848],[-3.770077,57.367755],[-3.770108,57.367642],[-3.770161,57.367508],[-3.770185,57.367382],[-3.77018,57.367262],[-3.770146,57.367151],[-3.770083,57.367046],[-3.770014,57.366957],[-3.769939,57.366884],[-3.769858,57.366826],[-3.76977,57.366784],[-3.769707,57.366726],[-3.769668,57.366654],[-3.769653,57.366565],[-3.769661,57.366462],[-3.76968,57.366348],[-3.769709,57.366223],[-3.769747,57.366087],[-3.769795,57.365941],[-3.769801,57.365804],[-3.769765,57.365675],[-3.769686,57.365555],[-3.769565,57.365444],[-3.769433,57.365355],[-3.769289,57.365289],[-3.769134,57.365246],[-3.768968,57.365225],[-3.768835,57.365182],[-3.768735,57.365118],[-3.768669,57.365032],[-3.768637,57.364924],[-3.768605,57.364825],[-3.768575,57.364734],[-3.768546,57.364651],[-3.768519,57.364577],[-3.768474,57.364501],[-3.768413,57.364422],[-3.768334,57.36434],[-3.768239,57.364256],[-3.768162,57.364181],[-3.768101,57.364115],[-3.768058,57.364057],[-3.768032,57.364009],[-3.768007,57.363949],[-3.767985,57.363879],[-3.767965,57.363798],[-3.767946,57.363706],[-3.767912,57.363621],[-3.767863,57.363542],[-3.767798,57.363471],[-3.767719,57.363407],[-3.76764,57.363366],[-3.767562,57.363349],[-3.767485,57.363355],[-3.767409,57.363384],[-3.767344,57.363422],[-3.76729,57.363468],[-3.767247,57.363523],[-3.767215,57.363586],[-3.767193,57.363666],[-3.767182,57.363764],[-3.767182,57.363878],[-3.767191,57.36401],[-3.767187,57.364146],[-3.767168,57.364287],[-3.767136,57.364432],[-3.767089,57.364583],[-3.767039,57.364693],[-3.766986,57.364763],[-3.766929,57.364792],[-3.76687,57.364781],[-3.766793,57.364779],[-3.7667,57.364784],[-3.76659,57.364798],[-3.766464,57.36482],[-3.766337,57.364848],[-3.766212,57.364883],[-3.766086,57.364924],[-3.765961,57.364971],[-3.765903,57.365033],[-3.765912,57.365109],[-3.765987,57.365199],[-3.76613,57.365304],[-3.766242,57.365402],[-3.766324,57.365494],[-3.766376,57.365579],[-3.766397,57.365658],[-3.766366,57.365696],[-3.766281,57.365692],[-3.766143,57.365647],[-3.765952,57.36556],[-3.765786,57.365482],[-3.765645,57.365414],[-3.76553,57.365354],[-3.76544,57.365304],[-3.76533,57.365336],[-3.765203,57.36545],[-3.765056,57.365646],[-3.764891,57.365924],[-3.764782,57.366152],[-3.76473,57.366331],[-3.764735,57.36646],[-3.764796,57.366539],[-3.764835,57.366612],[-3.764852,57.366678],[-3.764847,57.366739],[-3.76482,57.366793],[-3.764784,57.366842],[-3.764741,57.366885],[-3.76469,57.366922],[-3.76463,57.366954],[-3.764565,57.367013],[-3.764494,57.3671],[-3.764418,57.367214],[-3.764336,57.367355],[-3.764273,57.367519],[-3.764228,57.367705],[-3.764201,57.367914],[-3.764193,57.368146],[-3.764192,57.368336],[-3.764201,57.368485],[-3.764217,57.368592],[-3.764242,57.368658],[-3.764267,57.368725],[-3.764292,57.368793],[-3.764318,57.368862],[-3.764344,57.368932],[-3.764351,57.369014],[-3.76434,57.369109],[-3.764309,57.369217],[-3.764259,57.369338],[-3.764248,57.369437],[-3.764277,57.369513],[-3.764344,57.369566],[-3.764451,57.369598],[-3.764524,57.369637],[-3.764561,57.369685],[-3.764564,57.36974],[-3.764532,57.369803],[-3.764511,57.369863],[-3.764501,57.36992],[-3.764501,57.369973],[-3.764512,57.370023],[-3.764536,57.370072],[-3.764573,57.370119],[-3.764624,57.370165],[-3.764689,57.37021],[-3.764737,57.370264],[-3.764768,57.370327],[-3.764783,57.370399],[-3.764782,57.37048],[-3.764785,57.370552],[-3.764793,57.370616],[-3.764806,57.37067],[-3.764823,57.370715],[-3.764895,57.370765],[-3.765023,57.37082],[-3.765206,57.37088],[-3.765444,57.370945],[-3.765593,57.371015],[-3.765653,57.371089],[-3.765624,57.371169],[-3.765505,57.371255],[-3.765422,57.37134],[-3.765375,57.371427],[-3.765364,57.371513],[-3.765388,57.3716],[-3.765449,57.37166],[-3.765544,57.371693],[-3.765675,57.371698],[-3.765842,57.371677],[-3.765969,57.371682],[-3.766057,57.371716],[-3.766105,57.371777],[-3.766115,57.371866],[-3.766077,57.371929],[-3.765991,57.371965],[-3.765859,57.371976],[-3.765678,57.371961],[-3.765552,57.371972],[-3.765479,57.37201],[-3.765459,57.372074],[-3.765493,57.372164],[-3.765492,57.372247],[-3.765456,57.372321],[-3.765386,57.372387],[-3.765281,57.372445],[-3.765207,57.372508],[-3.765165,57.372574],[-3.765153,57.372645],[-3.765173,57.37272],[-3.765151,57.372817],[-3.765085,57.372938],[-3.764975,57.37308],[-3.764823,57.373246],[-3.764687,57.373385],[-3.764566,57.373496],[-3.76446,57.373579],[-3.764371,57.373636],[-3.764267,57.37371],[-3.764151,57.373801],[-3.764021,57.37391],[-3.763878,57.374036],[-3.763752,57.374144],[-3.763642,57.374232],[-3.763549,57.374302],[-3.763473,57.374353],[-3.763452,57.374418],[-3.763486,57.374498],[-3.763575,57.374592],[-3.763719,57.374701],[-3.763828,57.374796],[-3.763902,57.374878],[-3.763942,57.374947],[-3.763946,57.375002],[-3.763907,57.375051],[-3.763824,57.375094],[-3.763697,57.375131],[-3.763526,57.375161],[-3.763368,57.375194],[-3.763222,57.375229],[-3.763089,57.375265],[-3.762969,57.375304],[-3.762874,57.375341],[-3.762804,57.375379],[-3.762761,57.375415],[-3.762742,57.375451],[-3.762712,57.375504],[-3.762671,57.375572],[-3.762617,57.375657],[-3.762552,57.375758],[-3.762503,57.375839],[-3.76247,57.3759],[-3.762454,57.375941],[-3.762454,57.375963],[-3.762374,57.375997],[-3.762213,57.376044],[-3.761971,57.376103],[-3.761649,57.376176],[-3.761397,57.37625],[-3.761216,57.376327],[-3.761105,57.376406],[-3.761064,57.376488],[-3.760979,57.376552],[-3.76085,57.3766],[-3.760677,57.376631],[-3.76046,57.376645],[-3.76027,57.376651],[-3.760107,57.376649],[-3.75997,57.376639],[-3.75986,57.376621],[-3.759783,57.376579],[-3.759738,57.376513],[-3.759727,57.376423],[-3.759748,57.37631],[-3.759707,57.376245],[-3.759606,57.376228],[-3.759443,57.376259],[-3.759218,57.376338],[-3.758984,57.376389],[-3.758739,57.376413],[-3.758483,57.376409],[-3.758218,57.376377],[-3.757977,57.376349],[-3.757762,57.376325],[-3.757571,57.376304],[-3.757406,57.376287],[-3.757282,57.376262],[-3.757198,57.376228],[-3.757154,57.376186],[-3.757151,57.376135],[-3.75716,57.376086],[-3.757182,57.376038],[-3.757217,57.375993],[-3.757264,57.37595],[-3.757247,57.375909],[-3.757165,57.37587],[-3.757018,57.375834],[-3.756808,57.375801],[-3.756653,57.375764],[-3.756554,57.375723],[-3.756512,57.375678],[-3.756525,57.37563],[-3.756554,57.375581],[-3.756599,57.375531],[-3.75666,57.375481],[-3.756736,57.37543],[-3.75677,57.375372],[-3.756761,57.375307],[-3.75671,57.375234],[-3.756617,57.375154],[-3.75655,57.375076],[-3.756509,57.374999],[-3.756494,57.374923],[-3.756506,57.374849],[-3.756546,57.374784],[-3.756612,57.374728],[-3.756705,57.374681],[-3.756826,57.374643],[-3.756922,57.374589],[-3.756996,57.374519],[-3.757045,57.374434],[-3.75707,57.374333],[-3.757119,57.374233],[-3.757189,57.374136],[-3.757282,57.374041],[-3.757398,57.373947],[-3.757468,57.373864],[-3.757492,57.373791],[-3.757471,57.373728],[-3.757403,57.373675],[-3.7573,57.373627],[-3.757161,57.373584],[-3.756986,57.373546],[-3.756775,57.373513],[-3.756614,57.373469],[-3.756502,57.373414],[-3.75644,57.373349],[-3.756428,57.373274],[-3.756464,57.373212],[-3.75655,57.373165],[-3.756684,57.373131],[-3.756867,57.373112],[-3.757031,57.373078],[-3.757175,57.373028],[-3.757299,57.372964],[-3.757404,57.372884],[-3.757503,57.372813],[-3.757594,57.37275],[-3.757679,57.372695],[-3.757756,57.372648],[-3.757818,57.372585],[-3.757864,57.372506],[-3.757893,57.37241],[-3.757906,57.372297],[-3.757885,57.372207],[-3.757828,57.372141],[-3.757736,57.372097],[-3.757609,57.372076],[-3.757492,57.372048],[-3.757383,57.372012],[-3.757284,57.371969],[-3.757193,57.371919],[-3.757116,57.37186],[-3.757051,57.371792],[-3.756998,57.371715],[-3.756958,57.37163],[-3.756977,57.371568],[-3.757054,57.37153],[-3.757189,57.371515],[-3.757383,57.371525],[-3.757549,57.371533],[-3.757686,57.37154],[-3.757795,57.371546],[-3.757876,57.37155],[-3.757992,57.371556],[-3.758141,57.371564],[-3.758325,57.371573],[-3.758544,57.371584],[-3.758719,57.371577],[-3.758852,57.37155],[-3.758942,57.371504],[-3.758989,57.371439],[-3.75901,57.371368],[-3.759005,57.371292],[-3.758975,57.37121],[-3.758918,57.371122],[-3.758896,57.371036],[-3.758908,57.370954],[-3.758956,57.370874],[-3.759038,57.370797],[-3.75909,57.370729],[-3.759112,57.370672],[-3.759104,57.370623],[-3.759065,57.370585],[-3.759063,57.370536],[-3.759096,57.370477],[-3.759166,57.370407],[-3.759271,57.370328],[-3.759365,57.370252],[-3.759449,57.370179],[-3.759522,57.370109],[-3.759584,57.370042],[-3.759645,57.369973],[-3.759706,57.3699],[-3.759764,57.369825],[-3.759822,57.369746],[-3.759879,57.369627],[-3.759934,57.369467],[-3.759988,57.369267],[-3.76004,57.369026],[-3.760113,57.368824],[-3.760207,57.36866],[-3.76032,57.368535],[-3.760454,57.368448],[-3.760554,57.368365],[-3.760619,57.368285],[-3.76065,57.368209],[-3.760647,57.368137],[-3.760613,57.368067],[-3.760548,57.367999],[-3.760452,57.367933],[-3.760325,57.36787],[-3.760271,57.367805],[-3.76029,57.367739],[-3.760381,57.367671],[-3.760546,57.367603],[-3.760668,57.36751],[-3.760747,57.367392],[-3.760783,57.367251],[-3.760776,57.367084],[-3.760747,57.366933],[-3.760695,57.366795],[-3.760621,57.366671],[-3.760525,57.366562],[-3.760355,57.366494],[-3.760111,57.366468],[-3.759794,57.366485],[-3.759403,57.366543],[-3.759091,57.366608],[-3.758856,57.36668],[-3.758699,57.366758],[-3.75862,57.366844],[-3.758547,57.366931],[-3.758482,57.367022],[-3.758424,57.367114],[-3.758372,57.36721],[-3.758321,57.367317],[-3.75827,57.367435],[-3.75822,57.367566],[-3.75817,57.367708],[-3.758119,57.367841],[-3.758067,57.367966],[-3.758013,57.368083],[-3.757959,57.368192],[-3.757907,57.368293],[-3.75786,57.368388],[-3.757815,57.368476],[-3.757774,57.368557],[-3.757725,57.368653],[-3.757667,57.368764],[-3.757601,57.36889],[-3.757527,57.36903],[-3.75745,57.369164],[-3.757371,57.369292],[-3.75729,57.369414],[-3.757207,57.36953],[-3.757135,57.369652],[-3.757076,57.36978],[-3.757029,57.369914],[-3.756995,57.370055],[-3.756953,57.370192],[-3.756904,57.370325],[-3.756847,57.370455],[-3.756783,57.370581],[-3.756727,57.370718],[-3.756679,57.370864],[-3.756638,57.37102],[-3.756605,57.371186],[-3.756555,57.371354],[-3.756488,57.371523],[-3.756403,57.371694],[-3.756302,57.371868],[-3.756192,57.372079],[-3.756076,57.372329],[-3.755951,57.372616],[-3.75582,57.372942],[-3.755685,57.373266],[-3.755548,57.373589],[-3.755408,57.373909],[-3.755266,57.374228],[-3.755164,57.374563],[-3.755101,57.374916],[-3.755079,57.375286],[-3.755097,57.375673],[-3.755097,57.376097],[-3.755079,57.376556],[-3.755043,57.377051],[-3.754988,57.377583],[-3.754966,57.378021],[-3.754976,57.378367],[-3.755019,57.378619],[-3.755094,57.378777],[-3.755153,57.378965],[-3.755194,57.379181],[-3.755218,57.379425],[-3.755225,57.379698],[-3.755205,57.379988],[-3.755157,57.380294],[-3.755081,57.380617],[-3.754979,57.380957],[-3.754888,57.381277],[-3.75481,57.381576],[-3.754744,57.381854],[-3.754689,57.382112],[-3.754607,57.382425],[-3.754495,57.382794],[-3.754354,57.383218],[-3.754185,57.383698],[-3.754017,57.384135],[-3.753851,57.384528],[-3.753687,57.384879],[-3.753525,57.385187],[-3.753584,57.385425],[-3.753866,57.385594],[-3.754369,57.385694],[-3.755095,57.385725],[-3.75565,57.385775],[-3.756034,57.385846],[-3.756246,57.385937],[-3.756288,57.386048],[-3.756102,57.386118],[-3.755688,57.386146],[-3.755046,57.386134],[-3.754177,57.38608],[-3.753491,57.38613],[-3.752989,57.386283],[-3.752671,57.38654],[-3.752536,57.386901],[-3.752469,57.387183],[-3.752471,57.387388],[-3.75254,57.387516],[-3.752678,57.387565],[-3.752784,57.387611],[-3.752859,57.387652],[-3.752903,57.387689],[-3.752915,57.387722],[-3.752954,57.387755],[-3.753018,57.387789],[-3.753108,57.387824],[-3.753224,57.387858],[-3.753299,57.387909],[-3.753332,57.387976],[-3.753323,57.38806],[-3.753273,57.388159],[-3.753155,57.388229],[-3.752968,57.38827],[-3.752712,57.388282],[-3.752388,57.388265],[-3.75212,57.388305],[-3.751906,57.388402],[-3.751748,57.388557],[-3.751645,57.388769],[-3.751475,57.389072],[-3.751238,57.389467],[-3.750934,57.389953],[-3.750563,57.390531],[-3.750208,57.39107],[-3.749868,57.391572],[-3.749543,57.392036],[-3.749235,57.392462],[-3.74899,57.39281],[-3.74881,57.393081],[-3.748694,57.393275],[-3.748643,57.393392],[-3.748594,57.393517],[-3.748549,57.39365],[-3.748506,57.393791],[-3.748467,57.39394],[-3.748412,57.394067],[-3.748339,57.394171],[-3.748251,57.394252],[-3.748145,57.39431],[-3.748066,57.394314],[-3.748011,57.394264],[-3.747982,57.39416],[-3.747979,57.394003],[-3.747989,57.393867],[-3.748014,57.393753],[-3.748053,57.393661],[-3.748106,57.393591],[-3.748118,57.393548],[-3.748087,57.393529],[-3.748014,57.393537],[-3.7479,57.39357],[-3.747802,57.393633],[-3.747722,57.393725],[-3.747658,57.393846],[-3.747611,57.393996],[-3.747533,57.394127],[-3.747424,57.394239],[-3.747284,57.394332],[-3.747114,57.394406],[-3.74699,57.39443],[-3.746913,57.394406],[-3.746884,57.394334],[-3.746902,57.394212],[-3.746854,57.394111],[-3.746741,57.394031],[-3.746562,57.393972],[-3.746317,57.393934],[-3.746163,57.39385],[-3.746099,57.393723],[-3.746126,57.39355],[-3.746243,57.393332],[-3.746374,57.393168],[-3.746519,57.393056],[-3.746677,57.392998],[-3.74685,57.392993],[-3.746963,57.392967],[-3.747017,57.392921],[-3.747012,57.392854],[-3.746948,57.392766],[-3.746702,57.392656],[-3.746274,57.392521],[-3.745665,57.392363],[-3.744875,57.392181],[-3.744212,57.392064],[-3.743676,57.392011],[-3.743268,57.392023],[-3.742987,57.392099],[-3.742743,57.39213],[-3.742535,57.392116],[-3.742364,57.392056],[-3.742229,57.39195],[-3.742022,57.391879],[-3.741742,57.391842],[-3.74139,57.39184],[-3.740965,57.391872],[-3.740572,57.391908],[-3.74021,57.391948],[-3.739879,57.391992],[-3.73958,57.392041],[-3.739343,57.392098],[-3.739169,57.392163],[-3.739058,57.392237],[-3.739009,57.392319],[-3.738957,57.392401],[-3.738901,57.392484],[-3.73884,57.392568],[-3.738776,57.392651],[-3.738708,57.392734],[-3.738636,57.392817],[-3.73856,57.392899],[-3.738479,57.39298],[-3.738408,57.393055],[-3.738346,57.393123],[-3.738294,57.393185],[-3.738251,57.393241],[-3.73818,57.39331],[-3.73808,57.393394],[-3.737952,57.39349],[-3.737795,57.393601],[-3.737647,57.393721],[-3.737509,57.393851],[-3.737381,57.393991],[-3.737262,57.39414],[-3.737099,57.394246],[-3.736893,57.394308],[-3.736642,57.394327],[-3.736347,57.394303],[-3.73604,57.394269],[-3.735722,57.394225],[-3.735393,57.394172],[-3.735052,57.39411],[-3.734774,57.39407],[-3.734557,57.394055],[-3.734403,57.394062],[-3.734312,57.394093],[-3.734188,57.394106],[-3.734031,57.394101],[-3.733842,57.394079],[-3.73362,57.394038],[-3.733441,57.394015],[-3.733304,57.39401],[-3.73321,57.394023],[-3.733158,57.394054],[-3.7331,57.394047],[-3.733035,57.394],[-3.732963,57.393914],[-3.732885,57.39379],[-3.732809,57.393674],[-3.732737,57.393566],[-3.732668,57.393467],[-3.732602,57.393375],[-3.732485,57.393295],[-3.732316,57.393225],[-3.732095,57.393166],[-3.731823,57.393117],[-3.731562,57.393093],[-3.731312,57.393094],[-3.731074,57.393119],[-3.730846,57.393169],[-3.730656,57.39319],[-3.730502,57.393182],[-3.730385,57.393147],[-3.730306,57.393082],[-3.730279,57.393025],[-3.730304,57.392976],[-3.730381,57.392933],[-3.730511,57.392898],[-3.730595,57.392864],[-3.730634,57.39283],[-3.730627,57.392796],[-3.730575,57.392763],[-3.730463,57.392732],[-3.730289,57.392704],[-3.730055,57.392677],[-3.72976,57.392652],[-3.729537,57.392666],[-3.729386,57.392718],[-3.729307,57.392809],[-3.729299,57.392938],[-3.729287,57.393047],[-3.729269,57.393137],[-3.729245,57.393207],[-3.729216,57.393257],[-3.729167,57.39329],[-3.729098,57.393305],[-3.729008,57.393304],[-3.728898,57.393286],[-3.728835,57.393256],[-3.72882,57.393215],[-3.728852,57.393162],[-3.728931,57.393098],[-3.728923,57.393047],[-3.728829,57.393008],[-3.728649,57.392981],[-3.728381,57.392966],[-3.728141,57.392975],[-3.727927,57.393008],[-3.72774,57.393065],[-3.72758,57.393146],[-3.727436,57.393213],[-3.727308,57.393265],[-3.727197,57.393302],[-3.727103,57.393325],[-3.727056,57.39336],[-3.727058,57.393406],[-3.727108,57.393465],[-3.727206,57.393536],[-3.727314,57.393593],[-3.727433,57.393636],[-3.727563,57.393665],[-3.727704,57.393681],[-3.727835,57.393681],[-3.727956,57.393666],[-3.728068,57.393636],[-3.728171,57.393591],[-3.728237,57.393572],[-3.728268,57.39358],[-3.728262,57.393613],[-3.728221,57.393673],[-3.728188,57.393727],[-3.728162,57.393775],[-3.728144,57.393816],[-3.728133,57.393851],[-3.72816,57.393876],[-3.728225,57.393891],[-3.728328,57.393895],[-3.728469,57.393889],[-3.728576,57.393906],[-3.728651,57.393948],[-3.728693,57.394013],[-3.728703,57.394101],[-3.728677,57.39418],[-3.728615,57.394249],[-3.728518,57.394307],[-3.728385,57.394355],[-3.728293,57.394405],[-3.728241,57.394458],[-3.72823,57.394512],[-3.728259,57.394569],[-3.728355,57.394614],[-3.728518,57.394646],[-3.728747,57.394665],[-3.729044,57.394673],[-3.729228,57.394693],[-3.7293,57.394726],[-3.729259,57.394772],[-3.729107,57.394831],[-3.728944,57.394867],[-3.72877,57.394881],[-3.728587,57.394872],[-3.728392,57.394842],[-3.72824,57.394848],[-3.728129,57.394892],[-3.728061,57.394973],[-3.728033,57.395091],[-3.727948,57.39518],[-3.727803,57.39524],[-3.727601,57.395271],[-3.727339,57.395273],[-3.727145,57.395283],[-3.727016,57.3953],[-3.726954,57.395326],[-3.726959,57.39536],[-3.726982,57.395394],[-3.727022,57.395428],[-3.727081,57.395462],[-3.727157,57.395497],[-3.727202,57.395558],[-3.727214,57.395644],[-3.727195,57.395756],[-3.727143,57.395894],[-3.727076,57.395996],[-3.726994,57.396063],[-3.726896,57.396093],[-3.726783,57.396088],[-3.726681,57.396137],[-3.726588,57.396241],[-3.726507,57.396399],[-3.726435,57.396612],[-3.726393,57.396784],[-3.726379,57.396916],[-3.726393,57.397007],[-3.726436,57.397058],[-3.726423,57.397109],[-3.726354,57.397159],[-3.72623,57.397208],[-3.72605,57.397257],[-3.725907,57.397304],[-3.725801,57.39735],[-3.725732,57.397393],[-3.7257,57.397435],[-3.725671,57.397475],[-3.725646,57.397514],[-3.725624,57.397552],[-3.725606,57.397588],[-3.725547,57.397632],[-3.725447,57.397683],[-3.725306,57.397741],[-3.725125,57.397808],[-3.724997,57.397871],[-3.724925,57.397932],[-3.724907,57.397991],[-3.724944,57.398047],[-3.724966,57.398106],[-3.724974,57.39817],[-3.724968,57.398237],[-3.724946,57.398307],[-3.724918,57.398369],[-3.724882,57.398422],[-3.724839,57.398466],[-3.724789,57.398501],[-3.724756,57.398551],[-3.72474,57.398614],[-3.724741,57.398692],[-3.72476,57.398784],[-3.724753,57.398861],[-3.72472,57.398922],[-3.724662,57.398968],[-3.724578,57.398998],[-3.72453,57.399052],[-3.72452,57.39913],[-3.724546,57.399232],[-3.724609,57.399358],[-3.7246,57.399461],[-3.724519,57.399543],[-3.724367,57.399601],[-3.724142,57.399638],[-3.723979,57.399695],[-3.723877,57.399772],[-3.723836,57.399869],[-3.723856,57.399986],[-3.723857,57.400094],[-3.723838,57.400192],[-3.723799,57.400281],[-3.723742,57.40036],[-3.723692,57.400434],[-3.723651,57.400505],[-3.723618,57.400571],[-3.723594,57.400634],[-3.723573,57.4007],[-3.723556,57.40077],[-3.723542,57.400844],[-3.723531,57.400923],[-3.723511,57.40099],[-3.723481,57.401046],[-3.72344,57.401092],[-3.72339,57.401128],[-3.723349,57.401171],[-3.723317,57.401224],[-3.723294,57.401285],[-3.72328,57.401355],[-3.723308,57.40143],[-3.723378,57.40151],[-3.72349,57.401596],[-3.723643,57.401687],[-3.723805,57.401743],[-3.723976,57.401766],[-3.724156,57.401755],[-3.724346,57.401709],[-3.724508,57.401698],[-3.724644,57.401723],[-3.724754,57.401782],[-3.724837,57.401876],[-3.724856,57.401938],[-3.724812,57.401968],[-3.724704,57.401966],[-3.724533,57.401933],[-3.724373,57.401914],[-3.724224,57.401908],[-3.724086,57.401916],[-3.723959,57.401938],[-3.723931,57.402049],[-3.724002,57.402249],[-3.724171,57.402537],[-3.72444,57.402915],[-3.724808,57.403296],[-3.725277,57.403678],[-3.725846,57.404063],[-3.726515,57.40445],[-3.727057,57.404736],[-3.727471,57.404922],[-3.727759,57.405006],[-3.727919,57.404989],[-3.728048,57.404988],[-3.728145,57.405004],[-3.728211,57.405035],[-3.728244,57.405083],[-3.728218,57.40513],[-3.728132,57.405175],[-3.727986,57.405219],[-3.727779,57.405262],[-3.727678,57.405313],[-3.72768,57.405373],[-3.727787,57.405441],[-3.727998,57.405517],[-3.728204,57.40559],[-3.728404,57.405658],[-3.728599,57.405723],[-3.728789,57.405785],[-3.728953,57.405841],[-3.729091,57.405893],[-3.729204,57.40594],[-3.729292,57.405982],[-3.729405,57.406036],[-3.729545,57.406103],[-3.729712,57.406181],[-3.729904,57.406272],[-3.730108,57.406354],[-3.730321,57.406425],[-3.730545,57.406487],[-3.730779,57.40654],[-3.730874,57.406588],[-3.730832,57.406633],[-3.730651,57.406675],[-3.730331,57.406713],[-3.73007,57.406747],[-3.729867,57.406776],[-3.729722,57.406802],[-3.729635,57.406824],[-3.729599,57.406868],[-3.729616,57.406932],[-3.729683,57.407018],[-3.729803,57.407125],[-3.729878,57.407209],[-3.729909,57.40727],[-3.729895,57.407308],[-3.729837,57.407322],[-3.729755,57.407316],[-3.72965,57.407289],[-3.729521,57.40724],[-3.729367,57.407171],[-3.729231,57.40714],[-3.729111,57.407149],[-3.729008,57.407196],[-3.728921,57.407282],[-3.728877,57.407366],[-3.728875,57.407447],[-3.728917,57.407526],[-3.729001,57.407603],[-3.729074,57.40768],[-3.729134,57.407756],[-3.729183,57.407834],[-3.72922,57.407911],[-3.729284,57.407976],[-3.729375,57.408028],[-3.729493,57.408068],[-3.729638,57.408096],[-3.72971,57.408144],[-3.729708,57.408212],[-3.729632,57.408302],[-3.729483,57.408411],[-3.729347,57.408531],[-3.729225,57.408662],[-3.729117,57.408802],[-3.729023,57.408953],[-3.728941,57.409058],[-3.728871,57.409117],[-3.728814,57.409129],[-3.72877,57.409095],[-3.728723,57.409045],[-3.728674,57.408977],[-3.728623,57.408893],[-3.728569,57.408792],[-3.728484,57.408718],[-3.728368,57.408673],[-3.72822,57.408655],[-3.728041,57.408665],[-3.727899,57.408716],[-3.727794,57.408806],[-3.727726,57.408936],[-3.727694,57.409106],[-3.727634,57.409265],[-3.727547,57.409413],[-3.727431,57.40955],[-3.727288,57.409676],[-3.727239,57.409779],[-3.727284,57.409857],[-3.727424,57.409912],[-3.727658,57.409943],[-3.72784,57.410006],[-3.727971,57.410102],[-3.728051,57.410229],[-3.728079,57.410389],[-3.728185,57.410528],[-3.728368,57.410648],[-3.72863,57.410747],[-3.72897,57.410827],[-3.729251,57.410911],[-3.729475,57.410999],[-3.72964,57.41109],[-3.729747,57.411186],[-3.729786,57.411284],[-3.729757,57.411386],[-3.729659,57.41149],[-3.729492,57.411597],[-3.729362,57.411653],[-3.729268,57.411656],[-3.72921,57.411608],[-3.729189,57.411507],[-3.729123,57.411416],[-3.729012,57.411334],[-3.728858,57.41126],[-3.728659,57.411195],[-3.7285,57.411147],[-3.72838,57.411115],[-3.728301,57.411098],[-3.728261,57.411098],[-3.728226,57.411111],[-3.728196,57.411135],[-3.72817,57.411172],[-3.728148,57.411221],[-3.728118,57.411273],[-3.728078,57.411326],[-3.72803,57.411381],[-3.727972,57.411439],[-3.72795,57.411502],[-3.727964,57.411571],[-3.728014,57.411646],[-3.728099,57.411727],[-3.728216,57.411816],[-3.728364,57.411914],[-3.728543,57.41202],[-3.728753,57.412135],[-3.728871,57.412233],[-3.728898,57.412316],[-3.728833,57.412383],[-3.728678,57.412433],[-3.728532,57.412485],[-3.728397,57.412538],[-3.728272,57.412591],[-3.728158,57.412646],[-3.728048,57.412686],[-3.727942,57.412712],[-3.727842,57.412724],[-3.727745,57.412721],[-3.727636,57.41272],[-3.727513,57.41272],[-3.727376,57.412722],[-3.727226,57.412725],[-3.727116,57.412712],[-3.727046,57.412683],[-3.727015,57.412638],[-3.727024,57.412577],[-3.727054,57.412494],[-3.727106,57.412388],[-3.727179,57.412259],[-3.727274,57.412108],[-3.727344,57.411974],[-3.727391,57.411856],[-3.727415,57.411754],[-3.727414,57.411668],[-3.727405,57.41158],[-3.727388,57.41149],[-3.727361,57.411398],[-3.727326,57.411303],[-3.727271,57.411243],[-3.727198,57.411216],[-3.727105,57.411224],[-3.726994,57.411266],[-3.726853,57.411287],[-3.726682,57.411288],[-3.726482,57.411268],[-3.726253,57.411228],[-3.726082,57.411216],[-3.725969,57.411232],[-3.725914,57.411276],[-3.725917,57.411349],[-3.725949,57.411428],[-3.726008,57.411513],[-3.726097,57.411606],[-3.726213,57.411705],[-3.726297,57.411803],[-3.72635,57.4119],[-3.72637,57.411996],[-3.726358,57.412091],[-3.726291,57.412161],[-3.726169,57.412206],[-3.725991,57.412226],[-3.725759,57.41222],[-3.725603,57.412235],[-3.725525,57.412268],[-3.725523,57.412322],[-3.725598,57.412395],[-3.7257,57.412449],[-3.725827,57.412483],[-3.725981,57.412496],[-3.726162,57.41249],[-3.726305,57.412511],[-3.72641,57.41256],[-3.726479,57.412636],[-3.726509,57.41274],[-3.72657,57.412834],[-3.726662,57.412919],[-3.726783,57.412993],[-3.726935,57.413059],[-3.727109,57.413107],[-3.727307,57.413137],[-3.727529,57.41315],[-3.727773,57.413146],[-3.727937,57.413165],[-3.728021,57.413208],[-3.728024,57.413274],[-3.727946,57.413363],[-3.727836,57.413447],[-3.727695,57.413526],[-3.727522,57.4136],[-3.727318,57.413668],[-3.727113,57.413722],[-3.726909,57.41376],[-3.726706,57.413784],[-3.726502,57.413792],[-3.726322,57.41382],[-3.726165,57.413866],[-3.72603,57.413932],[-3.725919,57.414016],[-3.725849,57.414095],[-3.725821,57.414169],[-3.725835,57.414237],[-3.72589,57.414299],[-3.725948,57.414357],[-3.726007,57.414411],[-3.726069,57.41446],[-3.726134,57.414505],[-3.726135,57.414539],[-3.726072,57.414562],[-3.725946,57.414576],[-3.725756,57.414578],[-3.725599,57.414598],[-3.725474,57.414635],[-3.725381,57.414688],[-3.72532,57.414759],[-3.725335,57.414817],[-3.725428,57.414863],[-3.725597,57.414896],[-3.725844,57.414918],[-3.726017,57.414951],[-3.726117,57.414996],[-3.726144,57.415053],[-3.726099,57.415122],[-3.726037,57.415194],[-3.725958,57.415271],[-3.725863,57.415352],[-3.725752,57.415436],[-3.725632,57.415508],[-3.725504,57.415569],[-3.725367,57.415617],[-3.725222,57.415654],[-3.725153,57.415709],[-3.725161,57.415783],[-3.725245,57.415876],[-3.725406,57.415987],[-3.725577,57.41604],[-3.725757,57.416034],[-3.725947,57.415969],[-3.726147,57.415845],[-3.726274,57.415802],[-3.726328,57.415839],[-3.726308,57.415957],[-3.726215,57.416155],[-3.72611,57.416304],[-3.725993,57.416404],[-3.725863,57.416455],[-3.725721,57.416457],[-3.725584,57.416447],[-3.725454,57.416427],[-3.725329,57.416395],[-3.725209,57.416352],[-3.725079,57.416311],[-3.724937,57.416273],[-3.724785,57.416236],[-3.724621,57.416202],[-3.724539,57.416211],[-3.724538,57.416262],[-3.724619,57.416356],[-3.724782,57.416493],[-3.724964,57.416614],[-3.725166,57.416719],[-3.725388,57.416808],[-3.72563,57.416881],[-3.725791,57.416961],[-3.725871,57.417049],[-3.725871,57.417144],[-3.72579,57.417247],[-3.725694,57.417333],[-3.725581,57.417402],[-3.725452,57.417455],[-3.725306,57.417492],[-3.72519,57.41753],[-3.725101,57.417569],[-3.725041,57.41761],[-3.725009,57.417651],[-3.724926,57.417669],[-3.724792,57.417661],[-3.724607,57.41763],[-3.724372,57.417573],[-3.724216,57.41755],[-3.72414,57.41756],[-3.724145,57.417603],[-3.724229,57.41768],[-3.724337,57.417757],[-3.72447,57.417835],[-3.724626,57.417914],[-3.724807,57.417993],[-3.724983,57.41806],[-3.725154,57.418115],[-3.725321,57.418157],[-3.725483,57.418187],[-3.725552,57.418222],[-3.725527,57.418261],[-3.725408,57.418304],[-3.725196,57.418352],[-3.725011,57.418369],[-3.724855,57.418356],[-3.724728,57.418312],[-3.724628,57.418237],[-3.724509,57.418178],[-3.724371,57.418137],[-3.724213,57.418113],[-3.724035,57.418106],[-3.723859,57.418107],[-3.723683,57.418115],[-3.723508,57.41813],[-3.723334,57.418152],[-3.72318,57.41816],[-3.723046,57.418153],[-3.722932,57.41813],[-3.722839,57.418093],[-3.722772,57.418056],[-3.72273,57.41802],[-3.722715,57.417984],[-3.722725,57.417949],[-3.722761,57.417916],[-3.722821,57.417886],[-3.722906,57.417859],[-3.723016,57.417835],[-3.723064,57.417794],[-3.72305,57.417735],[-3.722975,57.41766],[-3.722837,57.417567],[-3.722709,57.417519],[-3.722592,57.417514],[-3.722486,57.417553],[-3.72239,57.417636],[-3.722322,57.417726],[-3.722284,57.417824],[-3.722274,57.41793],[-3.722292,57.418044],[-3.722319,57.418152],[-3.722354,57.418255],[-3.722396,57.418353],[-3.722447,57.418446],[-3.722533,57.418522],[-3.722654,57.41858],[-3.72281,57.41862],[-3.723001,57.418642],[-3.723162,57.418674],[-3.723292,57.418713],[-3.723391,57.418762],[-3.72346,57.418819],[-3.723557,57.418861],[-3.723683,57.418888],[-3.723836,57.418901],[-3.724018,57.418899],[-3.724117,57.418924],[-3.724132,57.418976],[-3.724065,57.419054],[-3.723914,57.41916],[-3.723757,57.419246],[-3.723595,57.419312],[-3.723428,57.419359],[-3.723255,57.419385],[-3.723043,57.419434],[-3.722792,57.419506],[-3.722501,57.419599],[-3.722171,57.419715],[-3.721906,57.419822],[-3.721704,57.41992],[-3.721567,57.420009],[-3.721493,57.42009],[-3.721441,57.420176],[-3.721408,57.42027],[-3.721396,57.420369],[-3.721404,57.420475],[-3.721379,57.420568],[-3.721321,57.420646],[-3.72123,57.420712],[-3.721106,57.420763],[-3.721009,57.420785],[-3.720939,57.420777],[-3.720895,57.42074],[-3.720878,57.420674],[-3.720826,57.420618],[-3.720738,57.420574],[-3.720614,57.420541],[-3.720455,57.420519],[-3.720299,57.420522],[-3.720146,57.420548],[-3.719996,57.420599],[-3.71985,57.420675],[-3.719731,57.420744],[-3.719639,57.420807],[-3.719575,57.420864],[-3.719539,57.420915],[-3.719462,57.420959],[-3.719345,57.420997],[-3.719188,57.421028],[-3.718991,57.421053],[-3.718796,57.421086],[-3.718605,57.421125],[-3.718415,57.421171],[-3.718229,57.421225],[-3.718057,57.421243],[-3.7179,57.421226],[-3.717756,57.421172],[-3.717628,57.421083],[-3.717497,57.421009],[-3.717364,57.420951],[-3.717228,57.420907],[-3.717091,57.420879],[-3.716967,57.420845],[-3.716856,57.420805],[-3.71676,57.420759],[-3.716677,57.420708],[-3.716598,57.420672],[-3.716522,57.42065],[-3.71645,57.420642],[-3.716381,57.42065],[-3.716329,57.420668],[-3.716292,57.420697],[-3.716271,57.420738],[-3.716267,57.42079],[-3.716182,57.420833],[-3.716016,57.420867],[-3.71577,57.420893],[-3.715442,57.420911],[-3.715215,57.420887],[-3.715088,57.420824],[-3.715061,57.42072],[-3.715134,57.420575],[-3.71513,57.420432],[-3.71505,57.420291],[-3.714892,57.420152],[-3.714658,57.420014],[-3.71445,57.41992],[-3.714269,57.419871],[-3.714114,57.419866],[-3.713986,57.419905],[-3.713879,57.419922],[-3.713794,57.419919],[-3.713731,57.419893],[-3.71369,57.419846],[-3.713642,57.41982],[-3.713589,57.419815],[-3.713529,57.419831],[-3.713464,57.419868],[-3.713412,57.419915],[-3.713374,57.419972],[-3.713349,57.42004],[-3.713339,57.420118],[-3.713311,57.420167],[-3.713267,57.420187],[-3.713206,57.420177],[-3.713128,57.420138],[-3.713049,57.420096],[-3.712968,57.420051],[-3.712887,57.420003],[-3.712804,57.419952],[-3.712706,57.419882],[-3.712594,57.419793],[-3.712466,57.419686],[-3.712324,57.41956],[-3.712205,57.419476],[-3.71211,57.419435],[-3.712039,57.419436],[-3.711992,57.419479],[-3.711957,57.41953],[-3.711935,57.419588],[-3.711926,57.419653],[-3.711929,57.419725],[-3.71189,57.419755],[-3.71181,57.419742],[-3.711688,57.419686],[-3.711524,57.419588],[-3.711393,57.419509],[-3.711295,57.419449],[-3.71123,57.419407],[-3.711198,57.419385],[-3.711144,57.41939],[-3.711069,57.419421],[-3.710971,57.419479],[-3.710852,57.419565],[-3.710792,57.419658],[-3.710791,57.419761],[-3.710848,57.419873],[-3.710965,57.419993],[-3.711032,57.420104],[-3.71105,57.420204],[-3.711018,57.420295],[-3.710938,57.420376],[-3.710839,57.420464],[-3.710723,57.420557],[-3.71059,57.420657],[-3.710438,57.420762],[-3.710314,57.42085],[-3.710218,57.42092],[-3.710148,57.420972],[-3.710105,57.421007],[-3.710042,57.421029],[-3.709959,57.42104],[-3.709855,57.421039],[-3.709731,57.421027],[-3.709604,57.421041],[-3.709472,57.421083],[-3.709337,57.421151],[-3.709198,57.421247],[-3.709032,57.421312],[-3.708837,57.421345],[-3.708616,57.421347],[-3.708366,57.421317],[-3.708188,57.421313],[-3.708081,57.421335],[-3.708046,57.421383],[-3.708081,57.421456],[-3.708125,57.421563],[-3.708177,57.421702],[-3.708238,57.421876],[-3.708307,57.422082],[-3.70843,57.422247],[-3.708607,57.422369],[-3.708838,57.42245],[-3.709122,57.422488],[-3.709346,57.422539],[-3.709508,57.422601],[-3.709609,57.422675],[-3.709649,57.42276],[-3.709694,57.422832],[-3.709744,57.422891],[-3.709798,57.422937],[-3.709858,57.422969],[-3.709938,57.422996],[-3.710037,57.423018],[-3.710156,57.423034],[-3.710296,57.423045],[-3.710405,57.423067],[-3.710485,57.423099],[-3.710534,57.423142],[-3.710554,57.423195],[-3.710536,57.423238],[-3.710481,57.423269],[-3.710387,57.42329],[-3.710256,57.423299],[-3.710178,57.423326],[-3.710155,57.423369],[-3.710185,57.423428],[-3.710269,57.423505],[-3.710357,57.423571],[-3.710449,57.423625],[-3.710545,57.423669],[-3.710644,57.423701],[-3.710704,57.423733],[-3.710724,57.423765],[-3.710704,57.423797],[-3.710645,57.423829],[-3.710581,57.423861],[-3.710514,57.423894],[-3.710443,57.423927],[-3.710368,57.423961],[-3.710338,57.423997],[-3.710353,57.424036],[-3.710412,57.424078],[-3.710516,57.424123],[-3.710636,57.424152],[-3.710772,57.424165],[-3.710924,57.424163],[-3.711093,57.424146],[-3.711225,57.424139],[-3.711322,57.424144],[-3.711384,57.42416],[-3.71141,57.424187],[-3.711401,57.424227],[-3.711358,57.424281],[-3.71128,57.424348],[-3.711167,57.424428],[-3.711083,57.424508],[-3.711029,57.424586],[-3.711004,57.424663],[-3.711009,57.42474],[-3.710984,57.424801],[-3.71093,57.424848],[-3.710847,57.424879],[-3.710733,57.424895],[-3.710641,57.424924],[-3.710569,57.424966],[-3.710518,57.42502],[-3.710488,57.425087],[-3.710502,57.425135],[-3.71056,57.425163],[-3.710662,57.425172],[-3.710809,57.425161],[-3.710953,57.425169],[-3.711095,57.425197],[-3.711234,57.425244],[-3.71137,57.425311],[-3.711412,57.425361],[-3.711361,57.425394],[-3.711216,57.425411],[-3.710978,57.42541],[-3.710738,57.425422],[-3.710497,57.425448],[-3.710255,57.425486],[-3.710012,57.425537],[-3.709904,57.425588],[-3.709931,57.425638],[-3.710093,57.425689],[-3.71039,57.425739],[-3.710636,57.425791],[-3.710831,57.425846],[-3.710975,57.425902],[-3.711069,57.425961],[-3.711175,57.425996],[-3.711295,57.426009],[-3.711429,57.426],[-3.711576,57.425967],[-3.711714,57.425954],[-3.711843,57.42596],[-3.711963,57.425984],[-3.712075,57.426028],[-3.712121,57.426072],[-3.712102,57.426117],[-3.712018,57.426162],[-3.711868,57.426208],[-3.711764,57.426253],[-3.711705,57.426298],[-3.711692,57.426342],[-3.711724,57.426386],[-3.71179,57.426418],[-3.711889,57.42644],[-3.712022,57.42645],[-3.712189,57.42645],[-3.712289,57.426463],[-3.712323,57.42649],[-3.71229,57.426529],[-3.712191,57.426582],[-3.712117,57.426639],[-3.712068,57.4267],[-3.712045,57.426765],[-3.712046,57.426833],[-3.712005,57.426887],[-3.711921,57.426928],[-3.711794,57.426955],[-3.711625,57.426969],[-3.711458,57.426992],[-3.711296,57.427024],[-3.711136,57.427065],[-3.71098,57.427116],[-3.710888,57.427178],[-3.71086,57.427251],[-3.710896,57.427336],[-3.710996,57.427432],[-3.71103,57.427508],[-3.710999,57.427562],[-3.710902,57.427596],[-3.71074,57.427609],[-3.710585,57.427608],[-3.710436,57.427594],[-3.710295,57.427566],[-3.71016,57.427524],[-3.710088,57.427485],[-3.710078,57.427447],[-3.71013,57.427412],[-3.710245,57.427379],[-3.710315,57.427344],[-3.710342,57.42731],[-3.710325,57.427274],[-3.710263,57.427238],[-3.710192,57.427207],[-3.710111,57.427181],[-3.71002,57.427161],[-3.709919,57.427146],[-3.709814,57.427107],[-3.709703,57.427046],[-3.709588,57.426962],[-3.709469,57.426855],[-3.709367,57.426778],[-3.709282,57.426731],[-3.709214,57.426715],[-3.709164,57.426729],[-3.709146,57.426783],[-3.709162,57.426878],[-3.70921,57.427013],[-3.709292,57.427188],[-3.709305,57.427293],[-3.709251,57.427329],[-3.709129,57.427295],[-3.708939,57.427191],[-3.70875,57.42709],[-3.708563,57.426992],[-3.708376,57.426897],[-3.708191,57.426805],[-3.708039,57.426739],[-3.707921,57.426698],[-3.707835,57.426682],[-3.707783,57.426692],[-3.707719,57.426695],[-3.707643,57.426693],[-3.707554,57.426684],[-3.707453,57.426669],[-3.707374,57.426644],[-3.707317,57.426609],[-3.707283,57.426565],[-3.707271,57.426511],[-3.707235,57.426457],[-3.707175,57.426403],[-3.707091,57.42635],[-3.706984,57.426297],[-3.706869,57.42628],[-3.706745,57.4263],[-3.706613,57.426355],[-3.706472,57.426447],[-3.706309,57.426542],[-3.706124,57.42664],[-3.705915,57.426742],[-3.705685,57.426848],[-3.705481,57.426935],[-3.705305,57.427005],[-3.705155,57.427057],[-3.705033,57.427091],[-3.704944,57.427104],[-3.704889,57.427095],[-3.704868,57.427064],[-3.70488,57.427011],[-3.704916,57.426958],[-3.704975,57.426905],[-3.705059,57.426851],[-3.705166,57.426797],[-3.705252,57.426741],[-3.705317,57.426683],[-3.705362,57.426623],[-3.705387,57.426561],[-3.70538,57.42651],[-3.705341,57.426471],[-3.705272,57.426444],[-3.705171,57.426429],[-3.705082,57.426405],[-3.705007,57.426373],[-3.704944,57.426331],[-3.704893,57.426281],[-3.704868,57.426229],[-3.704867,57.426176],[-3.704893,57.426121],[-3.704943,57.426064],[-3.704986,57.426009],[-3.705022,57.425957],[-3.70505,57.425905],[-3.705072,57.425856],[-3.705053,57.425823],[-3.704995,57.425805],[-3.704897,57.425804],[-3.70476,57.425818],[-3.704629,57.425842],[-3.704506,57.425874],[-3.704391,57.425915],[-3.704282,57.425965],[-3.704174,57.426014],[-3.704065,57.426064],[-3.703957,57.426114],[-3.703848,57.426164],[-3.703745,57.426207],[-3.703647,57.426243],[-3.703555,57.426272],[-3.703468,57.426294],[-3.703361,57.426317],[-3.703235,57.42634],[-3.703089,57.426365],[-3.702924,57.426391],[-3.702825,57.426439],[-3.702792,57.426509],[-3.702824,57.4266],[-3.702922,57.426714],[-3.702964,57.426821],[-3.70295,57.426921],[-3.702879,57.427014],[-3.702752,57.4271],[-3.702671,57.427169],[-3.702635,57.427222],[-3.702645,57.427258],[-3.7027,57.427278],[-3.702761,57.427297],[-3.702827,57.427316],[-3.7029,57.427334],[-3.702978,57.427352],[-3.703044,57.427375],[-3.703098,57.427403],[-3.703141,57.427437],[-3.703171,57.427477],[-3.703165,57.427539],[-3.703122,57.427625],[-3.703041,57.427734],[-3.702924,57.427866],[-3.702844,57.427983],[-3.702803,57.428086],[-3.702801,57.428174],[-3.702836,57.428247],[-3.702877,57.428315],[-3.702925,57.428379],[-3.702979,57.428437],[-3.703038,57.428491],[-3.703079,57.428541],[-3.7031,57.428588],[-3.703103,57.428632],[-3.703086,57.428672],[-3.703037,57.428733],[-3.702956,57.428814],[-3.702843,57.428915],[-3.702698,57.429037],[-3.702635,57.42917],[-3.702653,57.429314],[-3.702752,57.429468],[-3.702933,57.429633],[-3.703097,57.429775],[-3.703245,57.429894],[-3.703376,57.42999],[-3.703491,57.430064],[-3.703612,57.430152],[-3.703737,57.430254],[-3.703868,57.43037],[-3.704005,57.430501],[-3.704144,57.430635],[-3.704287,57.430772],[-3.704432,57.430912],[-3.704581,57.431055],[-3.704739,57.431191],[-3.704907,57.431321],[-3.705084,57.431444],[-3.705271,57.431561],[-3.705454,57.431625],[-3.705632,57.431634],[-3.705806,57.431589],[-3.705975,57.43149],[-3.706123,57.431424],[-3.70625,57.431391],[-3.706356,57.431392],[-3.70644,57.431426],[-3.706435,57.431512],[-3.706339,57.43165],[-3.706154,57.431841],[-3.705879,57.432083],[-3.705677,57.432281],[-3.705548,57.432433],[-3.705491,57.432541],[-3.705506,57.432603],[-3.705545,57.432656],[-3.705609,57.432698],[-3.705697,57.432731],[-3.705808,57.432753],[-3.705884,57.43279],[-3.705923,57.432842],[-3.705926,57.432908],[-3.705892,57.432988],[-3.705818,57.43304],[-3.705704,57.433063],[-3.705548,57.433056],[-3.705352,57.433021],[-3.705205,57.43301],[-3.705107,57.433023],[-3.705057,57.433059],[-3.705055,57.433119],[-3.705108,57.433181],[-3.705215,57.433244],[-3.705377,57.433309],[-3.705593,57.433377],[-3.705712,57.43343],[-3.705735,57.433471],[-3.705662,57.433498],[-3.705492,57.433511],[-3.70531,57.433525],[-3.705117,57.433539],[-3.704912,57.433553],[-3.704694,57.433567],[-3.704539,57.433545],[-3.704446,57.433486],[-3.704414,57.433391],[-3.704444,57.43326],[-3.704386,57.433151],[-3.704239,57.433066],[-3.704003,57.433005],[-3.703679,57.432966],[-3.703392,57.432937],[-3.703143,57.432918],[-3.702931,57.43291],[-3.702757,57.432911],[-3.702637,57.432888],[-3.702572,57.432841],[-3.702561,57.432771],[-3.702605,57.432677],[-3.702674,57.432578],[-3.702767,57.432477],[-3.702885,57.432372],[-3.703027,57.432263],[-3.703137,57.432142],[-3.703214,57.43201],[-3.70326,57.431866],[-3.703273,57.431711],[-3.703278,57.43158],[-3.703274,57.431474],[-3.703261,57.431392],[-3.70324,57.431334],[-3.703196,57.431308],[-3.70313,57.431312],[-3.703042,57.431348],[-3.702932,57.431415],[-3.702831,57.431454],[-3.70274,57.431463],[-3.702657,57.431444],[-3.702584,57.431396],[-3.702528,57.431339],[-3.702492,57.431272],[-3.702473,57.431196],[-3.702473,57.431111],[-3.702485,57.431011],[-3.70251,57.430897],[-3.702548,57.43077],[-3.702598,57.430628],[-3.702629,57.430514],[-3.702641,57.43043],[-3.702634,57.430374],[-3.702608,57.430346],[-3.702575,57.430334],[-3.702536,57.430336],[-3.702491,57.430352],[-3.702439,57.430383],[-3.702368,57.430426],[-3.702277,57.430481],[-3.702166,57.430547],[-3.702037,57.430624],[-3.701892,57.430673],[-3.701732,57.430692],[-3.701557,57.430681],[-3.701368,57.430641],[-3.701229,57.430585],[-3.701143,57.430513],[-3.701108,57.430425],[-3.701124,57.43032],[-3.701137,57.430222],[-3.701146,57.430129],[-3.701151,57.430042],[-3.701153,57.42996],[-3.701147,57.429886],[-3.701134,57.429819],[-3.701113,57.429759],[-3.701086,57.429707],[-3.701038,57.429701],[-3.70097,57.429742],[-3.700882,57.429831],[-3.700773,57.429966],[-3.700687,57.430096],[-3.700622,57.43022],[-3.700579,57.430339],[-3.700558,57.430452],[-3.700516,57.430557],[-3.700453,57.430654],[-3.700368,57.430741],[-3.700263,57.430821],[-3.700156,57.430892],[-3.700049,57.430954],[-3.69994,57.431009],[-3.69983,57.431054],[-3.699765,57.431105],[-3.699746,57.43116],[-3.699773,57.431221],[-3.699845,57.431286],[-3.69992,57.431349],[-3.699999,57.431412],[-3.700082,57.431473],[-3.700167,57.431532],[-3.700214,57.431608],[-3.700221,57.431702],[-3.700189,57.431812],[-3.700117,57.431939],[-3.700053,57.432044],[-3.699997,57.432127],[-3.699948,57.432188],[-3.699907,57.432226],[-3.699843,57.432269],[-3.699758,57.432317],[-3.69965,57.432368],[-3.69952,57.432425],[-3.699477,57.432489],[-3.69952,57.432562],[-3.699649,57.432642],[-3.699865,57.432731],[-3.700035,57.432813],[-3.700159,57.43289],[-3.700237,57.432961],[-3.700269,57.433026],[-3.700312,57.433093],[-3.700366,57.433162],[-3.70043,57.433234],[-3.700505,57.433307],[-3.700597,57.433376],[-3.700705,57.433442],[-3.700829,57.433504],[-3.70097,57.433562],[-3.701101,57.433604],[-3.701222,57.433629],[-3.701333,57.433639],[-3.701434,57.433633],[-3.701524,57.433635],[-3.701604,57.433646],[-3.701672,57.433666],[-3.701731,57.433694],[-3.701773,57.433728],[-3.7018,57.433768],[-3.701811,57.433813],[-3.701807,57.433865],[-3.701774,57.433926],[-3.701713,57.433997],[-3.701624,57.434077],[-3.701506,57.434166],[-3.701398,57.434255],[-3.701301,57.434345],[-3.701213,57.434434],[-3.701135,57.434523],[-3.70104,57.434603],[-3.700927,57.434672],[-3.700796,57.434732],[-3.700648,57.434782],[-3.700535,57.434836],[-3.700458,57.434896],[-3.700416,57.43496],[-3.70041,57.435029],[-3.700468,57.435104],[-3.70059,57.435185],[-3.700776,57.435273],[-3.701025,57.435366],[-3.701232,57.435453],[-3.701397,57.435532],[-3.701519,57.435603],[-3.701599,57.435667],[-3.701628,57.435734],[-3.701606,57.435803],[-3.701533,57.435873],[-3.701409,57.435946],[-3.701299,57.436014],[-3.701204,57.436078],[-3.701123,57.436136],[-3.701055,57.43619],[-3.701007,57.436258],[-3.700978,57.436341],[-3.700969,57.436437],[-3.700978,57.436547],[-3.700997,57.43666],[-3.701024,57.436777],[-3.701061,57.436897],[-3.701108,57.437021],[-3.701161,57.437136],[-3.701221,57.437243],[-3.701287,57.437342],[-3.701361,57.437432],[-3.701358,57.437521],[-3.70128,57.437609],[-3.701125,57.437694],[-3.700894,57.437778],[-3.700698,57.437837],[-3.700536,57.437871],[-3.700408,57.43788],[-3.700315,57.437865],[-3.700207,57.437875],[-3.700086,57.437911],[-3.69995,57.437973],[-3.6998,57.438062],[-3.699644,57.438165],[-3.699482,57.438282],[-3.699313,57.438414],[-3.699137,57.438561],[-3.698983,57.438687],[-3.698852,57.438793],[-3.698743,57.438878],[-3.698656,57.438942],[-3.698582,57.43901],[-3.698521,57.439081],[-3.698473,57.439154],[-3.698438,57.43923],[-3.69839,57.439283],[-3.69833,57.439313],[-3.698257,57.43932],[-3.698171,57.439303],[-3.698057,57.439312],[-3.697915,57.439346],[-3.697744,57.439406],[-3.697546,57.439491],[-3.697353,57.439564],[-3.697165,57.439627],[-3.696984,57.439678],[-3.696808,57.439717],[-3.696667,57.439732],[-3.696559,57.439722],[-3.696487,57.439687],[-3.696448,57.439627],[-3.696419,57.43957],[-3.696399,57.439517],[-3.696388,57.439466],[-3.696387,57.43942],[-3.696359,57.439379],[-3.696307,57.439343],[-3.696228,57.439314],[-3.696124,57.439291],[-3.696053,57.439259],[-3.696013,57.439218],[-3.696007,57.439169],[-3.696033,57.43911],[-3.696035,57.439053],[-3.696015,57.438998],[-3.69597,57.438944],[-3.695903,57.438891],[-3.695855,57.438837],[-3.695827,57.438782],[-3.695818,57.438727],[-3.695828,57.43867],[-3.695815,57.438622],[-3.695776,57.438584],[-3.695713,57.438554],[-3.695626,57.438533],[-3.695505,57.438516],[-3.695348,57.438502],[-3.695158,57.438492],[-3.694933,57.438486],[-3.694758,57.438507],[-3.694634,57.438557],[-3.694559,57.438634],[-3.694535,57.438739],[-3.694501,57.438822],[-3.694456,57.438882],[-3.6944,57.43892],[-3.694334,57.438935],[-3.694287,57.438973],[-3.694257,57.439031],[-3.694245,57.439112],[-3.694252,57.439213],[-3.694237,57.439292],[-3.694202,57.439347],[-3.694146,57.439378],[-3.69407,57.439386],[-3.693994,57.439358],[-3.693918,57.439293],[-3.693842,57.439192],[-3.693767,57.439055],[-3.693651,57.438946],[-3.693494,57.438866],[-3.693296,57.438815],[-3.693058,57.438793],[-3.692854,57.438787],[-3.692687,57.438796],[-3.692555,57.43882],[-3.692459,57.43886],[-3.692395,57.438929],[-3.692364,57.439026],[-3.692365,57.439152],[-3.692399,57.439307],[-3.692396,57.439421],[-3.692356,57.439493],[-3.692278,57.439525],[-3.692163,57.439515],[-3.692046,57.439511],[-3.691927,57.43951],[-3.691805,57.439514],[-3.691681,57.439523],[-3.691593,57.439547],[-3.69154,57.439587],[-3.691523,57.439642],[-3.691542,57.439713],[-3.691539,57.43978],[-3.691515,57.439842],[-3.691469,57.4399],[-3.691402,57.439954],[-3.69134,57.439966],[-3.691285,57.439935],[-3.691236,57.439863],[-3.691193,57.439747],[-3.691142,57.439669],[-3.691083,57.439629],[-3.691016,57.439625],[-3.690941,57.439658],[-3.690899,57.439716],[-3.69089,57.439798],[-3.690914,57.439905],[-3.690971,57.440036],[-3.691049,57.440138],[-3.691148,57.440211],[-3.691268,57.440255],[-3.691408,57.44027],[-3.691523,57.440301],[-3.691612,57.440347],[-3.691675,57.440409],[-3.691712,57.440486],[-3.691804,57.440548],[-3.691953,57.440594],[-3.692157,57.440625],[-3.692417,57.440641],[-3.692635,57.440661],[-3.692811,57.440685],[-3.692945,57.440714],[-3.693037,57.440747],[-3.693171,57.440797],[-3.693347,57.440864],[-3.693565,57.440948],[-3.693825,57.441049],[-3.694044,57.441144],[-3.69422,57.441232],[-3.694354,57.441315],[-3.694446,57.44139],[-3.694515,57.441464],[-3.694562,57.441536],[-3.694586,57.441607],[-3.694588,57.441675],[-3.694625,57.441748],[-3.694698,57.441826],[-3.694806,57.441908],[-3.69495,57.441996],[-3.695036,57.442081],[-3.695063,57.442164],[-3.695031,57.442244],[-3.694941,57.442322],[-3.694892,57.442419],[-3.694884,57.442535],[-3.694916,57.442671],[-3.69499,57.442825],[-3.695014,57.442979],[-3.694987,57.443131],[-3.694911,57.443282],[-3.694784,57.443432],[-3.694627,57.443556],[-3.694441,57.443652],[-3.694225,57.443722],[-3.693978,57.443765],[-3.693738,57.443791],[-3.693503,57.443801],[-3.693274,57.443794],[-3.693051,57.44377],[-3.692834,57.443732],[-3.692623,57.443679],[-3.692419,57.443612],[-3.692222,57.44353],[-3.692034,57.443469],[-3.691857,57.44343],[-3.691689,57.443412],[-3.691531,57.443416],[-3.691403,57.443406],[-3.691302,57.443382],[-3.691231,57.443345],[-3.691188,57.443294],[-3.691149,57.443242],[-3.691113,57.44319],[-3.691082,57.443138],[-3.691054,57.443086],[-3.691001,57.443028],[-3.690922,57.442966],[-3.690818,57.442899],[-3.690687,57.442827],[-3.690561,57.442745],[-3.69044,57.442653],[-3.690322,57.442551],[-3.690208,57.442439],[-3.690105,57.442317],[-3.690013,57.442186],[-3.68993,57.442045],[-3.689858,57.441894],[-3.689807,57.441752],[-3.689777,57.441618],[-3.689768,57.441493],[-3.68978,57.441377],[-3.689774,57.441262],[-3.689752,57.441149],[-3.689712,57.441037],[-3.689656,57.440928],[-3.689595,57.440804],[-3.689532,57.440665],[-3.689464,57.440512],[-3.689394,57.440344],[-3.689356,57.440201],[-3.689352,57.440084],[-3.689382,57.439993],[-3.689444,57.439926],[-3.68947,57.439856],[-3.689458,57.439783],[-3.689409,57.439705],[-3.689324,57.439625],[-3.689257,57.439543],[-3.68921,57.43946],[-3.689183,57.439376],[-3.689175,57.439292],[-3.689169,57.439205],[-3.689163,57.439116],[-3.689159,57.439024],[-3.689156,57.43893],[-3.689114,57.438861],[-3.689033,57.438816],[-3.688914,57.438795],[-3.688757,57.438799],[-3.688665,57.438787],[-3.688639,57.43876],[-3.688679,57.438717],[-3.688784,57.438659],[-3.688857,57.438545],[-3.688896,57.438374],[-3.688902,57.438147],[-3.688876,57.437863],[-3.688859,57.437636],[-3.688851,57.437466],[-3.688852,57.437353],[-3.688863,57.437296],[-3.688833,57.437239],[-3.688765,57.437182],[-3.688656,57.437125],[-3.688507,57.437068],[-3.688372,57.436994],[-3.68825,57.436902],[-3.688142,57.436792],[-3.688047,57.436665],[-3.687965,57.436495],[-3.687897,57.436279],[-3.687842,57.43602],[-3.6878,57.435717],[-3.687747,57.435511],[-3.687682,57.435402],[-3.687606,57.435391],[-3.687519,57.435477],[-3.687431,57.435533],[-3.687342,57.435559],[-3.687251,57.435556],[-3.687159,57.435523],[-3.687086,57.435513],[-3.687031,57.435525],[-3.686994,57.43556],[-3.686976,57.435617],[-3.68692,57.43566],[-3.686828,57.435689],[-3.686698,57.435704],[-3.686532,57.435704],[-3.686411,57.435695],[-3.686337,57.435677],[-3.686309,57.43565],[-3.686327,57.435614],[-3.686357,57.435573],[-3.686399,57.435526],[-3.686453,57.435473],[-3.686519,57.435415],[-3.686499,57.435325],[-3.686394,57.435203],[-3.686204,57.43505],[-3.685928,57.434865],[-3.685675,57.43473],[-3.685445,57.434645],[-3.685237,57.434611],[-3.685052,57.434626],[-3.684893,57.434625],[-3.68476,57.434609],[-3.684653,57.434578],[-3.684572,57.434531],[-3.684456,57.434492],[-3.684306,57.434463],[-3.684122,57.434443],[-3.683903,57.434432],[-3.683721,57.434402],[-3.683576,57.434353],[-3.683467,57.434285],[-3.683395,57.434198],[-3.683279,57.434148],[-3.683118,57.434132],[-3.682913,57.434153],[-3.682664,57.434209],[-3.682472,57.43422],[-3.682336,57.434187],[-3.682258,57.43411],[-3.682236,57.433988],[-3.682196,57.433896],[-3.682137,57.433834],[-3.682059,57.433802],[-3.681963,57.433799],[-3.681866,57.433775],[-3.68177,57.433729],[-3.681673,57.433663],[-3.681577,57.433574],[-3.681468,57.433496],[-3.681347,57.433427],[-3.681214,57.433369],[-3.681069,57.43332],[-3.680941,57.433282],[-3.680832,57.433255],[-3.68074,57.433239],[-3.680667,57.433234],[-3.680604,57.433208],[-3.680551,57.433162],[-3.680509,57.433096],[-3.680476,57.43301],[-3.680405,57.432926],[-3.680296,57.432846],[-3.680148,57.432769],[-3.679961,57.432694],[-3.679808,57.43263],[-3.679689,57.432576],[-3.679603,57.432533],[-3.679551,57.4325],[-3.679459,57.432473],[-3.679329,57.432452],[-3.679159,57.432438],[-3.678949,57.43243],[-3.678702,57.432413],[-3.678419,57.432387],[-3.678098,57.432352],[-3.67774,57.432309],[-3.677426,57.432272],[-3.677157,57.432242],[-3.676932,57.43222],[-3.676752,57.432205],[-3.6766,57.432166],[-3.676478,57.432104],[-3.676384,57.432019],[-3.67632,57.43191],[-3.676288,57.431813],[-3.676287,57.431727],[-3.676319,57.431654],[-3.676384,57.431591],[-3.67633,57.431518],[-3.67616,57.431433],[-3.675872,57.431337],[-3.675466,57.43123],[-3.67509,57.431137],[-3.674743,57.431058],[-3.674424,57.430993],[-3.674135,57.430942],[-3.673791,57.430891],[-3.673391,57.430841],[-3.672935,57.430791],[-3.672424,57.430742],[-3.672083,57.43079],[-3.67191,57.430934],[-3.671906,57.431175],[-3.672072,57.431512],[-3.672213,57.431773],[-3.67233,57.431958],[-3.672422,57.432065],[-3.672489,57.432097],[-3.672542,57.432153],[-3.67258,57.432235],[-3.672604,57.432341],[-3.672613,57.432473],[-3.672665,57.43259],[-3.672759,57.432694],[-3.672896,57.432783],[-3.673075,57.432858],[-3.673196,57.432933],[-3.67326,57.433008],[-3.673266,57.433082],[-3.673214,57.433156],[-3.67319,57.433278],[-3.673194,57.433449],[-3.673226,57.433668],[-3.673286,57.433935],[-3.673312,57.434149],[-3.673305,57.43431],[-3.673264,57.434418],[-3.673189,57.434473],[-3.673125,57.434542],[-3.673073,57.434624],[-3.673031,57.43472],[-3.673001,57.43483],[-3.672933,57.434914],[-3.672827,57.434972],[-3.672684,57.435005],[-3.672504,57.435011],[-3.672331,57.43501],[-3.672166,57.435004],[-3.672008,57.434992],[-3.671858,57.434973],[-3.671697,57.434952],[-3.671525,57.434927],[-3.671342,57.434899],[-3.671148,57.434868],[-3.671021,57.434831],[-3.670961,57.434788],[-3.670968,57.434739],[-3.671043,57.434684],[-3.671119,57.434632],[-3.671195,57.434581],[-3.671273,57.434532],[-3.67135,57.434486],[-3.671409,57.43442],[-3.671449,57.434334],[-3.671469,57.43423],[-3.671471,57.434105],[-3.671445,57.433987],[-3.671391,57.433876],[-3.67131,57.43377],[-3.671201,57.43367],[-3.671102,57.433581],[-3.671013,57.433502],[-3.670935,57.433435],[-3.670866,57.433378],[-3.67078,57.433345],[-3.670677,57.433337],[-3.670558,57.433352],[-3.670422,57.433392],[-3.670288,57.433437],[-3.670156,57.433487],[-3.670025,57.433543],[-3.669897,57.433603],[-3.669749,57.433648],[-3.669581,57.433676],[-3.669392,57.433688],[-3.669184,57.433684],[-3.668996,57.433675],[-3.668828,57.43366],[-3.66868,57.433641],[-3.668551,57.433616],[-3.668471,57.433582],[-3.66844,57.433541],[-3.668457,57.433491],[-3.668523,57.433433],[-3.668576,57.433379],[-3.668617,57.43333],[-3.668646,57.433285],[-3.668663,57.433245],[-3.668661,57.43318],[-3.668639,57.43309],[-3.668598,57.432976],[-3.668539,57.432837],[-3.668465,57.432715],[-3.668379,57.432611],[-3.668279,57.432524],[-3.668166,57.432455],[-3.668059,57.432381],[-3.667959,57.432304],[-3.667865,57.432223],[-3.667778,57.432138],[-3.667695,57.43205],[-3.667617,57.431958],[-3.667543,57.431862],[-3.667474,57.431762],[-3.667424,57.431642],[-3.667391,57.431502],[-3.667377,57.431342],[-3.667382,57.431162],[-3.667391,57.431],[-3.667404,57.430856],[-3.667423,57.430729],[-3.667445,57.430619],[-3.667455,57.430512],[-3.667451,57.430405],[-3.667433,57.4303],[-3.667403,57.430196],[-3.667302,57.430107],[-3.667131,57.430033],[-3.666891,57.429974],[-3.66658,57.42993],[-3.666284,57.429892],[-3.666003,57.429862],[-3.665736,57.429838],[-3.665484,57.429822],[-3.665258,57.429814],[-3.665059,57.429813],[-3.664887,57.42982],[-3.664742,57.429835],[-3.66462,57.429865],[-3.664522,57.42991],[-3.664446,57.429969],[-3.664394,57.430043],[-3.664345,57.430107],[-3.664297,57.430161],[-3.664252,57.430205],[-3.66421,57.430239],[-3.664147,57.430301],[-3.664066,57.430391],[-3.663964,57.430509],[-3.663844,57.430654],[-3.663736,57.430759],[-3.663641,57.430825],[-3.66356,57.43085],[-3.663491,57.430836],[-3.663436,57.430811],[-3.663394,57.430774],[-3.663367,57.430727],[-3.663353,57.430669],[-3.663346,57.430613],[-3.663346,57.430559],[-3.663353,57.430508],[-3.663366,57.43046],[-3.663378,57.430405],[-3.663387,57.430345],[-3.663394,57.430278],[-3.663398,57.430204],[-3.663364,57.43015],[-3.663291,57.430115],[-3.66318,57.430099],[-3.66303,57.430102],[-3.662892,57.430109],[-3.662765,57.43012],[-3.662649,57.430135],[-3.662546,57.430155],[-3.66245,57.430175],[-3.662363,57.430197],[-3.662284,57.43022],[-3.662214,57.430245],[-3.662134,57.43027],[-3.662044,57.430297],[-3.661945,57.430324],[-3.661837,57.430353],[-3.661728,57.430365],[-3.66162,57.430361],[-3.661511,57.430342],[-3.661403,57.430306],[-3.661315,57.430283],[-3.661247,57.430273],[-3.661201,57.430276],[-3.661175,57.430291],[-3.661146,57.430331],[-3.661114,57.430394],[-3.661078,57.430481],[-3.66104,57.430592],[-3.66099,57.43069],[-3.660926,57.430776],[-3.66085,57.430849],[-3.660762,57.430909],[-3.660658,57.430961],[-3.660538,57.431003],[-3.660404,57.431037],[-3.660254,57.431061],[-3.660119,57.431061],[-3.659999,57.431037],[-3.659894,57.430989],[-3.659803,57.430918],[-3.659705,57.430867],[-3.659599,57.430838],[-3.659484,57.430829],[-3.659362,57.430842],[-3.659251,57.430864],[-3.659152,57.430896],[-3.659064,57.430937],[-3.658988,57.430988],[-3.658918,57.43102],[-3.658855,57.431033],[-3.6588,57.431027],[-3.658751,57.431002],[-3.658706,57.430968],[-3.658666,57.430925],[-3.658631,57.430873],[-3.6586,57.430813],[-3.658544,57.430747],[-3.658462,57.430676],[-3.658355,57.430601],[-3.658222,57.430521],[-3.65809,57.430488],[-3.65796,57.430501],[-3.657832,57.430562],[-3.657705,57.430669],[-3.657571,57.430783],[-3.657429,57.430905],[-3.657281,57.431034],[-3.657125,57.43117],[-3.657077,57.431317],[-3.657136,57.431475],[-3.657302,57.431645],[-3.657576,57.431826],[-3.657734,57.431962],[-3.657776,57.432054],[-3.657703,57.432101],[-3.657513,57.432104],[-3.657364,57.432089],[-3.657257,57.432058],[-3.657192,57.432009],[-3.657167,57.431943],[-3.657113,57.431888],[-3.657029,57.431843],[-3.656915,57.431809],[-3.656771,57.431786],[-3.656645,57.431757],[-3.656537,57.431724],[-3.656447,57.431685],[-3.656375,57.431641],[-3.656273,57.431601],[-3.65614,57.431563],[-3.655976,57.431529],[-3.655782,57.431498],[-3.65561,57.431481],[-3.655462,57.431477],[-3.655337,57.431487],[-3.655234,57.43151],[-3.655125,57.431525],[-3.655008,57.431531],[-3.654883,57.431528],[-3.654752,57.431516],[-3.654593,57.431527],[-3.654407,57.431561],[-3.654194,57.431619],[-3.653954,57.431699],[-3.653754,57.43178],[-3.653594,57.431861],[-3.653473,57.431942],[-3.653392,57.432023],[-3.653363,57.432085],[-3.653387,57.432127],[-3.653463,57.43215],[-3.653591,57.432154],[-3.653692,57.432172],[-3.653764,57.432206],[-3.653807,57.432253],[-3.653823,57.432316],[-3.653858,57.43238],[-3.653914,57.432444],[-3.65399,57.43251],[-3.654087,57.432577],[-3.654116,57.432623],[-3.654078,57.432648],[-3.653972,57.432653],[-3.653799,57.432637],[-3.653657,57.432645],[-3.653546,57.432678],[-3.653467,57.432736],[-3.653418,57.432818],[-3.653355,57.432879],[-3.653279,57.432919],[-3.653188,57.432938],[-3.653084,57.432936],[-3.652997,57.432951],[-3.652926,57.432984],[-3.652871,57.433035],[-3.652833,57.433103],[-3.652775,57.43315],[-3.652697,57.433175],[-3.652599,57.433179],[-3.652481,57.433161],[-3.6524,57.43313],[-3.652356,57.433086],[-3.652348,57.433028],[-3.652377,57.432956],[-3.652364,57.432906],[-3.65231,57.432878],[-3.652214,57.432871],[-3.652076,57.432885],[-3.651947,57.432878],[-3.651825,57.43285],[-3.651712,57.432801],[-3.651606,57.432731],[-3.651482,57.432655],[-3.651341,57.432574],[-3.651181,57.432487],[-3.651004,57.432394],[-3.650873,57.43231],[-3.650789,57.432233],[-3.650751,57.432164],[-3.65076,57.432103],[-3.650759,57.432042],[-3.650748,57.431979],[-3.650726,57.431915],[-3.650694,57.43185],[-3.650663,57.431777],[-3.650633,57.431697],[-3.650604,57.431609],[-3.650576,57.431514],[-3.650563,57.431435],[-3.650564,57.431373],[-3.650579,57.431327],[-3.650608,57.431299],[-3.650654,57.431273],[-3.650716,57.431249],[-3.650796,57.431228],[-3.650892,57.431209],[-3.65101,57.431201],[-3.65115,57.431204],[-3.651312,57.431217],[-3.651495,57.43124],[-3.651656,57.43125],[-3.651794,57.431246],[-3.651908,57.431229],[-3.652,57.431198],[-3.652066,57.431156],[-3.652106,57.431103],[-3.652119,57.431038],[-3.652107,57.430963],[-3.652149,57.430911],[-3.652246,57.430884],[-3.652398,57.430881],[-3.652605,57.430902],[-3.652746,57.430893],[-3.652823,57.430853],[-3.652834,57.430782],[-3.65278,57.430681],[-3.652736,57.430577],[-3.652701,57.430472],[-3.652675,57.430365],[-3.652658,57.430255],[-3.652656,57.430151],[-3.652671,57.430051],[-3.652701,57.429956],[-3.652747,57.429866],[-3.652773,57.429781],[-3.652779,57.429701],[-3.652765,57.429627],[-3.652731,57.429557],[-3.652672,57.429488],[-3.652586,57.429418],[-3.652474,57.429347],[-3.652336,57.429276],[-3.652209,57.429226],[-3.652091,57.429198],[-3.651983,57.429191],[-3.651885,57.429206],[-3.651756,57.429227],[-3.651596,57.429254],[-3.651404,57.429288],[-3.65118,57.429328],[-3.651003,57.429375],[-3.650872,57.429427],[-3.650786,57.429485],[-3.650746,57.429549],[-3.650679,57.429618],[-3.650583,57.429692],[-3.65046,57.429771],[-3.650308,57.429855],[-3.650126,57.429931],[-3.649913,57.429998],[-3.649668,57.430057],[-3.649393,57.430107],[-3.64908,57.430152],[-3.64873,57.430193],[-3.648343,57.430229],[-3.647918,57.430261],[-3.647598,57.430267],[-3.647385,57.430249],[-3.647277,57.430206],[-3.647276,57.430138],[-3.64725,57.430074],[-3.6472,57.430015],[-3.647127,57.429961],[-3.647029,57.429911],[-3.646922,57.429881],[-3.646807,57.429869],[-3.646682,57.429877],[-3.646549,57.429904],[-3.646431,57.429937],[-3.646327,57.429978],[-3.646237,57.430026],[-3.646162,57.430081],[-3.646106,57.430137],[-3.646068,57.430194],[-3.646048,57.430253],[-3.646046,57.430313],[-3.645982,57.430347],[-3.645854,57.430356],[-3.645663,57.43034],[-3.645409,57.430298],[-3.645125,57.430265],[-3.64481,57.43024],[-3.644464,57.430224],[-3.644088,57.430216],[-3.643765,57.430201],[-3.643494,57.430177],[-3.643276,57.430147],[-3.643111,57.430108],[-3.642858,57.430079],[-3.642517,57.430059],[-3.642088,57.430048],[-3.641571,57.430047],[-3.641152,57.430042],[-3.640832,57.430035],[-3.640609,57.430025],[-3.640486,57.430013],[-3.640372,57.430021],[-3.640268,57.430051],[-3.640174,57.430103],[-3.64009,57.430176],[-3.64,57.430222],[-3.639904,57.430243],[-3.639803,57.430238],[-3.639696,57.430206],[-3.639587,57.43018],[-3.639476,57.43016],[-3.639363,57.430145],[-3.639248,57.430135],[-3.639141,57.430102],[-3.63904,57.430044],[-3.638946,57.429962],[-3.638858,57.429855],[-3.638736,57.429777],[-3.638578,57.429727],[-3.638386,57.429706],[-3.638158,57.429713],[-3.637932,57.429708],[-3.637708,57.429693],[-3.637486,57.429667],[-3.637265,57.42963],[-3.637134,57.429592],[-3.637091,57.429551],[-3.637137,57.429509],[-3.637271,57.429465],[-3.637368,57.429414],[-3.637426,57.429357],[-3.637446,57.429293],[-3.637427,57.429222],[-3.637366,57.429164],[-3.637261,57.429117],[-3.637113,57.429082],[-3.636922,57.429059],[-3.636776,57.42903],[-3.636675,57.428993],[-3.636619,57.42895],[-3.636608,57.4289],[-3.636508,57.428839],[-3.63632,57.428769],[-3.636042,57.428689],[-3.635675,57.428599],[-3.635394,57.428549],[-3.635199,57.428537],[-3.63509,57.428564],[-3.635067,57.428631],[-3.634986,57.428696],[-3.634847,57.42876],[-3.634649,57.428822],[-3.634394,57.428883],[-3.634193,57.428945],[-3.634046,57.42901],[-3.633954,57.429076],[-3.633915,57.429144],[-3.633914,57.42921],[-3.63395,57.429275],[-3.634023,57.429338],[-3.634133,57.429399],[-3.634185,57.429473],[-3.634177,57.429559],[-3.634111,57.429658],[-3.633985,57.429769],[-3.633869,57.429901],[-3.633763,57.430053],[-3.633666,57.430226],[-3.633579,57.430419],[-3.633536,57.430563],[-3.633536,57.430659],[-3.633579,57.430707],[-3.633667,57.430707],[-3.633764,57.430671],[-3.633873,57.4306],[-3.633992,57.430493],[-3.634122,57.430351],[-3.634259,57.430249],[-3.634403,57.430187],[-3.634553,57.430165],[-3.634711,57.430183],[-3.634812,57.43021],[-3.634857,57.430246],[-3.634846,57.430291],[-3.634779,57.430345],[-3.634703,57.430402],[-3.634618,57.430462],[-3.634524,57.430525],[-3.634422,57.430591],[-3.634319,57.430666],[-3.634215,57.43075],[-3.63411,57.430842],[-3.634005,57.430943],[-3.633895,57.431028],[-3.633782,57.431097],[-3.633665,57.431151],[-3.633544,57.431189],[-3.63345,57.431192],[-3.633382,57.431158],[-3.63334,57.431089],[-3.633325,57.430984],[-3.633197,57.430929],[-3.632957,57.430924],[-3.632605,57.430969],[-3.63214,57.431064],[-3.631745,57.431151],[-3.631421,57.43123],[-3.631167,57.4313],[-3.630984,57.431362],[-3.630814,57.431418],[-3.630658,57.431469],[-3.630516,57.431514],[-3.630387,57.431553],[-3.63025,57.431589],[-3.630104,57.431624],[-3.629949,57.431656],[-3.629785,57.431686],[-3.629549,57.431735],[-3.629241,57.431804],[-3.628861,57.431891],[-3.628408,57.431998],[-3.628101,57.432107],[-3.62794,57.432218],[-3.627924,57.432331],[-3.628054,57.432445],[-3.628088,57.432516],[-3.628026,57.432541],[-3.627868,57.432523],[-3.627615,57.432459],[-3.627351,57.432434],[-3.627078,57.432448],[-3.626796,57.4325],[-3.626503,57.43259],[-3.626274,57.432674],[-3.626108,57.432751],[-3.626006,57.432821],[-3.625966,57.432885],[-3.62591,57.432926],[-3.625837,57.432945],[-3.625748,57.43294],[-3.625642,57.432913],[-3.625473,57.432885],[-3.625241,57.432858],[-3.624945,57.432831],[-3.624586,57.432805],[-3.624292,57.43279],[-3.624065,57.432788],[-3.623904,57.432799],[-3.623809,57.432821],[-3.62372,57.432833],[-3.623637,57.432833],[-3.623559,57.432822],[-3.623487,57.432799],[-3.62344,57.432815],[-3.623416,57.432869],[-3.623416,57.432961],[-3.623441,57.433091],[-3.623431,57.433187],[-3.623387,57.433249],[-3.623308,57.433278],[-3.623195,57.433272],[-3.623088,57.433243],[-3.622989,57.433189],[-3.622896,57.433111],[-3.622811,57.433009],[-3.622715,57.432927],[-3.622608,57.432865],[-3.622492,57.432824],[-3.622365,57.432803],[-3.622239,57.432786],[-3.622116,57.432773],[-3.621993,57.432765],[-3.621872,57.43276],[-3.621726,57.432763],[-3.621555,57.432772],[-3.621358,57.432788],[-3.621137,57.432811],[-3.620952,57.432858],[-3.620803,57.432929],[-3.620692,57.433024],[-3.620617,57.433143],[-3.620539,57.433227],[-3.620458,57.433276],[-3.620374,57.43329],[-3.620286,57.43327],[-3.620205,57.433233],[-3.62013,57.433181],[-3.620062,57.433113],[-3.619999,57.43303],[-3.619917,57.432977],[-3.619817,57.432953],[-3.619698,57.432959],[-3.619561,57.432995],[-3.619348,57.433026],[-3.619061,57.433054],[-3.618698,57.433078],[-3.618261,57.433098],[-3.617901,57.433124],[-3.617619,57.433155],[-3.617414,57.433193],[-3.617287,57.433236],[-3.617183,57.433283],[-3.617103,57.433334],[-3.617046,57.433389],[-3.617013,57.433448],[-3.616952,57.433487],[-3.616864,57.433507],[-3.616749,57.433508],[-3.616606,57.433488],[-3.616501,57.433461],[-3.616432,57.433425],[-3.6164,57.433381],[-3.616405,57.43333],[-3.616316,57.433272],[-3.616133,57.433207],[-3.615856,57.433137],[-3.615486,57.43306],[-3.615146,57.433011],[-3.614837,57.43299],[-3.614557,57.432996],[-3.614308,57.433031],[-3.614085,57.433062],[-3.613888,57.433088],[-3.613718,57.433111],[-3.613574,57.433131],[-3.613176,57.433154],[-3.612523,57.433181],[-3.611615,57.433213],[-3.610453,57.433248],[-3.609514,57.433278],[-3.6088,57.433301],[-3.60831,57.433317],[-3.608044,57.433328],[-3.607779,57.433337],[-3.607516,57.433345],[-3.607255,57.433352],[-3.606995,57.433358],[-3.606801,57.433248],[-3.606673,57.433022],[-3.606612,57.43268],[-3.606617,57.432222],[-3.606516,57.431877],[-3.606311,57.431644],[-3.606,57.431523],[-3.605584,57.431515],[-3.605152,57.43154],[-3.604705,57.431597],[-3.604242,57.431687],[-3.603763,57.431809],[-3.603358,57.431932],[-3.603026,57.432054],[-3.602767,57.432176],[-3.602582,57.432298],[-3.602409,57.432415],[-3.602249,57.432528],[-3.6021,57.432636],[-3.601964,57.43274],[-3.601822,57.432823],[-3.601674,57.432886],[-3.601521,57.432927],[-3.601362,57.432948],[-3.601091,57.433047],[-3.600708,57.433223],[-3.600212,57.433478],[-3.599605,57.43381],[-3.599147,57.434095],[-3.598838,57.434332],[-3.598678,57.434522],[-3.598667,57.434664],[-3.598613,57.434785],[-3.598515,57.434885],[-3.598373,57.434964],[-3.598188,57.435022],[-3.598017,57.435074],[-3.597859,57.43512],[-3.597715,57.435161],[-3.597585,57.435196],[-3.597448,57.435238],[-3.597303,57.435287],[-3.597152,57.435343],[-3.596992,57.435407],[-3.596858,57.435456],[-3.596748,57.435491],[-3.596662,57.435512],[-3.596601,57.435518],[-3.596548,57.435575],[-3.596505,57.435682],[-3.59647,57.435839],[-3.596444,57.436047],[-3.596408,57.436251],[-3.596363,57.43645],[-3.596308,57.436645],[-3.596244,57.436835],[-3.596161,57.436982],[-3.59606,57.437084],[-3.59594,57.437142],[-3.595803,57.437157],[-3.595686,57.437142],[-3.595591,57.437099],[-3.595516,57.437026],[-3.595463,57.436925],[-3.595401,57.436839],[-3.595332,57.43677],[-3.595254,57.436716],[-3.595168,57.436678],[-3.595076,57.436648],[-3.594976,57.436626],[-3.59487,57.436612],[-3.594757,57.436607],[-3.594672,57.436588],[-3.594617,57.436555],[-3.59459,57.436509],[-3.594591,57.436449],[-3.594526,57.436386],[-3.594395,57.436321],[-3.594197,57.436253],[-3.593932,57.436182],[-3.593696,57.436129],[-3.593488,57.436093],[-3.593308,57.436074],[-3.593157,57.436073],[-3.59303,57.436064],[-3.59293,57.436049],[-3.592854,57.436027],[-3.592803,57.435998],[-3.592675,57.435974],[-3.59247,57.435955],[-3.592186,57.43594],[-3.591825,57.435931],[-3.591546,57.435955],[-3.591349,57.436011],[-3.591233,57.436101],[-3.591199,57.436225],[-3.591154,57.436316],[-3.591097,57.436375],[-3.591027,57.436403],[-3.590946,57.436398],[-3.590875,57.436368],[-3.590815,57.436313],[-3.590765,57.436231],[-3.590725,57.436124],[-3.590666,57.436044],[-3.590586,57.43599],[-3.590487,57.435963],[-3.590368,57.435963],[-3.590277,57.435943],[-3.590215,57.435905],[-3.590182,57.435847],[-3.590177,57.435771],[-3.590157,57.435684],[-3.590121,57.435588],[-3.59007,57.435481],[-3.590003,57.435364],[-3.58993,57.435285],[-3.589851,57.435244],[-3.589766,57.435241],[-3.589676,57.435276],[-3.589621,57.435341],[-3.5896,57.435435],[-3.589614,57.435558],[-3.589663,57.435711],[-3.589712,57.435848],[-3.58976,57.435969],[-3.589809,57.436074],[-3.589858,57.436163],[-3.589898,57.43626],[-3.589929,57.436366],[-3.589952,57.43648],[-3.589966,57.436603],[-3.590003,57.436682],[-3.590064,57.436719],[-3.590149,57.436712],[-3.590258,57.436662],[-3.590348,57.436644],[-3.590421,57.436658],[-3.590476,57.436704],[-3.590512,57.436781],[-3.590563,57.436855],[-3.590629,57.436925],[-3.590709,57.436991],[-3.590804,57.437054],[-3.590943,57.437113],[-3.591127,57.437169],[-3.591355,57.437221],[-3.591627,57.43727],[-3.591815,57.437322],[-3.591919,57.437377],[-3.591939,57.437436],[-3.591875,57.437499],[-3.591825,57.437595],[-3.59179,57.437724],[-3.591769,57.437888],[-3.591762,57.438085],[-3.591777,57.438242],[-3.591812,57.438358],[-3.591868,57.438433],[-3.591944,57.438468],[-3.591971,57.438509],[-3.591949,57.438556],[-3.591878,57.438609],[-3.591757,57.438669],[-3.591657,57.438717],[-3.591579,57.438753],[-3.591523,57.438777],[-3.591487,57.438789],[-3.591457,57.438824],[-3.591431,57.438882],[-3.591409,57.438964],[-3.591392,57.439068],[-3.591333,57.43917],[-3.591231,57.439271],[-3.591087,57.439369],[-3.5909,57.439465],[-3.590797,57.439541],[-3.590778,57.439597],[-3.590843,57.439631],[-3.590991,57.439646],[-3.591085,57.439685],[-3.591125,57.43975],[-3.59111,57.439839],[-3.591041,57.439953],[-3.590979,57.440069],[-3.590924,57.440188],[-3.590876,57.44031],[-3.590834,57.440434],[-3.590773,57.440536],[-3.590692,57.440617],[-3.590591,57.440677],[-3.59047,57.440715],[-3.590397,57.44076],[-3.590373,57.440812],[-3.590397,57.44087],[-3.590468,57.440935],[-3.590529,57.441024],[-3.590579,57.441137],[-3.590617,57.441272],[-3.590645,57.441432],[-3.590709,57.441547],[-3.590811,57.441618],[-3.59095,57.441644],[-3.591126,57.441626],[-3.591235,57.441632],[-3.591279,57.441664],[-3.591256,57.441721],[-3.591168,57.441803],[-3.591153,57.441881],[-3.591213,57.441956],[-3.591346,57.442028],[-3.591554,57.442096],[-3.591705,57.442165],[-3.591798,57.442234],[-3.591834,57.442304],[-3.591813,57.442375],[-3.591772,57.442437],[-3.591712,57.44249],[-3.591634,57.442534],[-3.591536,57.44257],[-3.591442,57.442618],[-3.591354,57.442679],[-3.591269,57.442752],[-3.59119,57.442837],[-3.59116,57.442902],[-3.591181,57.442947],[-3.591252,57.442972],[-3.591373,57.442976],[-3.591482,57.442993],[-3.59158,57.443021],[-3.591666,57.443061],[-3.591741,57.443113],[-3.591791,57.443177],[-3.591815,57.443254],[-3.591814,57.443343],[-3.591788,57.443444],[-3.591767,57.443536],[-3.59175,57.443619],[-3.591738,57.443693],[-3.59173,57.443757],[-3.591699,57.443809],[-3.591646,57.443846],[-3.591569,57.44387],[-3.59147,57.443881],[-3.591392,57.443902],[-3.591336,57.443933],[-3.591302,57.443975],[-3.59129,57.444028],[-3.591313,57.444064],[-3.591372,57.444083],[-3.591467,57.444086],[-3.591597,57.444073],[-3.59169,57.444083],[-3.591746,57.444118],[-3.591766,57.444177],[-3.591749,57.44426],[-3.591715,57.444339],[-3.591664,57.444415],[-3.591596,57.444487],[-3.59151,57.444556],[-3.591392,57.44463],[-3.591243,57.44471],[-3.591062,57.444795],[-3.590849,57.444885],[-3.590684,57.444971],[-3.590567,57.445051],[-3.590498,57.445127],[-3.590477,57.445198],[-3.590459,57.445273],[-3.590445,57.445354],[-3.590435,57.445439],[-3.590429,57.445529],[-3.590413,57.445621],[-3.590388,57.445713],[-3.590353,57.445807],[-3.590309,57.445901],[-3.590261,57.445991],[-3.590209,57.446078],[-3.590155,57.446161],[-3.590096,57.446239],[-3.590023,57.446319],[-3.589934,57.446401],[-3.58983,57.446485],[-3.589711,57.44657],[-3.589606,57.446646],[-3.589515,57.446713],[-3.58944,57.446771],[-3.589378,57.44682],[-3.589288,57.446872],[-3.58917,57.446927],[-3.589023,57.446985],[-3.588847,57.447046],[-3.588694,57.447101],[-3.588565,57.447148],[-3.588459,57.447189],[-3.588376,57.447223],[-3.588283,57.447245],[-3.588178,57.447254],[-3.588064,57.447249],[-3.587938,57.447233],[-3.587824,57.447213],[-3.587721,57.447192],[-3.587629,57.447169],[-3.587547,57.447143],[-3.587445,57.447125],[-3.587322,57.447114],[-3.587178,57.447111],[-3.587013,57.447115],[-3.586874,57.447105],[-3.586761,57.44708],[-3.586675,57.447041],[-3.586616,57.446987],[-3.586594,57.446934],[-3.58661,57.446881],[-3.586664,57.446829],[-3.586756,57.446776],[-3.586875,57.446734],[-3.587022,57.446702],[-3.587197,57.446679],[-3.587399,57.446667],[-3.587591,57.44665],[-3.587774,57.446629],[-3.587947,57.446603],[-3.588111,57.446574],[-3.588268,57.446537],[-3.588419,57.446494],[-3.588563,57.446443],[-3.588701,57.446386],[-3.588817,57.446314],[-3.588912,57.446228],[-3.588986,57.446126],[-3.589038,57.446009],[-3.589067,57.445905],[-3.589072,57.445812],[-3.589054,57.445732],[-3.589013,57.445664],[-3.588952,57.445585],[-3.588871,57.445495],[-3.58877,57.445394],[-3.588649,57.445283],[-3.588521,57.445184],[-3.588386,57.445097],[-3.588243,57.445024],[-3.588093,57.444962],[-3.587954,57.444904],[-3.587827,57.444849],[-3.58771,57.444797],[-3.587605,57.444748],[-3.587484,57.444674],[-3.587348,57.444575],[-3.587196,57.444451],[-3.58703,57.444301],[-3.586879,57.444162],[-3.586743,57.444033],[-3.586624,57.443914],[-3.58652,57.443805],[-3.586418,57.443713],[-3.586319,57.443638],[-3.586222,57.44358],[-3.586127,57.443538],[-3.586027,57.443504],[-3.585921,57.443476],[-3.58581,57.443456],[-3.585694,57.443442],[-3.585581,57.44343],[-3.58547,57.44342],[-3.585361,57.443412],[-3.585256,57.443406],[-3.585135,57.443406],[-3.584998,57.443412],[-3.584845,57.443423],[-3.584677,57.443441],[-3.584531,57.443449],[-3.584407,57.443446],[-3.584305,57.443435],[-3.584226,57.443413],[-3.584128,57.44339],[-3.584011,57.443366],[-3.583877,57.44334],[-3.583724,57.443313],[-3.583555,57.443291],[-3.58337,57.443274],[-3.583169,57.443262],[-3.582951,57.443255],[-3.582727,57.443244],[-3.582495,57.443229],[-3.582256,57.443211],[-3.58201,57.44319],[-3.581812,57.443156],[-3.581664,57.443109],[-3.581565,57.44305],[-3.581514,57.442979],[-3.581431,57.442903],[-3.581314,57.442823],[-3.581163,57.442739],[-3.58098,57.442652],[-3.580834,57.442573],[-3.580724,57.442503],[-3.580652,57.442442],[-3.580617,57.44239],[-3.58056,57.442327],[-3.58048,57.442251],[-3.580379,57.442165],[-3.580255,57.442067],[-3.580114,57.441977],[-3.579958,57.441898],[-3.579785,57.441827],[-3.579595,57.441765],[-3.57945,57.441711],[-3.579349,57.441664],[-3.579292,57.441624],[-3.57928,57.441591],[-3.579289,57.441561],[-3.579319,57.441534],[-3.57937,57.441511],[-3.579441,57.441491],[-3.579504,57.441435],[-3.579558,57.441344],[-3.579602,57.441218],[-3.579638,57.441056],[-3.579627,57.440915],[-3.579571,57.440795],[-3.579468,57.440695],[-3.57932,57.440617],[-3.579183,57.440552],[-3.579057,57.440501],[-3.578942,57.440463],[-3.578838,57.44044],[-3.578752,57.440381],[-3.578685,57.440285],[-3.578636,57.440153],[-3.578606,57.439986],[-3.578542,57.439867],[-3.578445,57.439798],[-3.578314,57.439779],[-3.578151,57.439808],[-3.578021,57.439817],[-3.577924,57.439803],[-3.577862,57.439768],[-3.577833,57.439711],[-3.577767,57.439667],[-3.577663,57.439635],[-3.577523,57.439615],[-3.577346,57.439608],[-3.57719,57.43959],[-3.577056,57.439561],[-3.576944,57.439521],[-3.576854,57.439471],[-3.576753,57.439434],[-3.576641,57.439412],[-3.576519,57.439403],[-3.576386,57.439408],[-3.576257,57.439392],[-3.576131,57.439353],[-3.57601,57.439293],[-3.575892,57.439212],[-3.575738,57.439145],[-3.575549,57.439094],[-3.575323,57.439059],[-3.575062,57.439039],[-3.574834,57.43904],[-3.574639,57.439063],[-3.574479,57.439106],[-3.574352,57.439171],[-3.574222,57.439228],[-3.57409,57.439278],[-3.573955,57.439321],[-3.573817,57.439356],[-3.57373,57.439402],[-3.573695,57.439457],[-3.573711,57.439521],[-3.573778,57.439595],[-3.573769,57.439641],[-3.573685,57.439659],[-3.573524,57.439648],[-3.573287,57.439608],[-3.573086,57.439565],[-3.572921,57.439518],[-3.572793,57.439467],[-3.572702,57.439412],[-3.572538,57.439345],[-3.572301,57.439265],[-3.571993,57.439172],[-3.571612,57.439066],[-3.571272,57.439031],[-3.570971,57.439066],[-3.57071,57.439172],[-3.57049,57.439349],[-3.570293,57.439477],[-3.57012,57.439557],[-3.569971,57.439589],[-3.569846,57.439572],[-3.569768,57.439582],[-3.569738,57.439619],[-3.569756,57.439684],[-3.569822,57.439775],[-3.569852,57.439841],[-3.569847,57.439883],[-3.569808,57.439898],[-3.569733,57.439889],[-3.569654,57.439913],[-3.569572,57.439971],[-3.569487,57.440062],[-3.569398,57.440187],[-3.569287,57.440315],[-3.569153,57.440446],[-3.568996,57.440581],[-3.568817,57.440719],[-3.568627,57.440846],[-3.568428,57.44096],[-3.568217,57.441063],[-3.567997,57.441155],[-3.567774,57.441217],[-3.567548,57.441251],[-3.56732,57.441257],[-3.567089,57.441234],[-3.566927,57.441237],[-3.566835,57.441265],[-3.566811,57.44132],[-3.566857,57.441401],[-3.56682,57.441468],[-3.566701,57.441521],[-3.566499,57.44156],[-3.566214,57.441585],[-3.56594,57.441629],[-3.565677,57.44169],[-3.565425,57.44177],[-3.565183,57.441867],[-3.564976,57.441968],[-3.564804,57.442071],[-3.564666,57.442177],[-3.564563,57.442286],[-3.564466,57.442382],[-3.564373,57.442464],[-3.564285,57.442533],[-3.564203,57.442589],[-3.564149,57.442659],[-3.564126,57.442745],[-3.564131,57.442846],[-3.564166,57.442962],[-3.56421,57.443065],[-3.564264,57.443156],[-3.564326,57.443234],[-3.564398,57.443299],[-3.564443,57.44335],[-3.56446,57.443387],[-3.564451,57.443409],[-3.564414,57.443417],[-3.564355,57.443419],[-3.564274,57.443414],[-3.564171,57.443404],[-3.564045,57.443387],[-3.563924,57.443376],[-3.563807,57.443371],[-3.563694,57.443372],[-3.563586,57.443379],[-3.563446,57.443437],[-3.563276,57.443547],[-3.563076,57.443708],[-3.562845,57.44392],[-3.562629,57.444098],[-3.562428,57.444243],[-3.562243,57.444354],[-3.562073,57.444431],[-3.561969,57.444506],[-3.561932,57.444578],[-3.561962,57.444648],[-3.562058,57.444715],[-3.562196,57.444787],[-3.562376,57.444864],[-3.562597,57.444947],[-3.56286,57.445035],[-3.563083,57.445101],[-3.563266,57.445144],[-3.563409,57.445164],[-3.563511,57.445162],[-3.563616,57.445172],[-3.563723,57.445193],[-3.563832,57.445225],[-3.563944,57.445269],[-3.564042,57.445287],[-3.564126,57.445278],[-3.564196,57.445243],[-3.564253,57.445182],[-3.564297,57.445108],[-3.564329,57.445021],[-3.564348,57.444922],[-3.564354,57.44481],[-3.564391,57.444718],[-3.564459,57.444644],[-3.564558,57.44459],[-3.564689,57.444555],[-3.564796,57.444507],[-3.56488,57.444445],[-3.564941,57.444369],[-3.56498,57.444279],[-3.565031,57.44421],[-3.565096,57.44416],[-3.565175,57.444131],[-3.565267,57.444121],[-3.565342,57.444095],[-3.565402,57.444053],[-3.565446,57.443994],[-3.565474,57.443918],[-3.565511,57.443897],[-3.56556,57.443931],[-3.565618,57.444019],[-3.565687,57.444161],[-3.565781,57.444277],[-3.565902,57.444367],[-3.566049,57.444431],[-3.566222,57.444469],[-3.566364,57.444462],[-3.566476,57.44441],[-3.566557,57.444312],[-3.566608,57.44417],[-3.566632,57.444039],[-3.566631,57.443917],[-3.566604,57.443805],[-3.56655,57.443704],[-3.566527,57.443621],[-3.566535,57.443556],[-3.566573,57.443509],[-3.566642,57.443481],[-3.566707,57.44348],[-3.566768,57.443505],[-3.566826,57.443558],[-3.566879,57.443638],[-3.566918,57.443726],[-3.566941,57.443822],[-3.56695,57.443926],[-3.566944,57.444037],[-3.566966,57.444131],[-3.567018,57.444207],[-3.567099,57.444265],[-3.567209,57.444305],[-3.567258,57.444355],[-3.567245,57.444416],[-3.56717,57.444488],[-3.567034,57.444571],[-3.566917,57.444647],[-3.56682,57.444717],[-3.566742,57.44478],[-3.566684,57.444838],[-3.566636,57.444908],[-3.5666,57.444991],[-3.566573,57.445086],[-3.566558,57.445195],[-3.566593,57.445284],[-3.566679,57.445354],[-3.566815,57.445405],[-3.567001,57.445437],[-3.567173,57.44544],[-3.56733,57.445413],[-3.567472,57.445356],[-3.567599,57.445271],[-3.567715,57.445207],[-3.567819,57.445167],[-3.567911,57.445148],[-3.567992,57.445153],[-3.568089,57.445177],[-3.5682,57.445221],[-3.568327,57.445285],[-3.568469,57.445368],[-3.568552,57.445442],[-3.568576,57.445506],[-3.56854,57.44556],[-3.568445,57.445604],[-3.568276,57.44565],[-3.568032,57.445699],[-3.567713,57.44575],[-3.56732,57.445804],[-3.567,57.445836],[-3.566754,57.445846],[-3.566581,57.445836],[-3.566481,57.445803],[-3.566346,57.445771],[-3.566176,57.44574],[-3.56597,57.445709],[-3.565728,57.445678],[-3.565475,57.44565],[-3.565211,57.445624],[-3.564936,57.4456],[-3.56465,57.445578],[-3.564403,57.445555],[-3.564195,57.445529],[-3.564026,57.445502],[-3.563896,57.445473],[-3.563738,57.445448],[-3.563551,57.445426],[-3.563336,57.445409],[-3.563093,57.445396],[-3.562805,57.44538],[-3.562472,57.445361],[-3.562095,57.445339],[-3.561673,57.445314],[-3.56135,57.445311],[-3.561125,57.445327],[-3.561,57.445365],[-3.560974,57.445423],[-3.560899,57.445466],[-3.560774,57.445494],[-3.5606,57.445507],[-3.560377,57.445504],[-3.560188,57.445515],[-3.560034,57.44554],[-3.559915,57.445578],[-3.559831,57.445629],[-3.559734,57.445656],[-3.559624,57.445659],[-3.559501,57.445638],[-3.559364,57.445592],[-3.55912,57.445569],[-3.558766,57.44557],[-3.558304,57.445593],[-3.557733,57.445639],[-3.557268,57.445695],[-3.556906,57.44576],[-3.55665,57.445835],[-3.556498,57.445919],[-3.556373,57.445999],[-3.556274,57.446076],[-3.556202,57.446148],[-3.556156,57.446217],[-3.556004,57.446253],[-3.555747,57.446256],[-3.555385,57.446227],[-3.554917,57.446164],[-3.554472,57.446112],[-3.554052,57.44607],[-3.553655,57.446038],[-3.553282,57.446017],[-3.552942,57.446012],[-3.552636,57.446022],[-3.552364,57.446048],[-3.552125,57.44609],[-3.551918,57.446132],[-3.551743,57.446173],[-3.551599,57.446215],[-3.551487,57.446257],[-3.551373,57.44628],[-3.551256,57.446286],[-3.551136,57.446274],[-3.551014,57.446244],[-3.550846,57.446225],[-3.550632,57.446217],[-3.550374,57.44622],[-3.550069,57.446235],[-3.549719,57.446254],[-3.549322,57.446278],[-3.54888,57.446306],[-3.548392,57.44634],[-3.54801,57.446348],[-3.547734,57.446332],[-3.547564,57.446291],[-3.5475,57.446225],[-3.547378,57.44617],[-3.547199,57.446127],[-3.546963,57.446095],[-3.546669,57.446074],[-3.546442,57.446045],[-3.546281,57.446008],[-3.546187,57.445963],[-3.54616,57.445911],[-3.546059,57.445891],[-3.545886,57.445905],[-3.545639,57.445952],[-3.545319,57.446032],[-3.545026,57.446099],[-3.54476,57.446152],[-3.54452,57.446192],[-3.544307,57.446218],[-3.5441,57.446242],[-3.543897,57.446263],[-3.543699,57.446281],[-3.543506,57.446297],[-3.543327,57.446311],[-3.543161,57.446324],[-3.543008,57.446335],[-3.542869,57.446345],[-3.542697,57.446369],[-3.542492,57.446405],[-3.542254,57.446454],[-3.541983,57.446516],[-3.541768,57.446554],[-3.541611,57.446569],[-3.54151,57.446559],[-3.541466,57.446525],[-3.541349,57.446493],[-3.541159,57.446464],[-3.540897,57.446436],[-3.540562,57.446411],[-3.540275,57.446425],[-3.540036,57.446477],[-3.539845,57.446569],[-3.539703,57.446699],[-3.539541,57.446799],[-3.53936,57.446869],[-3.539161,57.446909],[-3.538942,57.446918],[-3.53872,57.446951],[-3.538494,57.447006],[-3.538264,57.447085],[-3.538032,57.447186],[-3.537835,57.447304],[-3.537675,57.447441],[-3.537551,57.447594],[-3.537464,57.447766],[-3.537352,57.447879],[-3.537218,57.447933],[-3.537059,57.447929],[-3.536877,57.447867],[-3.536706,57.447813],[-3.536547,57.447768],[-3.536398,57.447731],[-3.53626,57.447702],[-3.536141,57.44767],[-3.53604,57.447633],[-3.535958,57.447593],[-3.535894,57.447548],[-3.535752,57.447508],[-3.535532,57.447473],[-3.535235,57.447443],[-3.53486,57.447418],[-3.534515,57.447403],[-3.5342,57.447399],[-3.533915,57.447406],[-3.533659,57.447424],[-3.533425,57.447442],[-3.533214,57.44746],[-3.533023,57.447477],[-3.532855,57.447495],[-3.532671,57.447522],[-3.53247,57.44756],[-3.532254,57.447608],[-3.532021,57.447666],[-3.531818,57.44772],[-3.531646,57.44777],[-3.531504,57.447816],[-3.531392,57.447857],[-3.531247,57.447895],[-3.531069,57.447928],[-3.530857,57.447958],[-3.530612,57.447983],[-3.530409,57.448017],[-3.530245,57.448059],[-3.530123,57.44811],[-3.530042,57.44817],[-3.529962,57.448207],[-3.529884,57.448222],[-3.529808,57.448214],[-3.529733,57.448183],[-3.52964,57.448167],[-3.529528,57.448166],[-3.529398,57.448179],[-3.529249,57.448207],[-3.529129,57.44822],[-3.529036,57.448216],[-3.528972,57.448197],[-3.528935,57.448163],[-3.528918,57.448115],[-3.528919,57.448055],[-3.52894,57.447983],[-3.52898,57.447897],[-3.529007,57.447793],[-3.529021,57.44767],[-3.529022,57.447528],[-3.529011,57.447367],[-3.529013,57.447229],[-3.52903,57.447114],[-3.529062,57.447022],[-3.529108,57.446953],[-3.529134,57.446867],[-3.529139,57.446764],[-3.529125,57.446643],[-3.52909,57.446506],[-3.529016,57.446391],[-3.528902,57.446298],[-3.528749,57.446227],[-3.528556,57.446179],[-3.528368,57.446138],[-3.528186,57.446106],[-3.528008,57.446082],[-3.527835,57.446065],[-3.52769,57.446045],[-3.527574,57.446021],[-3.527486,57.445992],[-3.527427,57.44596],[-3.527339,57.445926],[-3.527223,57.445891],[-3.527078,57.445855],[-3.526905,57.445817],[-3.526709,57.445808],[-3.52649,57.445826],[-3.526247,57.445873],[-3.52598,57.445947],[-3.525712,57.446007],[-3.525443,57.446052],[-3.525172,57.446082],[-3.5249,57.446097],[-3.524597,57.446117],[-3.524264,57.446141],[-3.523901,57.446168],[-3.523508,57.446201],[-3.523185,57.446229],[-3.522931,57.446253],[-3.522748,57.446273],[-3.522635,57.446289],[-3.522501,57.446308],[-3.522346,57.44633],[-3.522171,57.446356],[-3.521975,57.446385],[-3.521747,57.446422],[-3.521486,57.446468],[-3.521192,57.446523],[-3.520866,57.446587],[-3.520594,57.446645],[-3.520375,57.446697],[-3.520209,57.446744],[-3.520098,57.446786],[-3.519976,57.446816],[-3.519843,57.446834],[-3.519701,57.44684],[-3.519548,57.446834],[-3.519305,57.446867],[-3.518974,57.446937],[-3.518553,57.447046],[-3.518043,57.447193],[-3.517589,57.44728],[-3.51719,57.447308],[-3.516847,57.447278],[-3.51656,57.447188],[-3.516247,57.44712],[-3.515908,57.447073],[-3.515544,57.447049],[-3.515154,57.447047],[-3.514823,57.44701],[-3.51455,57.44694],[-3.514337,57.446836],[-3.514183,57.446698],[-3.513998,57.446557],[-3.513782,57.446413],[-3.513535,57.446265],[-3.513257,57.446114],[-3.512983,57.445976],[-3.512715,57.44585],[-3.51245,57.445736],[-3.51219,57.445635],[-3.511933,57.445562],[-3.511679,57.445518],[-3.511427,57.445502],[-3.511177,57.445515],[-3.511003,57.44554],[-3.510905,57.445575],[-3.510883,57.445623],[-3.510937,57.445681],[-3.510955,57.445742],[-3.510939,57.445806],[-3.510888,57.445872],[-3.510802,57.445941],[-3.5107,57.446004],[-3.510582,57.446061],[-3.510448,57.446112],[-3.510298,57.446157],[-3.510154,57.446186],[-3.510015,57.446198],[-3.509882,57.446194],[-3.509756,57.446173],[-3.509598,57.44614],[-3.509411,57.446095],[-3.509194,57.446038],[-3.508946,57.44597],[-3.508712,57.445905],[-3.508491,57.445845],[-3.508283,57.445788],[-3.508089,57.445736],[-3.507928,57.445682],[-3.507801,57.445627],[-3.507706,57.44557],[-3.507645,57.445512],[-3.507515,57.445444],[-3.507315,57.445364],[-3.507045,57.445273],[-3.506706,57.445171],[-3.506419,57.445095],[-3.506186,57.445045],[-3.506006,57.445019],[-3.505879,57.44502],[-3.505778,57.445004],[-3.505703,57.444974],[-3.505655,57.444927],[-3.505632,57.444866],[-3.505593,57.444802],[-3.505537,57.444738],[-3.505465,57.444671],[-3.505376,57.444604],[-3.505146,57.444517],[-3.504774,57.444413],[-3.50426,57.444289],[-3.503604,57.444148],[-3.503101,57.443953],[-3.502752,57.443705],[-3.502555,57.443404],[-3.502512,57.443049],[-3.502499,57.442777],[-3.502516,57.442587],[-3.502564,57.44248],[-3.502642,57.442455],[-3.502685,57.442413],[-3.502691,57.442354],[-3.502661,57.44228],[-3.502596,57.442188],[-3.502575,57.442109],[-3.502598,57.442043],[-3.502665,57.441989],[-3.502777,57.441947],[-3.502854,57.441902],[-3.502895,57.441853],[-3.502901,57.4418],[-3.502873,57.441743],[-3.502859,57.441686],[-3.502862,57.441628],[-3.50288,57.441569],[-3.502914,57.44151],[-3.502917,57.441453],[-3.502889,57.441398],[-3.502829,57.441346],[-3.502739,57.441295],[-3.502672,57.441208],[-3.502626,57.441085],[-3.502603,57.440925],[-3.502602,57.440728],[-3.502417,57.44063],[-3.502047,57.44063],[-3.501494,57.440727],[-3.500756,57.440923],[-3.500173,57.441077],[-3.499746,57.44119],[-3.499474,57.44126],[-3.499358,57.441289],[-3.499288,57.441283],[-3.499264,57.44124],[-3.499287,57.441162],[-3.499356,57.441048],[-3.499377,57.440878],[-3.49935,57.440653],[-3.499274,57.440371],[-3.499149,57.440033],[-3.499032,57.439746],[-3.498921,57.43951],[-3.498817,57.439324],[-3.498719,57.439189],[-3.498632,57.439067],[-3.498556,57.438957],[-3.498491,57.43886],[-3.498436,57.438776],[-3.49834,57.438666],[-3.498203,57.438531],[-3.498024,57.43837],[-3.497805,57.438183],[-3.497569,57.437974],[-3.497316,57.437741],[-3.497048,57.437486],[-3.496762,57.437208],[-3.496438,57.436968],[-3.496074,57.436766],[-3.49567,57.436602],[-3.495227,57.436477],[-3.494845,57.436415],[-3.494524,57.436416],[-3.494263,57.436481],[-3.494064,57.436608],[-3.493943,57.436758],[-3.493899,57.436931],[-3.493934,57.437128],[-3.494046,57.437347],[-3.494174,57.437559],[-3.494317,57.437764],[-3.494476,57.437963],[-3.494649,57.438154],[-3.494833,57.438366],[-3.495025,57.438598],[-3.495227,57.438851],[-3.495439,57.439124],[-3.495639,57.439353],[-3.495826,57.439539],[-3.496002,57.439681],[-3.496165,57.439779],[-3.496265,57.439863],[-3.496303,57.439932],[-3.496277,57.439986],[-3.496188,57.440025],[-3.496161,57.440093],[-3.496197,57.44019],[-3.496295,57.440315],[-3.496455,57.440469],[-3.496569,57.440601],[-3.496637,57.440709],[-3.496658,57.440795],[-3.496633,57.440857],[-3.496494,57.440883],[-3.49624,57.440873],[-3.495872,57.440827],[-3.495389,57.440744],[-3.495034,57.440665],[-3.494808,57.44059],[-3.49471,57.440519],[-3.494741,57.440452],[-3.494708,57.440255],[-3.494612,57.43993],[-3.494453,57.439475],[-3.49423,57.438892],[-3.494057,57.438427],[-3.493933,57.438081],[-3.49386,57.437853],[-3.493835,57.437745],[-3.493775,57.43756],[-3.493679,57.437298],[-3.493547,57.43696],[-3.493378,57.436546],[-3.493192,57.43625],[-3.492988,57.436073],[-3.492765,57.436013],[-3.492525,57.436072],[-3.492313,57.436101],[-3.49213,57.436098],[-3.491974,57.436065],[-3.491848,57.436001],[-3.491731,57.435964],[-3.491624,57.435954],[-3.491527,57.43597],[-3.491439,57.436013],[-3.491308,57.43604],[-3.491133,57.436049],[-3.490914,57.436042],[-3.490651,57.436018],[-3.490413,57.436007],[-3.490199,57.43601],[-3.490011,57.436026],[-3.489847,57.436056],[-3.48966,57.436065],[-3.48945,57.436055],[-3.489216,57.436025],[-3.488959,57.435974],[-3.488759,57.435928],[-3.488617,57.435885],[-3.488531,57.435845],[-3.488502,57.43581],[-3.488446,57.435783],[-3.488364,57.435763],[-3.488254,57.435752],[-3.488118,57.435749],[-3.487985,57.435732],[-3.487854,57.435701],[-3.487726,57.435655],[-3.487601,57.435595],[-3.487398,57.435547],[-3.487119,57.435509],[-3.486762,57.435483],[-3.486327,57.435468],[-3.485969,57.435465],[-3.485687,57.435475],[-3.485481,57.435498],[-3.485351,57.435532],[-3.485219,57.435553],[-3.485087,57.435561],[-3.484954,57.435554],[-3.484819,57.435534],[-3.484616,57.435533],[-3.484346,57.435553],[-3.484007,57.435592],[-3.4836,57.435651],[-3.483323,57.435707],[-3.483176,57.435761],[-3.483159,57.435812],[-3.483272,57.43586],[-3.483379,57.435962],[-3.48348,57.436118],[-3.483575,57.436329],[-3.483664,57.436593],[-3.483728,57.436819],[-3.483765,57.437007],[-3.483777,57.437158],[-3.483763,57.43727],[-3.483773,57.43739],[-3.483808,57.437517],[-3.483867,57.437651],[-3.48395,57.437792],[-3.48406,57.437939],[-3.484197,57.438094],[-3.484359,57.438256],[-3.484549,57.438424],[-3.48469,57.438587],[-3.484783,57.438744],[-3.484829,57.438895],[-3.484827,57.439041],[-3.484852,57.439162],[-3.484903,57.439259],[-3.484982,57.439332],[-3.485087,57.439381],[-3.485143,57.43943],[-3.485149,57.439479],[-3.485105,57.439527],[-3.485012,57.439575],[-3.484975,57.439659],[-3.484995,57.439779],[-3.485072,57.439934],[-3.485206,57.440125],[-3.485313,57.440298],[-3.485394,57.440452],[-3.485448,57.440588],[-3.485475,57.440704],[-3.485528,57.440811],[-3.485607,57.440908],[-3.485712,57.440994],[-3.485844,57.44107],[-3.486046,57.441221],[-3.48632,57.441447],[-3.486665,57.441748],[-3.487081,57.442124],[-3.487441,57.442448],[-3.487743,57.44272],[-3.487989,57.44294],[-3.488178,57.443109],[-3.488335,57.443249],[-3.488459,57.44336],[-3.488551,57.443442],[-3.488611,57.443496],[-3.488684,57.443545],[-3.488772,57.443589],[-3.488874,57.443629],[-3.48899,57.443664],[-3.48907,57.44374],[-3.489113,57.443857],[-3.48912,57.444016],[-3.48909,57.444215],[-3.489029,57.444378],[-3.488936,57.444503],[-3.488811,57.44459],[-3.488655,57.444641],[-3.488543,57.444692],[-3.488474,57.444744],[-3.48845,57.444796],[-3.48847,57.44485],[-3.488485,57.444907],[-3.488495,57.444968],[-3.488501,57.445032],[-3.488503,57.445101],[-3.488534,57.445164],[-3.488595,57.445221],[-3.488686,57.445274],[-3.488806,57.445321],[-3.488919,57.445364],[-3.489025,57.445403],[-3.489123,57.445436],[-3.489213,57.445465],[-3.489246,57.445492],[-3.489223,57.445516],[-3.489144,57.445537],[-3.489007,57.445555],[-3.488878,57.44556],[-3.488756,57.445551],[-3.48864,57.445529],[-3.488532,57.445493],[-3.488431,57.445446],[-3.488338,57.445387],[-3.488253,57.445317],[-3.488175,57.445235],[-3.48812,57.44516],[-3.488087,57.445093],[-3.488077,57.445033],[-3.488089,57.444981],[-3.488069,57.444916],[-3.488017,57.444838],[-3.487932,57.444747],[-3.487814,57.444644],[-3.487686,57.444577],[-3.487548,57.444546],[-3.487399,57.444552],[-3.48724,57.444594],[-3.487099,57.444649],[-3.486978,57.444717],[-3.486874,57.444799],[-3.48679,57.444893],[-3.486754,57.444967],[-3.486766,57.445021],[-3.486826,57.445056],[-3.486935,57.44507],[-3.487006,57.445109],[-3.487041,57.445171],[-3.48704,57.445258],[-3.487001,57.445369],[-3.486956,57.445467],[-3.486904,57.445554],[-3.486846,57.445628],[-3.486782,57.44569],[-3.486757,57.445742],[-3.486772,57.445783],[-3.486827,57.445814],[-3.486922,57.445834],[-3.487011,57.445856],[-3.487095,57.445879],[-3.487174,57.445904],[-3.487248,57.445931],[-3.487325,57.445985],[-3.487407,57.446066],[-3.487492,57.446175],[-3.487582,57.446311],[-3.487681,57.446428],[-3.487788,57.446526],[-3.487905,57.446604],[-3.48803,57.446664],[-3.488123,57.446734],[-3.488184,57.446813],[-3.488213,57.446902],[-3.488209,57.447],[-3.488153,57.4471],[-3.488043,57.447201],[-3.48788,57.447303],[-3.487664,57.447407],[-3.487547,57.447494],[-3.487529,57.447564],[-3.48761,57.447617],[-3.487791,57.447654],[-3.487919,57.447713],[-3.487996,57.447792],[-3.488022,57.447893],[-3.487995,57.448016],[-3.488004,57.44812],[-3.488048,57.448208],[-3.488127,57.448278],[-3.488242,57.44833],[-3.488346,57.44837],[-3.48844,57.448399],[-3.488524,57.448416],[-3.488597,57.448421],[-3.488676,57.448469],[-3.488761,57.448558],[-3.488851,57.44869],[-3.488947,57.448864],[-3.489055,57.449018],[-3.489177,57.449153],[-3.48931,57.449269],[-3.489457,57.449365],[-3.489556,57.449467],[-3.489608,57.449575],[-3.489612,57.449688],[-3.489569,57.449808],[-3.48951,57.449907],[-3.489435,57.449985],[-3.489345,57.450043],[-3.48924,57.450079],[-3.489191,57.45012],[-3.489199,57.450164],[-3.489264,57.450211],[-3.489387,57.450263],[-3.489482,57.450313],[-3.489552,57.450361],[-3.489595,57.450408],[-3.489612,57.450453],[-3.489609,57.450501],[-3.489589,57.450553],[-3.489549,57.450607],[-3.489491,57.450664],[-3.489481,57.450708],[-3.48952,57.450738],[-3.489607,57.450755],[-3.489744,57.450758],[-3.489851,57.450786],[-3.489931,57.45084],[-3.489982,57.450919],[-3.490004,57.451024],[-3.489997,57.451111],[-3.489959,57.451181],[-3.489891,57.451234],[-3.489793,57.45127],[-3.489723,57.451322],[-3.489681,57.45139],[-3.489666,57.451475],[-3.48968,57.451576],[-3.489678,57.451681],[-3.489663,57.45179],[-3.489633,57.451902],[-3.489588,57.452017],[-3.489606,57.452121],[-3.489688,57.452213],[-3.489832,57.452293],[-3.49004,57.452362],[-3.490192,57.452428],[-3.490287,57.452493],[-3.490327,57.452556],[-3.490309,57.452618],[-3.490267,57.452659],[-3.490199,57.452679],[-3.490105,57.452678],[-3.489986,57.452656],[-3.489848,57.45267],[-3.489692,57.45272],[-3.489517,57.452807],[-3.489324,57.452929],[-3.489164,57.45298],[-3.489037,57.452959],[-3.488943,57.452866],[-3.488882,57.452701],[-3.488804,57.452563],[-3.488707,57.452451],[-3.488592,57.452366],[-3.488459,57.452307],[-3.488363,57.452193],[-3.488305,57.452023],[-3.488284,57.451799],[-3.4883,57.45152],[-3.488287,57.451296],[-3.488245,57.451127],[-3.488174,57.451014],[-3.488073,57.450956],[-3.487996,57.450861],[-3.487944,57.45073],[-3.487916,57.450562],[-3.487912,57.450357],[-3.487885,57.450149],[-3.487835,57.449939],[-3.487763,57.449725],[-3.487667,57.449509],[-3.487565,57.449281],[-3.487458,57.449042],[-3.487344,57.448792],[-3.487224,57.448531],[-3.487143,57.448323],[-3.487103,57.44817],[-3.487101,57.448069],[-3.48714,57.448023],[-3.48716,57.447975],[-3.487162,57.447925],[-3.487145,57.447875],[-3.48711,57.447823],[-3.487074,57.447726],[-3.487038,57.447584],[-3.487001,57.447398],[-3.486964,57.447167],[-3.486928,57.446973],[-3.486894,57.446816],[-3.486862,57.446697],[-3.486832,57.446614],[-3.486807,57.446537],[-3.486789,57.446464],[-3.486775,57.446396],[-3.486768,57.446333],[-3.486722,57.446282],[-3.486636,57.446244],[-3.486511,57.446218],[-3.486348,57.446205],[-3.486226,57.446181],[-3.486146,57.446147],[-3.486107,57.446102],[-3.48611,57.446046],[-3.48612,57.445981],[-3.486137,57.445906],[-3.486159,57.445823],[-3.486189,57.44573],[-3.486192,57.445652],[-3.486168,57.445588],[-3.486118,57.445539],[-3.486042,57.445504],[-3.485973,57.445455],[-3.48591,57.445394],[-3.485854,57.445318],[-3.485806,57.445229],[-3.48574,57.44513],[-3.485656,57.445021],[-3.485555,57.444902],[-3.485436,57.444774],[-3.485299,57.444645],[-3.485144,57.444515],[-3.484971,57.444386],[-3.48478,57.444256],[-3.484611,57.444147],[-3.484464,57.44406],[-3.484339,57.443994],[-3.484235,57.443949],[-3.484081,57.443919],[-3.483877,57.443904],[-3.483622,57.443903],[-3.483318,57.443917],[-3.483062,57.44394],[-3.482854,57.443969],[-3.482695,57.444007],[-3.482585,57.444053],[-3.48249,57.444107],[-3.48241,57.444171],[-3.482346,57.444244],[-3.482297,57.444326],[-3.482244,57.444377],[-3.482188,57.444398],[-3.482129,57.444388],[-3.482066,57.444348],[-3.482014,57.44434],[-3.481972,57.444366],[-3.48194,57.444425],[-3.481918,57.444517],[-3.481872,57.44458],[-3.481801,57.444615],[-3.481706,57.444622],[-3.481587,57.4446],[-3.48151,57.444617],[-3.481476,57.444674],[-3.481483,57.444771],[-3.481533,57.444907],[-3.481547,57.445009],[-3.481525,57.445077],[-3.481466,57.445112],[-3.481371,57.445113],[-3.481287,57.445084],[-3.481213,57.445023],[-3.481149,57.444931],[-3.481096,57.444809],[-3.481029,57.444665],[-3.480949,57.4445],[-3.480855,57.444314],[-3.480747,57.444108],[-3.480624,57.443961],[-3.480485,57.443875],[-3.48033,57.443849],[-3.48016,57.443884],[-3.480071,57.443987],[-3.480063,57.444159],[-3.480135,57.444399],[-3.480289,57.444708],[-3.480395,57.444959],[-3.480454,57.445151],[-3.480466,57.445286],[-3.48043,57.445362],[-3.48039,57.445394],[-3.480346,57.445381],[-3.480297,57.445325],[-3.480244,57.445223],[-3.480165,57.44508],[-3.480061,57.444894],[-3.479932,57.444666],[-3.479777,57.444395],[-3.479574,57.444201],[-3.479323,57.444081],[-3.479025,57.444037],[-3.478679,57.444068],[-3.478372,57.444073],[-3.478102,57.444052],[-3.47787,57.444004],[-3.477676,57.44393],[-3.477515,57.443849],[-3.477386,57.443759],[-3.477291,57.443662],[-3.477229,57.443558],[-3.477113,57.443492],[-3.476944,57.443464],[-3.476722,57.443475],[-3.476447,57.443525],[-3.476238,57.44358],[-3.476097,57.443639],[-3.476024,57.443703],[-3.476017,57.443772],[-3.47602,57.443849],[-3.476031,57.443933],[-3.476051,57.444025],[-3.476079,57.444125],[-3.476116,57.444234],[-3.47616,57.444354],[-3.476211,57.444483],[-3.47627,57.444622],[-3.476335,57.444804],[-3.476406,57.44503],[-3.476483,57.445299],[-3.476566,57.445611],[-3.476637,57.445868],[-3.476696,57.446071],[-3.476743,57.44622],[-3.476778,57.446315],[-3.47683,57.446392],[-3.476899,57.446451],[-3.476986,57.446492],[-3.47709,57.446516],[-3.477199,57.446558],[-3.477312,57.446619],[-3.477431,57.446699],[-3.477555,57.446797],[-3.477659,57.446893],[-3.477746,57.446987],[-3.477813,57.447078],[-3.477862,57.447167],[-3.477915,57.447243],[-3.477974,57.447305],[-3.478038,57.447354],[-3.478106,57.44739],[-3.478163,57.447474],[-3.478209,57.447609],[-3.478242,57.447792],[-3.478264,57.448025],[-3.478339,57.448254],[-3.478466,57.44848],[-3.478645,57.448703],[-3.478877,57.448923],[-3.479095,57.449089],[-3.479299,57.4492],[-3.479488,57.449257],[-3.479664,57.449261],[-3.479806,57.449299],[-3.479913,57.449374],[-3.479985,57.449484],[-3.480023,57.44963],[-3.48,57.44974],[-3.479916,57.449815],[-3.479772,57.449854],[-3.479567,57.449858],[-3.47945,57.449892],[-3.479421,57.449954],[-3.479481,57.450046],[-3.479629,57.450168],[-3.479763,57.450263],[-3.479884,57.450332],[-3.479991,57.450374],[-3.480084,57.45039],[-3.480164,57.450386],[-3.480231,57.450362],[-3.480284,57.450318],[-3.480324,57.450254],[-3.480383,57.450279],[-3.48046,57.450393],[-3.480557,57.450596],[-3.480672,57.450887],[-3.480845,57.451146],[-3.481075,57.451372],[-3.481363,57.451566],[-3.481708,57.451727],[-3.48204,57.451874],[-3.482359,57.452008],[-3.482666,57.452128],[-3.482959,57.452235],[-3.483177,57.452356],[-3.483319,57.452493],[-3.483385,57.452646],[-3.483375,57.452813],[-3.483262,57.452934],[-3.483047,57.453007],[-3.482729,57.453034],[-3.482308,57.453013],[-3.481917,57.452998],[-3.481556,57.452988],[-3.481225,57.452984],[-3.480924,57.452985],[-3.480634,57.453057],[-3.480358,57.453201],[-3.480093,57.453416],[-3.479841,57.453703],[-3.479656,57.453927],[-3.479537,57.454089],[-3.479484,57.454188],[-3.479497,57.454225],[-3.479528,57.454261],[-3.479576,57.454294],[-3.479642,57.454326],[-3.479724,57.454356],[-3.479877,57.45443],[-3.480099,57.454548],[-3.480391,57.45471],[-3.480753,57.454916],[-3.481096,57.4551],[-3.481422,57.455261],[-3.481729,57.455399],[-3.482018,57.455515],[-3.482288,57.455618],[-3.48254,57.45571],[-3.482774,57.455789],[-3.48299,57.455857],[-3.483212,57.455927],[-3.483441,57.455999],[-3.483677,57.456074],[-3.483921,57.456152],[-3.48408,57.456257],[-3.484157,57.45639],[-3.484151,57.456551],[-3.484061,57.45674],[-3.483972,57.456922],[-3.483882,57.457098],[-3.483791,57.457267],[-3.4837,57.457431],[-3.483606,57.457618],[-3.483509,57.457828],[-3.483409,57.458063],[-3.483305,57.458322],[-3.483246,57.458533],[-3.483231,57.458697],[-3.48326,57.458813],[-3.483333,57.458883],[-3.483294,57.458959],[-3.483142,57.459043],[-3.482878,57.459135],[-3.482501,57.459233],[-3.482158,57.459302],[-3.481851,57.45934],[-3.481577,57.459348],[-3.481339,57.459325],[-3.481137,57.459332],[-3.480971,57.459368],[-3.480842,57.459434],[-3.48075,57.459529],[-3.480629,57.459637],[-3.480479,57.459757],[-3.480299,57.459889],[-3.48009,57.460035],[-3.479892,57.460159],[-3.479703,57.460262],[-3.479524,57.460343],[-3.479356,57.460403],[-3.479199,57.460441],[-3.479053,57.460456],[-3.478919,57.460448],[-3.478797,57.460418],[-3.478713,57.460378],[-3.478666,57.460327],[-3.478658,57.460266],[-3.478687,57.460194],[-3.478646,57.460126],[-3.478534,57.46006],[-3.478353,57.459998],[-3.4781,57.459939],[-3.477885,57.459914],[-3.477705,57.459924],[-3.477563,57.459968],[-3.477457,57.460048],[-3.477347,57.460106],[-3.477234,57.460143],[-3.477117,57.460159],[-3.476996,57.460155],[-3.476757,57.460223],[-3.4764,57.460365],[-3.475925,57.460579],[-3.475331,57.460867],[-3.474863,57.461102],[-3.474521,57.461284],[-3.474305,57.461414],[-3.474215,57.461492],[-3.474109,57.461556],[-3.473989,57.461607],[-3.473854,57.461645],[-3.473703,57.461669],[-3.473578,57.461701],[-3.473478,57.461741],[-3.473402,57.461789],[-3.473352,57.461846],[-3.473326,57.461905],[-3.473325,57.461967],[-3.473349,57.462032],[-3.473397,57.4621],[-3.473489,57.462143],[-3.473622,57.462161],[-3.473799,57.462154],[-3.474018,57.462123],[-3.474161,57.462118],[-3.474228,57.462139],[-3.47422,57.462186],[-3.474135,57.462259],[-3.473996,57.462319],[-3.473803,57.462367],[-3.473556,57.462402],[-3.473254,57.462424],[-3.473,57.462462],[-3.472793,57.462515],[-3.472634,57.462584],[-3.472522,57.462668],[-3.47247,57.462739],[-3.472479,57.462796],[-3.472549,57.462839],[-3.472679,57.462868],[-3.47279,57.46288],[-3.472884,57.462875],[-3.472959,57.462852],[-3.473016,57.462812],[-3.473122,57.462783],[-3.473278,57.462765],[-3.473484,57.462757],[-3.47374,57.462761],[-3.473956,57.46275],[-3.474134,57.462726],[-3.474273,57.462687],[-3.474372,57.462634],[-3.474499,57.462605],[-3.474652,57.4626],[-3.474832,57.462619],[-3.475038,57.462661],[-3.475244,57.462676],[-3.47545,57.462664],[-3.475656,57.462623],[-3.475861,57.462555],[-3.476035,57.462503],[-3.476176,57.462467],[-3.476286,57.462447],[-3.476364,57.462444],[-3.476449,57.462442],[-3.476541,57.462444],[-3.47664,57.462447],[-3.476746,57.462454],[-3.476829,57.462475],[-3.47689,57.462511],[-3.476929,57.462563],[-3.476945,57.46263],[-3.477019,57.462645],[-3.477149,57.462611],[-3.477336,57.462525],[-3.47758,57.462389],[-3.477834,57.462281],[-3.478098,57.4622],[-3.478373,57.462147],[-3.478658,57.462122],[-3.478931,57.462076],[-3.479192,57.462008],[-3.479441,57.46192],[-3.479679,57.46181],[-3.479894,57.461693],[-3.480087,57.461568],[-3.480257,57.461436],[-3.480404,57.461297],[-3.480566,57.461181],[-3.480742,57.461088],[-3.480933,57.461018],[-3.481138,57.460972],[-3.481319,57.460911],[-3.481474,57.460838],[-3.481605,57.46075],[-3.481711,57.46065],[-3.481805,57.460586],[-3.481886,57.460558],[-3.481955,57.460567],[-3.482011,57.460613],[-3.482082,57.460659],[-3.482167,57.460705],[-3.482266,57.460753],[-3.482379,57.460801],[-3.482412,57.46086],[-3.482366,57.460928],[-3.48224,57.461008],[-3.482035,57.461097],[-3.481882,57.461179],[-3.481782,57.461253],[-3.481735,57.46132],[-3.481741,57.461379],[-3.481783,57.461437],[-3.481859,57.461493],[-3.48197,57.461548],[-3.482117,57.461601],[-3.482265,57.461641],[-3.482413,57.461666],[-3.482562,57.461677],[-3.482712,57.461675],[-3.482858,57.461654],[-3.482999,57.461616],[-3.483135,57.461561],[-3.483267,57.461487],[-3.483392,57.461428],[-3.483511,57.461384],[-3.483623,57.461354],[-3.483729,57.461339],[-3.483856,57.461295],[-3.484004,57.461222],[-3.484173,57.461121],[-3.484363,57.46099],[-3.484545,57.460901],[-3.484718,57.460853],[-3.484882,57.460847],[-3.485038,57.460882],[-3.485142,57.460921],[-3.485194,57.460965],[-3.485194,57.461013],[-3.485142,57.461066],[-3.485054,57.461117],[-3.484929,57.461169],[-3.484769,57.461219],[-3.484573,57.461269],[-3.484308,57.461385],[-3.483974,57.461567],[-3.48357,57.461815],[-3.483098,57.462128],[-3.482768,57.462365],[-3.482581,57.462526],[-3.482536,57.462609],[-3.482634,57.462616],[-3.48273,57.462629],[-3.482824,57.462647],[-3.482916,57.462671],[-3.483006,57.4627],[-3.483055,57.462742],[-3.483064,57.462796],[-3.483031,57.462864],[-3.482957,57.462944],[-3.482897,57.463018],[-3.48285,57.463084],[-3.482816,57.463144],[-3.482796,57.463198],[-3.482769,57.463259],[-3.482735,57.463329],[-3.482694,57.463407],[-3.482647,57.463493],[-3.482646,57.463555],[-3.482692,57.463593],[-3.482784,57.463607],[-3.482923,57.463597],[-3.483032,57.463606],[-3.48311,57.463634],[-3.483157,57.463682],[-3.483174,57.463749],[-3.483144,57.463807],[-3.483067,57.463858],[-3.482944,57.4639],[-3.482774,57.463935],[-3.482612,57.464015],[-3.48246,57.464139],[-3.482315,57.464309],[-3.48218,57.464524],[-3.4821,57.464689],[-3.482075,57.464805],[-3.482105,57.464871],[-3.482191,57.464888],[-3.482245,57.464911],[-3.482268,57.464941],[-3.482259,57.464977],[-3.48222,57.46502],[-3.482089,57.465059],[-3.481868,57.465094],[-3.481556,57.465126],[-3.481153,57.465155],[-3.480809,57.465161],[-3.480525,57.465143],[-3.480299,57.465102],[-3.480132,57.465038],[-3.479972,57.464981],[-3.479819,57.46493],[-3.479671,57.464887],[-3.479531,57.46485],[-3.479376,57.464812],[-3.479206,57.464771],[-3.479021,57.464729],[-3.478823,57.464686],[-3.478611,57.464655],[-3.478386,57.464638],[-3.478148,57.464633],[-3.477897,57.464642],[-3.477701,57.464651],[-3.477561,57.464659],[-3.477476,57.464666],[-3.477447,57.464674],[-3.477404,57.464685],[-3.477347,57.464702],[-3.477275,57.464723],[-3.477189,57.464749],[-3.477041,57.464761],[-3.476829,57.46476],[-3.476555,57.464744],[-3.476219,57.464715],[-3.475925,57.464695],[-3.475675,57.464684],[-3.475468,57.464683],[-3.475304,57.464691],[-3.475119,57.464716],[-3.474911,57.464756],[-3.474682,57.464813],[-3.47443,57.464886],[-3.474226,57.46493],[-3.474069,57.464946],[-3.47396,57.464934],[-3.473897,57.464894],[-3.473834,57.464853],[-3.473772,57.464813],[-3.473709,57.464772],[-3.473647,57.464732],[-3.473565,57.464699],[-3.473465,57.464675],[-3.473346,57.46466],[-3.473208,57.464653],[-3.473089,57.464652],[-3.472988,57.464658],[-3.472905,57.464671],[-3.472841,57.464691],[-3.472771,57.464718],[-3.472697,57.464753],[-3.472618,57.464797],[-3.472533,57.464848],[-3.472402,57.464891],[-3.472223,57.464924],[-3.471998,57.464948],[-3.471725,57.464963],[-3.471499,57.464986],[-3.471319,57.465015],[-3.471185,57.465051],[-3.471098,57.465094],[-3.471006,57.46512],[-3.47091,57.465127],[-3.470809,57.465118],[-3.470703,57.46509],[-3.470589,57.465087],[-3.470465,57.465108],[-3.470333,57.465154],[-3.470192,57.465224],[-3.470064,57.465258],[-3.469948,57.465257],[-3.469845,57.465221],[-3.469755,57.465149],[-3.469669,57.465092],[-3.469586,57.465049],[-3.469506,57.465021],[-3.469429,57.465007],[-3.469352,57.465013],[-3.469274,57.465038],[-3.469195,57.465083],[-3.469115,57.465147],[-3.469043,57.465204],[-3.468978,57.465256],[-3.468921,57.465301],[-3.468872,57.46534],[-3.468791,57.465367],[-3.468677,57.465381],[-3.46853,57.465382],[-3.468351,57.46537],[-3.468185,57.465355],[-3.468031,57.465337],[-3.46789,57.465315],[-3.467761,57.46529],[-3.467603,57.465298],[-3.467415,57.465338],[-3.467198,57.465412],[-3.466951,57.465519],[-3.466711,57.465621],[-3.466477,57.46572],[-3.46625,57.465815],[-3.466029,57.465906],[-3.465871,57.465991],[-3.465777,57.466069],[-3.465746,57.46614],[-3.465778,57.466205],[-3.46582,57.466262],[-3.465874,57.46631],[-3.465938,57.466349],[-3.466013,57.46638],[-3.466013,57.46643],[-3.465939,57.4665],[-3.465791,57.466589],[-3.465569,57.466697],[-3.465352,57.466783],[-3.465142,57.466848],[-3.464937,57.46689],[-3.464738,57.466911],[-3.464616,57.4669],[-3.464573,57.466857],[-3.464607,57.466783],[-3.464719,57.466677],[-3.464777,57.466591],[-3.46478,57.466525],[-3.464729,57.466478],[-3.464624,57.46645],[-3.464508,57.466442],[-3.46438,57.466453],[-3.464243,57.466483],[-3.464094,57.466532],[-3.463933,57.466576],[-3.46376,57.466613],[-3.463575,57.466644],[-3.463377,57.466668],[-3.463198,57.466711],[-3.463038,57.466772],[-3.462896,57.466852],[-3.462773,57.46695],[-3.462665,57.467054],[-3.46257,57.467164],[-3.46249,57.467281],[-3.462423,57.467403],[-3.462331,57.46753],[-3.462213,57.467662],[-3.462068,57.467798],[-3.461898,57.46794],[-3.461694,57.468127],[-3.461458,57.468361],[-3.46119,57.46864],[-3.460888,57.468966],[-3.460635,57.469207],[-3.46043,57.469363],[-3.460273,57.469433],[-3.460165,57.469419],[-3.46005,57.469409],[-3.459929,57.469404],[-3.459802,57.469405],[-3.459669,57.46941],[-3.459569,57.469431],[-3.459503,57.469467],[-3.459471,57.46952],[-3.459472,57.469588],[-3.459477,57.469655],[-3.459485,57.46972],[-3.459496,57.469784],[-3.459511,57.469847],[-3.45954,57.469914],[-3.459583,57.469987],[-3.459639,57.470064],[-3.459709,57.470147],[-3.459717,57.470212],[-3.459664,57.470261],[-3.459548,57.470292],[-3.45937,57.470306],[-3.459228,57.470363],[-3.459122,57.470464],[-3.459052,57.470608],[-3.459018,57.470795],[-3.459034,57.47096],[-3.459103,57.471102],[-3.459222,57.471222],[-3.459394,57.47132],[-3.459511,57.471407],[-3.459575,57.471484],[-3.459585,57.47155],[-3.459542,57.471606],[-3.459484,57.471675],[-3.459411,57.471757],[-3.459323,57.471853],[-3.45922,57.471962],[-3.459036,57.47207],[-3.458769,57.472179],[-3.458422,57.472287],[-3.457993,57.472395],[-3.457621,57.472513],[-3.457305,57.472639],[-3.457047,57.472775],[-3.456846,57.472919],[-3.456686,57.473046],[-3.456567,57.473154],[-3.456489,57.473244],[-3.456452,57.473316],[-3.456428,57.473442],[-3.456418,57.47362],[-3.456422,57.473851],[-3.456439,57.474136],[-3.456425,57.474444],[-3.45638,57.474775],[-3.456304,57.47513],[-3.456197,57.475509],[-3.456126,57.475818],[-3.456091,57.476059],[-3.456092,57.476231],[-3.45613,57.476334],[-3.456234,57.476428],[-3.456405,57.476513],[-3.456641,57.476589],[-3.456944,57.476656],[-3.45722,57.476718],[-3.457467,57.476776],[-3.457688,57.47683],[-3.45788,57.476878],[-3.458114,57.476925],[-3.458389,57.476969],[-3.458704,57.477011],[-3.459061,57.477052],[-3.459357,57.477111],[-3.459592,57.477189],[-3.459767,57.477287],[-3.459882,57.477403],[-3.460017,57.477501],[-3.460174,57.477581],[-3.460352,57.477643],[-3.46055,57.477687],[-3.460727,57.47773],[-3.460883,57.477774],[-3.461016,57.477818],[-3.461128,57.477862],[-3.46129,57.47786],[-3.461502,57.47781],[-3.461765,57.477714],[-3.462077,57.47757],[-3.462324,57.47748],[-3.462505,57.477442],[-3.46262,57.477457],[-3.462669,57.477525],[-3.462664,57.47762],[-3.462606,57.477743],[-3.462495,57.477895],[-3.46233,57.478074],[-3.462239,57.47822],[-3.462221,57.478333],[-3.462276,57.478413],[-3.462405,57.47846],[-3.462517,57.478475],[-3.462615,57.478458],[-3.462696,57.47841],[-3.462763,57.478331],[-3.462856,57.478265],[-3.462975,57.478212],[-3.463122,57.478172],[-3.463295,57.478146],[-3.463443,57.478126],[-3.463565,57.478114],[-3.463662,57.478108],[-3.463734,57.478109],[-3.463818,57.478131],[-3.463912,57.478172],[-3.464019,57.478234],[-3.464136,57.478316],[-3.464301,57.478407],[-3.464512,57.478507],[-3.464771,57.478616],[-3.465077,57.478734],[-3.465379,57.478863],[-3.465677,57.479003],[-3.465971,57.479155],[-3.466261,57.479317],[-3.466458,57.479462],[-3.466561,57.479591],[-3.46657,57.479702],[-3.466485,57.479796],[-3.466362,57.479919],[-3.466199,57.48007],[-3.465997,57.48025],[-3.465755,57.480459],[-3.465519,57.480632],[-3.465288,57.480771],[-3.465062,57.480876],[-3.464841,57.480946],[-3.464638,57.480998],[-3.464453,57.481035],[-3.464285,57.481054],[-3.464135,57.481057],[-3.463975,57.481033],[-3.463806,57.480985],[-3.463628,57.48091],[-3.46344,57.48081],[-3.463242,57.480731],[-3.463034,57.480673],[-3.462816,57.480637],[-3.462588,57.480622],[-3.462381,57.480626],[-3.462195,57.480649],[-3.462029,57.480692],[-3.461885,57.480754],[-3.461748,57.480797],[-3.461618,57.480821],[-3.461494,57.480826],[-3.461378,57.480812],[-3.461329,57.480787],[-3.461348,57.480751],[-3.461434,57.480704],[-3.461587,57.480646],[-3.461701,57.480578],[-3.461777,57.480502],[-3.461813,57.480417],[-3.46181,57.480324],[-3.461765,57.480248],[-3.461676,57.480191],[-3.461545,57.480152],[-3.46137,57.480132],[-3.461188,57.480117],[-3.460998,57.480109],[-3.460801,57.480107],[-3.460595,57.480111],[-3.46041,57.480126],[-3.460245,57.480151],[-3.460099,57.480188],[-3.459973,57.480235],[-3.459836,57.480293],[-3.459686,57.480361],[-3.459524,57.480441],[-3.459351,57.480531],[-3.459166,57.480612],[-3.45897,57.480684],[-3.458762,57.480746],[-3.458543,57.480798],[-3.458336,57.480858],[-3.458142,57.480925],[-3.457961,57.480999],[-3.457792,57.48108],[-3.457606,57.481164],[-3.457403,57.481249],[-3.457182,57.481335],[-3.456945,57.481424],[-3.456628,57.481519],[-3.456232,57.481622],[-3.455758,57.481732],[-3.455205,57.481848],[-3.45472,57.481956],[-3.454303,57.482054],[-3.453954,57.482143],[-3.453673,57.482224],[-3.45343,57.482291],[-3.453224,57.482347],[-3.453055,57.48239],[-3.452923,57.48242],[-3.45274,57.482361],[-3.452506,57.482212],[-3.452222,57.481973],[-3.451886,57.481644],[-3.451588,57.481374],[-3.451327,57.481161],[-3.451104,57.481007],[-3.450917,57.480911],[-3.45071,57.48079],[-3.450482,57.480645],[-3.450232,57.480475],[-3.449962,57.480281],[-3.449686,57.480151],[-3.449404,57.480086],[-3.449115,57.480085],[-3.448821,57.48015],[-3.448579,57.480206],[-3.44839,57.480253],[-3.448253,57.480292],[-3.448169,57.480322],[-3.448075,57.480343],[-3.447973,57.480356],[-3.447861,57.48036],[-3.44774,57.480355],[-3.447593,57.480355],[-3.44742,57.48036],[-3.447221,57.48037],[-3.446996,57.480384],[-3.446821,57.480407],[-3.446697,57.480436],[-3.446623,57.480474],[-3.4466,57.480519],[-3.446524,57.480562],[-3.446396,57.480603],[-3.446216,57.480642],[-3.445983,57.480678],[-3.445844,57.480716],[-3.445798,57.480755],[-3.445847,57.480795],[-3.445989,57.480836],[-3.446074,57.480878],[-3.446102,57.480922],[-3.446073,57.480968],[-3.445987,57.481015],[-3.445918,57.48107],[-3.445865,57.481131],[-3.445828,57.481198],[-3.445808,57.481273],[-3.445758,57.481333],[-3.445679,57.481377],[-3.445571,57.481406],[-3.445433,57.481421],[-3.445302,57.481448],[-3.445177,57.481488],[-3.44506,57.481542],[-3.44495,57.481609],[-3.444826,57.481658],[-3.444691,57.481689],[-3.444543,57.481702],[-3.444382,57.481697],[-3.44422,57.481706],[-3.444058,57.481729],[-3.443894,57.481766],[-3.44373,57.481817],[-3.443582,57.481857],[-3.443449,57.481886],[-3.443333,57.481903],[-3.443232,57.481909],[-3.443183,57.481929],[-3.443188,57.481963],[-3.443245,57.48201],[-3.443355,57.482072],[-3.443352,57.482098],[-3.443238,57.482088],[-3.44301,57.482043],[-3.442671,57.481963],[-3.442393,57.481922],[-3.442178,57.48192],[-3.442025,57.481958],[-3.441935,57.482036],[-3.441847,57.482102],[-3.441764,57.482155],[-3.441684,57.482196],[-3.441607,57.482226],[-3.44153,57.482248],[-3.441452,57.482265],[-3.441375,57.482275],[-3.441296,57.482279],[-3.44123,57.482293],[-3.441176,57.482318],[-3.441133,57.482353],[-3.441102,57.482399],[-3.44105,57.482429],[-3.440975,57.482443],[-3.440879,57.482441],[-3.440761,57.482423],[-3.44063,57.482434],[-3.440485,57.482472],[-3.440327,57.482538],[-3.440155,57.482633],[-3.440062,57.482727],[-3.440049,57.48282],[-3.440114,57.482913],[-3.440259,57.483005],[-3.440413,57.483072],[-3.440576,57.483115],[-3.440748,57.483134],[-3.440929,57.483128],[-3.441086,57.483134],[-3.44122,57.483153],[-3.441331,57.483183],[-3.441418,57.483225],[-3.441469,57.483278],[-3.441484,57.48334],[-3.441463,57.483413],[-3.441406,57.483496],[-3.441276,57.483569],[-3.441072,57.483633],[-3.440796,57.483687],[-3.440447,57.483731],[-3.440148,57.48375],[-3.439899,57.483743],[-3.4397,57.483711],[-3.439552,57.483654],[-3.439426,57.483575],[-3.439321,57.483475],[-3.439239,57.483353],[-3.439178,57.48321],[-3.439109,57.483076],[-3.439031,57.482951],[-3.438945,57.482836],[-3.438851,57.48273],[-3.438726,57.482645],[-3.438571,57.48258],[-3.438386,57.482535],[-3.43817,57.48251],[-3.437979,57.482481],[-3.437812,57.482449],[-3.43767,57.482414],[-3.437552,57.482375],[-3.437459,57.482337],[-3.43739,57.482301],[-3.437346,57.482268],[-3.437326,57.482235],[-3.437312,57.482197],[-3.437304,57.482153],[-3.437301,57.482103],[-3.437305,57.482048],[-3.43729,57.481997],[-3.437257,57.481951],[-3.437206,57.48191],[-3.437138,57.481875],[-3.437058,57.481819],[-3.436966,57.481743],[-3.436863,57.481646],[-3.436749,57.48153],[-3.436647,57.481447],[-3.436558,57.481399],[-3.436481,57.481384],[-3.436416,57.481404],[-3.43631,57.481445],[-3.436162,57.481507],[-3.435972,57.48159],[-3.43574,57.481695],[-3.435537,57.48178],[-3.435362,57.481845],[-3.435216,57.48189],[-3.435098,57.481915],[-3.434968,57.481925],[-3.434827,57.48192],[-3.434675,57.481901],[-3.434511,57.481866],[-3.434325,57.481842],[-3.434117,57.481827],[-3.433887,57.481821],[-3.433634,57.481826],[-3.433344,57.48182],[-3.433016,57.481805],[-3.432651,57.481779],[-3.432249,57.481744],[-3.431967,57.481751],[-3.431807,57.481802],[-3.431768,57.481896],[-3.43185,57.482032],[-3.431925,57.482155],[-3.431992,57.482263],[-3.432053,57.482358],[-3.432106,57.482438],[-3.432096,57.482498],[-3.432024,57.48254],[-3.431889,57.482562],[-3.431692,57.482566],[-3.431495,57.482539],[-3.431299,57.482482],[-3.431105,57.482395],[-3.430911,57.482278],[-3.430733,57.482184],[-3.430572,57.482113],[-3.430427,57.482065],[-3.430299,57.48204],[-3.43018,57.48202],[-3.430071,57.482005],[-3.429973,57.481996],[-3.429884,57.481993],[-3.429832,57.482008],[-3.429816,57.482041],[-3.429837,57.482093],[-3.429895,57.482164],[-3.429946,57.482254],[-3.42999,57.482363],[-3.430027,57.482491],[-3.430057,57.482637],[-3.430084,57.482761],[-3.43011,57.482863],[-3.430133,57.482943],[-3.430154,57.483001],[-3.430198,57.483055],[-3.430265,57.483106],[-3.430354,57.483153],[-3.430465,57.483198],[-3.430584,57.483245],[-3.43071,57.483296],[-3.430843,57.483351],[-3.430984,57.483409],[-3.431086,57.483487],[-3.43115,57.483585],[-3.431175,57.483704],[-3.431163,57.483842],[-3.431196,57.483971],[-3.431276,57.484091],[-3.431402,57.484202],[-3.431575,57.484303],[-3.431758,57.484409],[-3.431953,57.484517],[-3.432159,57.484628],[-3.432376,57.484743],[-3.432552,57.484865],[-3.432688,57.484997],[-3.432783,57.485137],[-3.432837,57.485285],[-3.432913,57.485476],[-3.433011,57.485709],[-3.43313,57.485985],[-3.433271,57.486304],[-3.433447,57.486604],[-3.433657,57.486886],[-3.433903,57.487149],[-3.434184,57.487394],[-3.434409,57.487601],[-3.434579,57.487772],[-3.434694,57.487905],[-3.434753,57.488002],[-3.434866,57.488078],[-3.435034,57.488133],[-3.435255,57.488168],[-3.435531,57.488183],[-3.435768,57.4882],[-3.435966,57.48822],[-3.436126,57.488243],[-3.436246,57.48827],[-3.436314,57.488302],[-3.436328,57.488341],[-3.43629,57.488387],[-3.436197,57.488439],[-3.436105,57.488507],[-3.436013,57.488591],[-3.43592,57.488692],[-3.435828,57.488808],[-3.435779,57.489052],[-3.435772,57.489425],[-3.435809,57.489925],[-3.435889,57.490553],[-3.435946,57.491122],[-3.435982,57.491631],[-3.435996,57.49208],[-3.435988,57.49247],[-3.436005,57.492888],[-3.436045,57.493335],[-3.43611,57.49381],[-3.4362,57.494313],[-3.436303,57.494708],[-3.436421,57.494995],[-3.436552,57.495174],[-3.436697,57.495245],[-3.436852,57.495325],[-3.437016,57.495415],[-3.43719,57.495515],[-3.437373,57.495624],[-3.437374,57.495742],[-3.437192,57.49587],[-3.436828,57.496007],[-3.436281,57.496152],[-3.435926,57.496308],[-3.435763,57.496475],[-3.435791,57.496651],[-3.43601,57.496838],[-3.436183,57.496996],[-3.43631,57.497124],[-3.43639,57.497222],[-3.436423,57.497291],[-3.436389,57.497355],[-3.436287,57.497412],[-3.436117,57.497464],[-3.435879,57.49751],[-3.435781,57.497551],[-3.435822,57.497587],[-3.436003,57.497619],[-3.436323,57.497646],[-3.436596,57.49767],[-3.436823,57.497692],[-3.437003,57.49771],[-3.437136,57.497727],[-3.437247,57.497759],[-3.437337,57.497808],[-3.437404,57.497872],[-3.43745,57.497953],[-3.437448,57.498019],[-3.4374,57.498071],[-3.437304,57.498109],[-3.437162,57.498132],[-3.437116,57.498153],[-3.437166,57.498171],[-3.437313,57.498187],[-3.437557,57.4982],[-3.437765,57.498226],[-3.437938,57.498264],[-3.438075,57.498314],[-3.438178,57.498376],[-3.438167,57.498449],[-3.438042,57.498532],[-3.437804,57.498626],[-3.437453,57.49873],[-3.437174,57.498827],[-3.436969,57.498917],[-3.436836,57.498999],[-3.436776,57.499073],[-3.436837,57.499132],[-3.43702,57.499175],[-3.437324,57.499203],[-3.43775,57.499215],[-3.438138,57.499241],[-3.438487,57.499282],[-3.438798,57.499338],[-3.43907,57.499408],[-3.439334,57.499472],[-3.43959,57.499529],[-3.439837,57.499579],[-3.440076,57.499623],[-3.440205,57.499673],[-3.440226,57.499729],[-3.440137,57.49979],[-3.439939,57.499857],[-3.439805,57.499959],[-3.439735,57.500094],[-3.43973,57.500263],[-3.439789,57.500467],[-3.43979,57.500627],[-3.439734,57.500743],[-3.43962,57.500817],[-3.439448,57.500848],[-3.439258,57.5009],[-3.439051,57.500975],[-3.438826,57.501072],[-3.438584,57.50119],[-3.438376,57.501295],[-3.438202,57.501385],[-3.438063,57.501462],[-3.437958,57.501524],[-3.437946,57.501581],[-3.438024,57.501632],[-3.438194,57.501679],[-3.438456,57.50172],[-3.438708,57.50175],[-3.438949,57.501768],[-3.43918,57.501774],[-3.439401,57.501769],[-3.43952,57.501786],[-3.439539,57.501827],[-3.439458,57.501891],[-3.439275,57.501978],[-3.439092,57.50205],[-3.438911,57.502107],[-3.438729,57.50215],[-3.438548,57.502177],[-3.438393,57.502215],[-3.438264,57.502264],[-3.438162,57.502325],[-3.438085,57.502397],[-3.437999,57.502429],[-3.437905,57.502422],[-3.437802,57.502375],[-3.437691,57.502288],[-3.437563,57.502222],[-3.437419,57.502177],[-3.437259,57.502153],[-3.437083,57.50215],[-3.436926,57.502161],[-3.436789,57.502188],[-3.436671,57.50223],[-3.436573,57.502287],[-3.436502,57.502365],[-3.436459,57.502464],[-3.436443,57.502583],[-3.436454,57.502722],[-3.436499,57.502844],[-3.436577,57.502947],[-3.436687,57.503032],[-3.436831,57.503098],[-3.436931,57.50318],[-3.436986,57.503277],[-3.436997,57.503389],[-3.436965,57.503516],[-3.43693,57.503645],[-3.436894,57.503774],[-3.436857,57.503905],[-3.436818,57.504037],[-3.436736,57.504172],[-3.436612,57.504308],[-3.436444,57.504447],[-3.436233,57.504589],[-3.436054,57.5047],[-3.435904,57.504781],[-3.435786,57.504833],[-3.435699,57.504855],[-3.4356,57.504863],[-3.435491,57.504857],[-3.43537,57.504837],[-3.435239,57.504804],[-3.43515,57.504735],[-3.435103,57.504631],[-3.4351,57.504491],[-3.435139,57.504316],[-3.435145,57.504161],[-3.435119,57.504025],[-3.435061,57.503908],[-3.434969,57.50381],[-3.434845,57.503727],[-3.434688,57.503658],[-3.434499,57.503602],[-3.434277,57.503561],[-3.434107,57.503547],[-3.433989,57.503562],[-3.433923,57.503604],[-3.433909,57.503673],[-3.43392,57.503754],[-3.433958,57.503847],[-3.434022,57.50395],[-3.434112,57.504065],[-3.434202,57.504181],[-3.434293,57.504297],[-3.434384,57.504415],[-3.434475,57.504534],[-3.434544,57.504651],[-3.43459,57.504766],[-3.434614,57.504878],[-3.434615,57.504989],[-3.434558,57.505084],[-3.434444,57.505162],[-3.434271,57.505223],[-3.434041,57.505268],[-3.433816,57.505294],[-3.433595,57.505299],[-3.433379,57.505285],[-3.433168,57.505251],[-3.432964,57.5052],[-3.432768,57.505133],[-3.43258,57.505048],[-3.4324,57.504947],[-3.432246,57.504869],[-3.432118,57.504814],[-3.432017,57.504782],[-3.431942,57.504772],[-3.431833,57.504783],[-3.431689,57.504815],[-3.431512,57.504868],[-3.4313,57.50494],[-3.431116,57.50502],[-3.430961,57.505107],[-3.430834,57.5052],[-3.430736,57.505299],[-3.430661,57.505398],[-3.430609,57.505495],[-3.43058,57.505591],[-3.430575,57.505685],[-3.430564,57.505791],[-3.430548,57.505908],[-3.430525,57.506037],[-3.430497,57.506176],[-3.430506,57.506321],[-3.430553,57.50647],[-3.430637,57.506623],[-3.430759,57.506782],[-3.430862,57.506922],[-3.430947,57.507043],[-3.431013,57.507147],[-3.43106,57.507231],[-3.431144,57.507298],[-3.431265,57.507345],[-3.431422,57.507374],[-3.431617,57.507384],[-3.431786,57.507405],[-3.431929,57.507437],[-3.432046,57.507481],[-3.432138,57.507535],[-3.432175,57.507604],[-3.432158,57.507687],[-3.432086,57.507784],[-3.43196,57.507895],[-3.431841,57.507989],[-3.43173,57.508064],[-3.431625,57.508122],[-3.431529,57.508162],[-3.431511,57.508221],[-3.431572,57.5083],[-3.431711,57.508399],[-3.43193,57.508518],[-3.432127,57.508599],[-3.432302,57.508643],[-3.432456,57.50865],[-3.432588,57.508619],[-3.432702,57.508626],[-3.432797,57.508669],[-3.432874,57.50875],[-3.432934,57.508868],[-3.433066,57.508926],[-3.433272,57.508924],[-3.433552,57.508862],[-3.433905,57.508741],[-3.434205,57.508625],[-3.434451,57.508517],[-3.434645,57.508415],[-3.434784,57.508319],[-3.434963,57.508211],[-3.435182,57.508091],[-3.435439,57.507957],[-3.435735,57.507812],[-3.436091,57.507647],[-3.436504,57.507464],[-3.436977,57.507262],[-3.437508,57.50704],[-3.438011,57.506854],[-3.438484,57.506703],[-3.438929,57.506587],[-3.439344,57.506506],[-3.439725,57.506438],[-3.440071,57.506384],[-3.440382,57.506342],[-3.440658,57.506314],[-3.440891,57.506298],[-3.441081,57.506296],[-3.441228,57.506307],[-3.441332,57.50633],[-3.441438,57.50636],[-3.441547,57.506396],[-3.441658,57.506438],[-3.441771,57.506486],[-3.441936,57.506502],[-3.442153,57.506486],[-3.442421,57.506438],[-3.442742,57.506358],[-3.443001,57.506284],[-3.443198,57.506214],[-3.443334,57.50615],[-3.443408,57.506091],[-3.443483,57.506016],[-3.443561,57.505925],[-3.443641,57.505818],[-3.443723,57.505694],[-3.443836,57.505559],[-3.443982,57.505414],[-3.444159,57.505258],[-3.444368,57.505091],[-3.444565,57.504941],[-3.444751,57.504807],[-3.444924,57.504688],[-3.445085,57.504586],[-3.445241,57.504505],[-3.445389,57.504445],[-3.445532,57.504406],[-3.445669,57.504388],[-3.445797,57.504401],[-3.445917,57.504447],[-3.446029,57.504524],[-3.446133,57.504633],[-3.446226,57.504692],[-3.446308,57.5047],[-3.446381,57.504659],[-3.446442,57.504567],[-3.446514,57.50449],[-3.446594,57.504428],[-3.446684,57.504382],[-3.446784,57.50435],[-3.446861,57.504301],[-3.446916,57.504233],[-3.446948,57.504147],[-3.446958,57.504044],[-3.446948,57.503947],[-3.446919,57.503856],[-3.44687,57.503771],[-3.446801,57.503693],[-3.446827,57.503624],[-3.446949,57.503564],[-3.447165,57.503514],[-3.447476,57.503474],[-3.447726,57.503428],[-3.447914,57.503377],[-3.44804,57.50332],[-3.448104,57.503258],[-3.448118,57.503192],[-3.448081,57.503123],[-3.447993,57.503051],[-3.447854,57.502976],[-3.447739,57.502891],[-3.447649,57.502798],[-3.447584,57.502696],[-3.447543,57.502585],[-3.447529,57.502489],[-3.447544,57.502408],[-3.447585,57.502343],[-3.447654,57.502293],[-3.447749,57.502258],[-3.447868,57.502237],[-3.448013,57.502231],[-3.448183,57.502239],[-3.448345,57.502252],[-3.448499,57.502271],[-3.448645,57.502294],[-3.448783,57.502323],[-3.448911,57.502321],[-3.449031,57.50229],[-3.449142,57.502228],[-3.449243,57.502137],[-3.449314,57.502047],[-3.449353,57.50196],[-3.449362,57.501875],[-3.449339,57.501792],[-3.449339,57.50172],[-3.44936,57.50166],[-3.449404,57.501612],[-3.44947,57.501575],[-3.449554,57.501548],[-3.449655,57.501532],[-3.449774,57.501525],[-3.44991,57.501528],[-3.450079,57.501537],[-3.450279,57.501553],[-3.450512,57.501575],[-3.450777,57.501603],[-3.450989,57.501606],[-3.451147,57.501584],[-3.451253,57.501535],[-3.451305,57.501462],[-3.451414,57.501366],[-3.451577,57.501249],[-3.451796,57.50111],[-3.452071,57.500949],[-3.452356,57.500782],[-3.45265,57.500609],[-3.452954,57.500429],[-3.453267,57.500243],[-3.453504,57.500103],[-3.453664,57.500007],[-3.453746,57.499957],[-3.453753,57.499952],[-3.453767,57.49993],[-3.453788,57.499892],[-3.453817,57.499837],[-3.453855,57.499764],[-3.453919,57.499717],[-3.45401,57.499695],[-3.454128,57.499698],[-3.454274,57.499726],[-3.454437,57.499694],[-3.454618,57.499603],[-3.454817,57.499452],[-3.455034,57.499242],[-3.455203,57.499062],[-3.455323,57.498913],[-3.455395,57.498794],[-3.455418,57.498707],[-3.455465,57.498619],[-3.455537,57.498533],[-3.455633,57.498447],[-3.455753,57.498362],[-3.455873,57.49828],[-3.455995,57.498199],[-3.456117,57.49812],[-3.45624,57.498043],[-3.456346,57.497975],[-3.456435,57.497914],[-3.456507,57.497862],[-3.456562,57.497818],[-3.456607,57.497767],[-3.456642,57.49771],[-3.456666,57.497647],[-3.45668,57.497577],[-3.456712,57.497507],[-3.456762,57.497435],[-3.456828,57.497363],[-3.456913,57.497291],[-3.457016,57.497215],[-3.457138,57.497136],[-3.457279,57.497054],[-3.457439,57.49697],[-3.457563,57.496868],[-3.457651,57.49675],[-3.457703,57.496616],[-3.457718,57.496464],[-3.457742,57.496291],[-3.457774,57.496096],[-3.457813,57.495878],[-3.45786,57.495638],[-3.457864,57.495445],[-3.457827,57.4953],[-3.457747,57.495201],[-3.457624,57.49515],[-3.457526,57.495094],[-3.457452,57.495033],[-3.457402,57.494967],[-3.457376,57.494897],[-3.457335,57.494832],[-3.457277,57.494772],[-3.457203,57.494717],[-3.457112,57.494666],[-3.457014,57.494614],[-3.456907,57.494561],[-3.456791,57.494507],[-3.456668,57.494451],[-3.45658,57.494385],[-3.456528,57.49431],[-3.456512,57.494224],[-3.456533,57.494127],[-3.456592,57.494057],[-3.456691,57.494013],[-3.45683,57.493994],[-3.457007,57.494002],[-3.457173,57.494009],[-3.457327,57.494017],[-3.457469,57.494025],[-3.457599,57.494033],[-3.457708,57.494021],[-3.457795,57.493988],[-3.457862,57.493935],[-3.457906,57.493862],[-3.457969,57.493785],[-3.458051,57.493704],[-3.458151,57.493619],[-3.458269,57.49353],[-3.45836,57.493448],[-3.458424,57.493373],[-3.458461,57.493306],[-3.45847,57.493245],[-3.458465,57.493182],[-3.458445,57.493118],[-3.458411,57.493052],[-3.458363,57.492985],[-3.458295,57.492903],[-3.458208,57.492807],[-3.458102,57.492697],[-3.457977,57.492573],[-3.457926,57.492485],[-3.45795,57.492431],[-3.458049,57.492412],[-3.458222,57.492429],[-3.458365,57.492419],[-3.45848,57.492384],[-3.458564,57.492323],[-3.45862,57.492236],[-3.458645,57.492142],[-3.458639,57.49204],[-3.458603,57.49193],[-3.458536,57.491813],[-3.458474,57.491679],[-3.458418,57.491526],[-3.458368,57.491356],[-3.458323,57.491169],[-3.458346,57.490983],[-3.458437,57.490798],[-3.458596,57.490615],[-3.458824,57.490434],[-3.459025,57.490279],[-3.459201,57.490152],[-3.459351,57.490053],[-3.459476,57.48998],[-3.459605,57.489898],[-3.459738,57.489808],[-3.459877,57.489708],[-3.460019,57.489599],[-3.460179,57.489488],[-3.460356,57.489374],[-3.460549,57.489257],[-3.46076,57.489137],[-3.460937,57.48903],[-3.461081,57.488936],[-3.461193,57.488855],[-3.461271,57.488787],[-3.461399,57.488713],[-3.461576,57.488633],[-3.461803,57.488547],[-3.462079,57.488454],[-3.462315,57.488363],[-3.462513,57.488272],[-3.46267,57.488182],[-3.462789,57.488093],[-3.462931,57.488038],[-3.463098,57.488016],[-3.46329,57.488029],[-3.463506,57.488075],[-3.463674,57.488085],[-3.463796,57.48806],[-3.463871,57.487999],[-3.463899,57.487902],[-3.463886,57.487829],[-3.463833,57.487782],[-3.463739,57.487758],[-3.463604,57.487759],[-3.463462,57.487762],[-3.463313,57.487767],[-3.463156,57.487773],[-3.462992,57.487781],[-3.462831,57.487797],[-3.462672,57.48782],[-3.462516,57.48785],[-3.462363,57.487887],[-3.462197,57.487921],[-3.462017,57.487952],[-3.461825,57.48798],[-3.46162,57.488006],[-3.461481,57.488001],[-3.461408,57.487966],[-3.461402,57.4879],[-3.461462,57.487804],[-3.461532,57.487715],[-3.461613,57.487632],[-3.461704,57.487555],[-3.461806,57.487485],[-3.461872,57.487427],[-3.461902,57.487381],[-3.461898,57.487347],[-3.461858,57.487325],[-3.461812,57.487302],[-3.461759,57.487278],[-3.4617,57.487252],[-3.461634,57.487225],[-3.461555,57.487188],[-3.461463,57.487142],[-3.461357,57.487086],[-3.461238,57.487022],[-3.46114,57.486968],[-3.461065,57.486924],[-3.461011,57.486891],[-3.460979,57.486869],[-3.46097,57.48684],[-3.460985,57.486804],[-3.461023,57.486762],[-3.461084,57.486713],[-3.461092,57.486669],[-3.461046,57.486631],[-3.460947,57.486599],[-3.460794,57.486572],[-3.460694,57.486521],[-3.460647,57.486447],[-3.460652,57.486349],[-3.460711,57.486228],[-3.460814,57.48612],[-3.460963,57.486026],[-3.461156,57.485945],[-3.461393,57.485878],[-3.461611,57.48581],[-3.461808,57.48574],[-3.461985,57.48567],[-3.462141,57.485598],[-3.462276,57.485533],[-3.46239,57.485474],[-3.462482,57.485422],[-3.462552,57.485376],[-3.462589,57.485309],[-3.462592,57.485219],[-3.46256,57.485106],[-3.462495,57.484972],[-3.462457,57.484863],[-3.462446,57.484779],[-3.462462,57.484719],[-3.462505,57.484685],[-3.46258,57.484668],[-3.462687,57.484667],[-3.462826,57.484684],[-3.462998,57.484718],[-3.463148,57.484733],[-3.463279,57.48473],[-3.463388,57.484709],[-3.463477,57.48467],[-3.463603,57.484651],[-3.463766,57.484651],[-3.463967,57.484671],[-3.464204,57.484711],[-3.464434,57.484737],[-3.464657,57.484748],[-3.464872,57.484745],[-3.46508,57.484728],[-3.465244,57.484687],[-3.465364,57.484624],[-3.46544,57.484537],[-3.465471,57.484427],[-3.465462,57.484316],[-3.465412,57.484203],[-3.465323,57.48409],[-3.465193,57.483975],[-3.465064,57.483878],[-3.464936,57.483799],[-3.464808,57.483739],[-3.464681,57.483696],[-3.464535,57.483661],[-3.46437,57.483633],[-3.464185,57.483613],[-3.463982,57.4836],[-3.46381,57.48357],[-3.46367,57.483525],[-3.463562,57.483463],[-3.463485,57.483386],[-3.463449,57.48332],[-3.463453,57.483266],[-3.463498,57.483224],[-3.463582,57.483194],[-3.463656,57.483153],[-3.463721,57.483102],[-3.463776,57.48304],[-3.46382,57.482967],[-3.463865,57.482894],[-3.46391,57.482821],[-3.463954,57.482748],[-3.463999,57.482675],[-3.464073,57.482596],[-3.464177,57.48251],[-3.46431,57.482419],[-3.464473,57.482321],[-3.464636,57.482235],[-3.464799,57.48216],[-3.464963,57.482097],[-3.465127,57.482046],[-3.465312,57.481998],[-3.465518,57.481954],[-3.465746,57.481912],[-3.465994,57.481874],[-3.466242,57.48184],[-3.466489,57.48181],[-3.466736,57.481785],[-3.466983,57.481764],[-3.467198,57.48176],[-3.467382,57.481773],[-3.467534,57.481803],[-3.467655,57.48185],[-3.467709,57.481916],[-3.467696,57.482001],[-3.467617,57.482104],[-3.467471,57.482226],[-3.467341,57.482343],[-3.467227,57.482455],[-3.46713,57.482562],[-3.467048,57.482665],[-3.467043,57.482749],[-3.467115,57.482814],[-3.467263,57.482861],[-3.467488,57.482889],[-3.467728,57.482908],[-3.467982,57.482918],[-3.468251,57.482919],[-3.468534,57.482911],[-3.46878,57.482883],[-3.468989,57.482834],[-3.46916,57.482764],[-3.469293,57.482673],[-3.469405,57.482582],[-3.469494,57.482489],[-3.469561,57.482396],[-3.469605,57.482301],[-3.469633,57.482192],[-3.469642,57.482067],[-3.469634,57.481927],[-3.469609,57.481771],[-3.469589,57.481642],[-3.469575,57.481539],[-3.469567,57.481462],[-3.469564,57.481411],[-3.469631,57.481382],[-3.469768,57.481377],[-3.469975,57.481394],[-3.470252,57.481434],[-3.470473,57.481445],[-3.470638,57.481428],[-3.470746,57.481383],[-3.470798,57.481309],[-3.470818,57.481238],[-3.470804,57.481169],[-3.470758,57.481102],[-3.470679,57.481037],[-3.470666,57.480965],[-3.47072,57.480885],[-3.47084,57.480797],[-3.471027,57.4807],[-3.471239,57.480601],[-3.471475,57.480497],[-3.471736,57.48039],[-3.472021,57.48028],[-3.472221,57.480164],[-3.472336,57.480043],[-3.472365,57.479918],[-3.472309,57.479787],[-3.47227,57.479671],[-3.472249,57.479571],[-3.472246,57.479486],[-3.47226,57.479416],[-3.472311,57.479334],[-3.472399,57.479239],[-3.472525,57.479132],[-3.472688,57.479013],[-3.472872,57.478903],[-3.473077,57.478803],[-3.473304,57.478712],[-3.473553,57.478631],[-3.473826,57.478549],[-3.474125,57.478464],[-3.47445,57.478379],[-3.474799,57.478291],[-3.475194,57.478177],[-3.475635,57.478036],[-3.476121,57.477867],[-3.476653,57.477671],[-3.47706,57.477578],[-3.477342,57.477588],[-3.477498,57.4777],[-3.47753,57.477914],[-3.47761,57.4781],[-3.47774,57.478258],[-3.477918,57.478387],[-3.478146,57.478487],[-3.478356,57.478528],[-3.478547,57.478508],[-3.478721,57.478428],[-3.478876,57.478288],[-3.47899,57.478156],[-3.479063,57.478031],[-3.479095,57.477913],[-3.479087,57.477803],[-3.479107,57.477686],[-3.479156,57.477561],[-3.479235,57.477429],[-3.479343,57.47729],[-3.479461,57.477168],[-3.479589,57.477063],[-3.479727,57.476975],[-3.479876,57.476904],[-3.480017,57.476854],[-3.480149,57.476825],[-3.480274,57.476818],[-3.48039,57.476832],[-3.480489,57.476814],[-3.48057,57.476765],[-3.480634,57.476685],[-3.48068,57.476573],[-3.480743,57.476484],[-3.480822,57.476419],[-3.480918,57.476376],[-3.48103,57.476356],[-3.481186,57.476296],[-3.481388,57.476196],[-3.481635,57.476056],[-3.481926,57.475877],[-3.482197,57.475737],[-3.482446,57.475636],[-3.482674,57.475575],[-3.482881,57.475554],[-3.483056,57.475522],[-3.483199,57.47548],[-3.48331,57.475426],[-3.48339,57.475363],[-3.483478,57.475293],[-3.483573,57.475217],[-3.483676,57.475135],[-3.483786,57.475046],[-3.483942,57.474909],[-3.484144,57.474721],[-3.48439,57.474484],[-3.484682,57.474198],[-3.484934,57.473971],[-3.485147,57.473804],[-3.48532,57.473696],[-3.485453,57.473648],[-3.485594,57.473663],[-3.485741,57.473739],[-3.485896,57.473878],[-3.486057,57.47408],[-3.486161,57.47429],[-3.486206,57.47451],[-3.486193,57.474739],[-3.486122,57.474977],[-3.486007,57.475172],[-3.485849,57.475325],[-3.485647,57.475436],[-3.485402,57.475504],[-3.485109,57.475577],[-3.484768,57.475655],[-3.484379,57.475737],[-3.483942,57.475825],[-3.483626,57.475915],[-3.483429,57.476008],[-3.483353,57.476104],[-3.483397,57.476202],[-3.483492,57.476286],[-3.483637,57.476356],[-3.483833,57.476413],[-3.484079,57.476456],[-3.484301,57.47648],[-3.484498,57.476486],[-3.48467,57.476472],[-3.484817,57.47644],[-3.48498,57.476393],[-3.48516,57.476332],[-3.485357,57.476256],[-3.48557,57.476166],[-3.485802,57.476106],[-3.486054,57.476075],[-3.486324,57.476075],[-3.486613,57.476105],[-3.486853,57.476146],[-3.487042,57.476197],[-3.487182,57.476258],[-3.487272,57.47633],[-3.487298,57.476394],[-3.487258,57.476449],[-3.487154,57.476496],[-3.486986,57.476535],[-3.486826,57.47657],[-3.486674,57.4766],[-3.486531,57.476627],[-3.486396,57.476649],[-3.486293,57.476682],[-3.486222,57.476726],[-3.486182,57.47678],[-3.486174,57.476845],[-3.48623,57.476884],[-3.48635,57.476897],[-3.486535,57.476885],[-3.486783,57.476846],[-3.487034,57.476823],[-3.487289,57.476813],[-3.487548,57.476819],[-3.487809,57.476839],[-3.488043,57.476852],[-3.488248,57.476859],[-3.488425,57.476859],[-3.488573,57.476852],[-3.488758,57.476841],[-3.488979,57.476824],[-3.489235,57.476803],[-3.489528,57.476777],[-3.489789,57.476748],[-3.49002,57.476716],[-3.490219,57.47668],[-3.490388,57.476642],[-3.490558,57.476607],[-3.490729,57.476577],[-3.490903,57.47655],[-3.491077,57.476528],[-3.491236,57.476532],[-3.491378,57.476562],[-3.491504,57.476619],[-3.491614,57.476701],[-3.491675,57.476769],[-3.491686,57.476821],[-3.491648,57.476858],[-3.491561,57.47688],[-3.491491,57.476907],[-3.49144,57.47694],[-3.491406,57.476979],[-3.491391,57.477023],[-3.49141,57.477074],[-3.491462,57.47713],[-3.491549,57.477193],[-3.49167,57.477262],[-3.491804,57.477318],[-3.491951,57.477363],[-3.492112,57.477395],[-3.492287,57.477416],[-3.492461,57.477466],[-3.492633,57.477547],[-3.492805,57.477657],[-3.492976,57.477798],[-3.493109,57.477922],[-3.493205,57.47803],[-3.493262,57.478121],[-3.493282,57.478196],[-3.493304,57.478266],[-3.493328,57.478332],[-3.493355,57.478393],[-3.493384,57.47845],[-3.493467,57.478504],[-3.493605,57.478553],[-3.493797,57.4786],[-3.494043,57.478643],[-3.49428,57.478686],[-3.494506,57.478729],[-3.494723,57.478772],[-3.494929,57.478814],[-3.495038,57.478866],[-3.495048,57.478927],[-3.494961,57.478997],[-3.494775,57.479076],[-3.49459,57.479161],[-3.494405,57.479253],[-3.494221,57.479351],[-3.494037,57.479455],[-3.493916,57.479553],[-3.493858,57.479645],[-3.493863,57.47973],[-3.493932,57.479808],[-3.49402,57.479859],[-3.494128,57.479882],[-3.494256,57.479877],[-3.494403,57.479845],[-3.494531,57.47981],[-3.494641,57.479773],[-3.494732,57.479734],[-3.494804,57.479692],[-3.494903,57.479627],[-3.495029,57.479537],[-3.495181,57.479423],[-3.495361,57.479285],[-3.495547,57.479158],[-3.495738,57.479042],[-3.495936,57.478937],[-3.49614,57.478843],[-3.496281,57.478798],[-3.496357,57.478801],[-3.49637,57.478852],[-3.496319,57.478951],[-3.49621,57.479075],[-3.496043,57.479225],[-3.495817,57.4794],[-3.495533,57.4796],[-3.495342,57.479767],[-3.495245,57.479901],[-3.49524,57.480002],[-3.495329,57.48007],[-3.495356,57.480156],[-3.495323,57.48026],[-3.495229,57.480381],[-3.495074,57.480521],[-3.49493,57.480659],[-3.494797,57.480794],[-3.494675,57.480928],[-3.494564,57.481059],[-3.494536,57.48116],[-3.49459,57.481231],[-3.494727,57.481273],[-3.494946,57.481284],[-3.495134,57.481257],[-3.495293,57.481192],[-3.495422,57.481088],[-3.49552,57.480945],[-3.495635,57.48081],[-3.495766,57.480681],[-3.495914,57.480559],[-3.496078,57.480443],[-3.496236,57.48036],[-3.496388,57.480308],[-3.496534,57.480288],[-3.496673,57.480299],[-3.496797,57.480306],[-3.496906,57.48031],[-3.496999,57.48031],[-3.497077,57.480306],[-3.497174,57.480326],[-3.49729,57.48037],[-3.497424,57.480437],[-3.497577,57.480528],[-3.497663,57.480623],[-3.497684,57.480721],[-3.497638,57.480823],[-3.497526,57.480929],[-3.497493,57.481018],[-3.497539,57.48109],[-3.497665,57.481145],[-3.49787,57.481184],[-3.498046,57.481213],[-3.498192,57.481232],[-3.498309,57.481241],[-3.498396,57.481241],[-3.498452,57.481268],[-3.498476,57.481323],[-3.498469,57.481406],[-3.49843,57.481517],[-3.498448,57.481603],[-3.498522,57.481664],[-3.498653,57.481699],[-3.498839,57.48171],[-3.49897,57.481736],[-3.499045,57.481777],[-3.499064,57.481834],[-3.499027,57.481906],[-3.498969,57.481966],[-3.498891,57.482012],[-3.498792,57.482046],[-3.498673,57.482067],[-3.498652,57.482091],[-3.49873,57.48212],[-3.498907,57.482152],[-3.499182,57.482187],[-3.499387,57.482241],[-3.499521,57.482313],[-3.499584,57.482402],[-3.499576,57.48251],[-3.499572,57.482607],[-3.499571,57.482692],[-3.499575,57.482766],[-3.499582,57.48283],[-3.499647,57.482875],[-3.499769,57.482903],[-3.499947,57.482914],[-3.500183,57.482907],[-3.500393,57.482903],[-3.500576,57.482904],[-3.500732,57.482908],[-3.500862,57.482916],[-3.501004,57.482885],[-3.501158,57.482816],[-3.501323,57.482708],[-3.501499,57.482562],[-3.501597,57.482435],[-3.501618,57.482328],[-3.50156,57.482241],[-3.501424,57.482174],[-3.501361,57.482118],[-3.501372,57.482072],[-3.501456,57.482036],[-3.501614,57.482011],[-3.501773,57.482017],[-3.501934,57.482054],[-3.502096,57.482122],[-3.50226,57.48222],[-3.502408,57.482293],[-3.50254,57.482339],[-3.502657,57.482359],[-3.502758,57.482353],[-3.502858,57.482355],[-3.502958,57.482366],[-3.503056,57.482386],[-3.503154,57.482415],[-3.503246,57.482405],[-3.503332,57.482358],[-3.503412,57.482273],[-3.503486,57.48215],[-3.50356,57.482028],[-3.503635,57.481907],[-3.50371,57.481787],[-3.503785,57.481668],[-3.503888,57.481596],[-3.504018,57.481572],[-3.504176,57.481596],[-3.504361,57.481666],[-3.50445,57.481756],[-3.504443,57.481866],[-3.504339,57.481995],[-3.50414,57.482144],[-3.503986,57.482276],[-3.503877,57.482392],[-3.503815,57.482492],[-3.503798,57.482575],[-3.503729,57.482669],[-3.503609,57.482776],[-3.503438,57.482894],[-3.503216,57.483023],[-3.503039,57.483137],[-3.502908,57.483234],[-3.502822,57.483314],[-3.502782,57.483378],[-3.502783,57.483428],[-3.502824,57.483464],[-3.502906,57.483487],[-3.503028,57.483496],[-3.503139,57.483511],[-3.503239,57.483533],[-3.503327,57.483561],[-3.503403,57.483596],[-3.50348,57.483631],[-3.503556,57.483666],[-3.503633,57.4837],[-3.503709,57.483735],[-3.503819,57.483754],[-3.503963,57.483756],[-3.504141,57.483742],[-3.504353,57.483712],[-3.504528,57.483703],[-3.504668,57.483717],[-3.504773,57.483752],[-3.504842,57.483809],[-3.504874,57.483863],[-3.504869,57.483915],[-3.504827,57.483964],[-3.504749,57.48401],[-3.50472,57.484062],[-3.504741,57.484117],[-3.504811,57.484177],[-3.50493,57.484242],[-3.505031,57.484321],[-3.505113,57.484415],[-3.505177,57.484524],[-3.505223,57.484647],[-3.505208,57.484738],[-3.505134,57.484794],[-3.504999,57.484818],[-3.504805,57.484808],[-3.50462,57.484813],[-3.504445,57.484833],[-3.504279,57.484869],[-3.504122,57.484919],[-3.5039,57.484953],[-3.503612,57.484969],[-3.503258,57.48497],[-3.502839,57.484953],[-3.502479,57.484974],[-3.502178,57.485033],[-3.501938,57.485129],[-3.501757,57.485263],[-3.501622,57.485389],[-3.501535,57.485507],[-3.501494,57.485617],[-3.501499,57.485719],[-3.501583,57.485833],[-3.501745,57.48596],[-3.501985,57.486099],[-3.502303,57.48625],[-3.502581,57.486365],[-3.502817,57.486445],[-3.503013,57.48649],[-3.503167,57.4865],[-3.503324,57.486487],[-3.503481,57.486452],[-3.503641,57.486394],[-3.503802,57.486313],[-3.504001,57.486286],[-3.504237,57.486313],[-3.504512,57.486394],[-3.504824,57.486528],[-3.505095,57.486611],[-3.505325,57.486643],[-3.505515,57.486623],[-3.505664,57.486553],[-3.505808,57.486464],[-3.505948,57.486358],[-3.506083,57.486234],[-3.506213,57.486092],[-3.506341,57.486001],[-3.506465,57.48596],[-3.506586,57.48597],[-3.506704,57.486031],[-3.506824,57.486062],[-3.506948,57.486064],[-3.507076,57.486037],[-3.507206,57.485981],[-3.507371,57.485922],[-3.507571,57.485861],[-3.507806,57.485798],[-3.508076,57.485731],[-3.508325,57.485691],[-3.508554,57.485675],[-3.508763,57.485686],[-3.508951,57.485722],[-3.50912,57.485743],[-3.509269,57.485749],[-3.509399,57.48574],[-3.509509,57.485716],[-3.509602,57.48579],[-3.509678,57.485961],[-3.509735,57.486231],[-3.509776,57.486599],[-3.509769,57.486871],[-3.509715,57.487047],[-3.509613,57.487128],[-3.509465,57.487113],[-3.509339,57.487084],[-3.509235,57.487039],[-3.509153,57.486979],[-3.509093,57.486904],[-3.508963,57.486832],[-3.508763,57.486763],[-3.508492,57.486697],[-3.508151,57.486634],[-3.507854,57.486599],[-3.507601,57.486593],[-3.507393,57.486616],[-3.507229,57.486667],[-3.507068,57.486696],[-3.506912,57.486704],[-3.50676,57.486689],[-3.506611,57.486654],[-3.506471,57.486655],[-3.506338,57.486695],[-3.506214,57.486771],[-3.506097,57.486886],[-3.505952,57.486979],[-3.50578,57.48705],[-3.505579,57.4871],[-3.505351,57.487127],[-3.505166,57.487164],[-3.505023,57.487208],[-3.504923,57.487261],[-3.504866,57.487323],[-3.504817,57.487393],[-3.504775,57.487472],[-3.504739,57.48756],[-3.504712,57.487657],[-3.504707,57.487752],[-3.504725,57.487844],[-3.504766,57.487933],[-3.50483,57.488021],[-3.504922,57.488082],[-3.505042,57.488116],[-3.50519,57.488125],[-3.505367,57.488106],[-3.505548,57.488064],[-3.505734,57.487998],[-3.505925,57.487908],[-3.506122,57.487794],[-3.506262,57.487739],[-3.506347,57.487743],[-3.506377,57.487806],[-3.50635,57.487928],[-3.50628,57.488055],[-3.506165,57.488186],[-3.506007,57.488322],[-3.505804,57.488463],[-3.505636,57.488594],[-3.505501,57.488714],[-3.505401,57.488825],[-3.505335,57.488926],[-3.505374,57.488984],[-3.505519,57.488999],[-3.505769,57.488971],[-3.506125,57.4889],[-3.506427,57.48882],[-3.506676,57.48873],[-3.506872,57.488631],[-3.507015,57.488522],[-3.50719,57.488441],[-3.507397,57.488387],[-3.507636,57.488362],[-3.507907,57.488364],[-3.508073,57.488387],[-3.508133,57.488432],[-3.508088,57.488499],[-3.507938,57.488587],[-3.507808,57.488673],[-3.5077,57.488757],[-3.507613,57.488838],[-3.507547,57.488918],[-3.50751,57.489006],[-3.507502,57.489103],[-3.507523,57.489209],[-3.507573,57.489323],[-3.507594,57.489471],[-3.507585,57.489651],[-3.507546,57.489864],[-3.507478,57.490111],[-3.507456,57.490318],[-3.507478,57.490487],[-3.507546,57.490616],[-3.507659,57.490707],[-3.507695,57.490795],[-3.507655,57.490881],[-3.507539,57.490963],[-3.507345,57.491043],[-3.507267,57.491115],[-3.507303,57.49118],[-3.507453,57.491237],[-3.507718,57.491287],[-3.507945,57.491326],[-3.508135,57.491356],[-3.508287,57.491375],[-3.508402,57.491385],[-3.508471,57.491372],[-3.508494,57.491338],[-3.508471,57.491282],[-3.508403,57.491203],[-3.508365,57.491129],[-3.508359,57.491059],[-3.508385,57.490994],[-3.508442,57.490932],[-3.508523,57.490905],[-3.508629,57.490911],[-3.508759,57.490951],[-3.508913,57.491025],[-3.509049,57.491095],[-3.509165,57.491162],[-3.509262,57.491226],[-3.50934,57.491286],[-3.509455,57.491361],[-3.509607,57.49145],[-3.509796,57.491553],[-3.510023,57.491671],[-3.510136,57.491763],[-3.510137,57.491829],[-3.510025,57.491869],[-3.509799,57.491884],[-3.509661,57.491925],[-3.509611,57.491992],[-3.509647,57.492085],[-3.509771,57.492205],[-3.50992,57.492334],[-3.510094,57.492472],[-3.510294,57.492619],[-3.510518,57.492775],[-3.510644,57.492899],[-3.510669,57.492991],[-3.510596,57.493049],[-3.510423,57.493076],[-3.510255,57.493107],[-3.510093,57.493143],[-3.509937,57.493184],[-3.509787,57.493229],[-3.509673,57.493238],[-3.509595,57.493209],[-3.509553,57.493144],[-3.509547,57.493042],[-3.509483,57.492982],[-3.509361,57.492962],[-3.50918,57.492984],[-3.508941,57.493047],[-3.508746,57.493063],[-3.508595,57.493031],[-3.508488,57.492953],[-3.508426,57.492827],[-3.508387,57.492696],[-3.508373,57.492561],[-3.508383,57.492421],[-3.508417,57.492276],[-3.50839,57.49218],[-3.5083,57.492131],[-3.508149,57.492131],[-3.507936,57.492179],[-3.507759,57.492227],[-3.507618,57.492275],[-3.507513,57.492325],[-3.507444,57.492375],[-3.507371,57.492442],[-3.507295,57.492527],[-3.507215,57.492629],[-3.507132,57.492749],[-3.507037,57.492852],[-3.506931,57.49294],[-3.506812,57.493012],[-3.506682,57.493068],[-3.506576,57.49312],[-3.506493,57.493167],[-3.506436,57.493209],[-3.506402,57.493247],[-3.5064,57.493292],[-3.506432,57.493344],[-3.506495,57.493404],[-3.506592,57.493471],[-3.506624,57.493557],[-3.506591,57.493663],[-3.506494,57.493789],[-3.506333,57.493933],[-3.50626,57.494091],[-3.506276,57.494263],[-3.50638,57.494448],[-3.506572,57.494646],[-3.506657,57.494833],[-3.506634,57.495008],[-3.506504,57.495172],[-3.506266,57.495325],[-3.50606,57.49544],[-3.505886,57.495518],[-3.505744,57.495558],[-3.505634,57.495561],[-3.505546,57.49554],[-3.505482,57.495495],[-3.505441,57.495427],[-3.505423,57.495335],[-3.505395,57.495269],[-3.505357,57.49523],[-3.505308,57.495218],[-3.50525,57.495233],[-3.505193,57.495271],[-3.505136,57.495332],[-3.50508,57.495417],[-3.505024,57.495525],[-3.504953,57.49563],[-3.504867,57.495731],[-3.504766,57.495828],[-3.504649,57.495921],[-3.504553,57.496005],[-3.504478,57.496082],[-3.504423,57.496149],[-3.504389,57.496208],[-3.504348,57.496263],[-3.504299,57.496313],[-3.504242,57.496358],[-3.504177,57.496399],[-3.504106,57.496464],[-3.504028,57.496553],[-3.503942,57.496667],[-3.50385,57.496804],[-3.503742,57.4969],[-3.503619,57.496953],[-3.503479,57.496964],[-3.503325,57.496933],[-3.503193,57.496933],[-3.503085,57.496963],[-3.503001,57.497024],[-3.502939,57.497116],[-3.502902,57.49721],[-3.502889,57.497305],[-3.502901,57.497402],[-3.502938,57.497501],[-3.502954,57.497593],[-3.50295,57.497679],[-3.502926,57.497758],[-3.502881,57.497831],[-3.502826,57.497924],[-3.502759,57.498035],[-3.502682,57.498166],[-3.502595,57.498316],[-3.502481,57.498434],[-3.502341,57.498518],[-3.502176,57.498571],[-3.501984,57.49859],[-3.50182,57.49863],[-3.501682,57.498689],[-3.501572,57.498768],[-3.501489,57.498866],[-3.501389,57.498943],[-3.50127,57.499001],[-3.501135,57.499037],[-3.500981,57.499053],[-3.500837,57.499059],[-3.5007,57.499056],[-3.500572,57.499044],[-3.500453,57.499022],[-3.500342,57.498984],[-3.500238,57.498931],[-3.500143,57.498861],[-3.500056,57.498776],[-3.499947,57.498724],[-3.499817,57.498706],[-3.499666,57.49872],[-3.499492,57.498768],[-3.499337,57.498823],[-3.499201,57.498884],[-3.499083,57.498951],[-3.498983,57.499026],[-3.498873,57.499056],[-3.498753,57.499043],[-3.498622,57.498986],[-3.498482,57.498885],[-3.49836,57.498821],[-3.498259,57.498793],[-3.498176,57.498801],[-3.498113,57.498846],[-3.498039,57.498904],[-3.497954,57.498975],[-3.497857,57.499058],[-3.49775,57.499155],[-3.497619,57.499246],[-3.497464,57.499333],[-3.497285,57.499414],[-3.497082,57.499491],[-3.496926,57.499531],[-3.496817,57.499536],[-3.496754,57.499505],[-3.496737,57.499439],[-3.496693,57.499378],[-3.496621,57.499324],[-3.496522,57.499275],[-3.496395,57.499233],[-3.496276,57.499185],[-3.496165,57.499132],[-3.496062,57.499075],[-3.495967,57.499012],[-3.495853,57.498955],[-3.495719,57.498905],[-3.495565,57.498861],[-3.495392,57.498823],[-3.495232,57.498781],[-3.495083,57.498734],[-3.494947,57.498683],[-3.494823,57.498628],[-3.494705,57.498545],[-3.494593,57.498434],[-3.494486,57.498297],[-3.494386,57.498132],[-3.494301,57.498033],[-3.494233,57.497999],[-3.494181,57.498031],[-3.494146,57.498129],[-3.494133,57.498228],[-3.494141,57.498327],[-3.494172,57.498427],[-3.494226,57.498529],[-3.494349,57.498647],[-3.494542,57.498784],[-3.494806,57.498937],[-3.495139,57.499108],[-3.495402,57.499253],[-3.495593,57.499372],[-3.495713,57.499465],[-3.495762,57.499533],[-3.495782,57.499611],[-3.495775,57.499699],[-3.49574,57.499798],[-3.495677,57.499907],[-3.495613,57.499991],[-3.495547,57.500052],[-3.495481,57.500087],[-3.495414,57.500098],[-3.495327,57.500095],[-3.49522,57.500076],[-3.495094,57.500042],[-3.494949,57.499993],[-3.494778,57.49996],[-3.494581,57.499944],[-3.494358,57.499944],[-3.49411,57.499961],[-3.493901,57.499967],[-3.493732,57.499961],[-3.493602,57.499943],[-3.493512,57.499914],[-3.493449,57.499868],[-3.493414,57.499806],[-3.493407,57.499726],[-3.493427,57.49963],[-3.493414,57.499545],[-3.493366,57.499471],[-3.493285,57.499408],[-3.493171,57.499355],[-3.493032,57.499341],[-3.49287,57.499364],[-3.492683,57.499425],[-3.492473,57.499523],[-3.492291,57.499622],[-3.492136,57.499721],[-3.49201,57.499821],[-3.491912,57.499921],[-3.491823,57.500019],[-3.491743,57.500114],[-3.491672,57.500208],[-3.49161,57.5003],[-3.49155,57.500396],[-3.491492,57.500496],[-3.491435,57.5006],[-3.491379,57.500708],[-3.491352,57.500797],[-3.491353,57.500865],[-3.491383,57.500913],[-3.491441,57.500941],[-3.491506,57.500978],[-3.491579,57.501024],[-3.491659,57.501079],[-3.491746,57.501143],[-3.491951,57.501186],[-3.492273,57.501208],[-3.492713,57.50121],[-3.493271,57.501191],[-3.493699,57.501169],[-3.493996,57.501145],[-3.494163,57.501118],[-3.4942,57.501089],[-3.494402,57.50105],[-3.49477,57.501001],[-3.495304,57.500943],[-3.496003,57.500875],[-3.496579,57.5008],[-3.497034,57.500717],[-3.497366,57.500626],[-3.497576,57.500527],[-3.497824,57.500445],[-3.49811,57.500379],[-3.498434,57.50033],[-3.498796,57.500297],[-3.499144,57.500264],[-3.499478,57.500232],[-3.499798,57.5002],[-3.500105,57.500169],[-3.500386,57.500148],[-3.500641,57.500139],[-3.50087,57.500141],[-3.501074,57.500154],[-3.501292,57.500168],[-3.501524,57.500183],[-3.50177,57.500198],[-3.502031,57.500214],[-3.502239,57.500217],[-3.502394,57.500207],[-3.502497,57.500185],[-3.502548,57.50015],[-3.502576,57.500098],[-3.502583,57.500029],[-3.502567,57.499943],[-3.502529,57.49984],[-3.502506,57.499745],[-3.502498,57.499658],[-3.502504,57.499579],[-3.502526,57.499509],[-3.502587,57.499449],[-3.502689,57.4994],[-3.50283,57.499362],[-3.503011,57.499335],[-3.503169,57.499322],[-3.503304,57.499323],[-3.503417,57.499338],[-3.503508,57.499367],[-3.503553,57.499421],[-3.503555,57.4995],[-3.503512,57.499604],[-3.503424,57.499732],[-3.503391,57.49986],[-3.503414,57.499986],[-3.503492,57.50011],[-3.503625,57.500233],[-3.503768,57.500304],[-3.503922,57.500322],[-3.504086,57.500288],[-3.504261,57.500202],[-3.504425,57.500134],[-3.504578,57.500084],[-3.504719,57.500052],[-3.504849,57.500039],[-3.504925,57.499991],[-3.504947,57.49991],[-3.504914,57.499795],[-3.504828,57.499646],[-3.504726,57.499511],[-3.50461,57.49939],[-3.504479,57.499284],[-3.504334,57.499192],[-3.50425,57.499122],[-3.504228,57.499073],[-3.504268,57.499045],[-3.504369,57.499039],[-3.504504,57.499033],[-3.504672,57.499026],[-3.504875,57.499019],[-3.505111,57.499012],[-3.505307,57.499006],[-3.505465,57.499003],[-3.505584,57.499001],[-3.505664,57.499002],[-3.505753,57.499034],[-3.505853,57.499099],[-3.505962,57.499195],[-3.506081,57.499324],[-3.506213,57.499412],[-3.506358,57.499459],[-3.506515,57.499465],[-3.506685,57.499431],[-3.506872,57.499388],[-3.507076,57.499337],[-3.507297,57.499278],[-3.507535,57.49921],[-3.507748,57.499143],[-3.507937,57.499074],[-3.508103,57.499004],[-3.508244,57.498934],[-3.508366,57.498914],[-3.508468,57.498944],[-3.508552,57.499024],[-3.508616,57.499155],[-3.50869,57.499249],[-3.508776,57.499309],[-3.508872,57.499333],[-3.50898,57.499322],[-3.509089,57.499305],[-3.509199,57.49928],[-3.509311,57.49925],[-3.509424,57.499212],[-3.509547,57.49919],[-3.50968,57.499183],[-3.509822,57.49919],[-3.509974,57.499213],[-3.51016,57.499216],[-3.51038,57.4992],[-3.510636,57.499164],[-3.510925,57.499109],[-3.511141,57.499064],[-3.511284,57.49903],[-3.511353,57.499007],[-3.511349,57.498995],[-3.511365,57.49899],[-3.511401,57.498992],[-3.511459,57.499002],[-3.511537,57.49902],[-3.511635,57.499028],[-3.511754,57.499026],[-3.511893,57.499015],[-3.512053,57.498995],[-3.51219,57.498969],[-3.512306,57.498937],[-3.5124,57.498901],[-3.512472,57.498859],[-3.512569,57.498837],[-3.512691,57.498833],[-3.512837,57.498847],[-3.513009,57.498881],[-3.513156,57.498903],[-3.51328,57.498914],[-3.513379,57.498913],[-3.513454,57.498901],[-3.513542,57.498881],[-3.513642,57.498851],[-3.513755,57.498813],[-3.513881,57.498765],[-3.513951,57.498723],[-3.513965,57.498685],[-3.513923,57.498652],[-3.513825,57.498624],[-3.513725,57.498602],[-3.513624,57.498587],[-3.513521,57.498578],[-3.513417,57.498576],[-3.513348,57.498554],[-3.513312,57.498513],[-3.513312,57.498452],[-3.513346,57.498372],[-3.513431,57.49827],[-3.513569,57.498147],[-3.513758,57.498003],[-3.513999,57.497837],[-3.514214,57.497745],[-3.514402,57.497728],[-3.514565,57.497785],[-3.514701,57.497916],[-3.514788,57.498039],[-3.514827,57.498155],[-3.514817,57.498263],[-3.514758,57.498363],[-3.514698,57.498446],[-3.514635,57.498512],[-3.514569,57.498562],[-3.514502,57.498595],[-3.51446,57.498648],[-3.514444,57.498722],[-3.514453,57.498818],[-3.514488,57.498934],[-3.514538,57.499009],[-3.514602,57.499043],[-3.514681,57.499035],[-3.514774,57.498987],[-3.514958,57.499031],[-3.515231,57.499168],[-3.515594,57.499396],[-3.516046,57.499717],[-3.516449,57.499988],[-3.5168,57.500208],[-3.517102,57.500377],[-3.517353,57.500497],[-3.517599,57.500554],[-3.517839,57.500548],[-3.518075,57.50048],[-3.518305,57.500349],[-3.518536,57.500234],[-3.518769,57.500133],[-3.519004,57.500047],[-3.51924,57.499975],[-3.519456,57.499903],[-3.519652,57.499829],[-3.519827,57.499754],[-3.519982,57.499679],[-3.520103,57.499602],[-3.520189,57.499525],[-3.520242,57.499447],[-3.520261,57.499368],[-3.520325,57.499278],[-3.520435,57.499177],[-3.52059,57.499065],[-3.520791,57.498941],[-3.520975,57.498825],[-3.521141,57.498716],[-3.52129,57.498614],[-3.521422,57.498519],[-3.521516,57.498433],[-3.52157,57.498354],[-3.521586,57.498284],[-3.521563,57.498223],[-3.521499,57.498166],[-3.521392,57.498115],[-3.521244,57.49807],[-3.521054,57.49803],[-3.520914,57.497982],[-3.520822,57.497927],[-3.520779,57.497866],[-3.520785,57.497797],[-3.52081,57.497744],[-3.520852,57.497708],[-3.520912,57.497687],[-3.52099,57.497684],[-3.521089,57.497704],[-3.521209,57.49775],[-3.521351,57.49782],[-3.521513,57.497914],[-3.521658,57.49799],[-3.521787,57.498047],[-3.521898,57.498086],[-3.521993,57.498106],[-3.522103,57.498101],[-3.522227,57.498071],[-3.522366,57.498016],[-3.522519,57.497936],[-3.522629,57.49785],[-3.522694,57.497758],[-3.522715,57.497659],[-3.522693,57.497555],[-3.52265,57.497472],[-3.522587,57.49741],[-3.522505,57.497369],[-3.522402,57.49735],[-3.522304,57.497339],[-3.522212,57.497335],[-3.522124,57.49734],[-3.522041,57.497353],[-3.521984,57.497344],[-3.521953,57.497313],[-3.521947,57.49726],[-3.521967,57.497185],[-3.52201,57.497112],[-3.522074,57.497039],[-3.522161,57.496967],[-3.52227,57.496896],[-3.522355,57.496814],[-3.522417,57.496722],[-3.522454,57.49662],[-3.522468,57.496508],[-3.522447,57.496418],[-3.522391,57.496351],[-3.522299,57.496307],[-3.522172,57.496286],[-3.522029,57.496272],[-3.521871,57.496265],[-3.521698,57.496265],[-3.52151,57.496271],[-3.521348,57.496252],[-3.521211,57.496206],[-3.521101,57.496134],[-3.521017,57.496036],[-3.520956,57.495956],[-3.520917,57.495893],[-3.5209,57.495849],[-3.520907,57.495823],[-3.520937,57.495809],[-3.520992,57.495808],[-3.521072,57.495819],[-3.521176,57.495842],[-3.521284,57.495864],[-3.521395,57.495885],[-3.521509,57.495904],[-3.521627,57.495921],[-3.521754,57.495924],[-3.521888,57.495913],[-3.522032,57.495886],[-3.522184,57.495845],[-3.522321,57.495808],[-3.522444,57.495776],[-3.522554,57.495749],[-3.522649,57.495726],[-3.522785,57.495696],[-3.522962,57.495659],[-3.52318,57.495614],[-3.523439,57.495561],[-3.523724,57.495495],[-3.524036,57.495413],[-3.524375,57.495317],[-3.52474,57.495207],[-3.525073,57.495125],[-3.525375,57.49507],[-3.525645,57.495043],[-3.525884,57.495044],[-3.526099,57.495027],[-3.526289,57.494993],[-3.526454,57.49494],[-3.526596,57.49487],[-3.526696,57.494797],[-3.526755,57.49472],[-3.526773,57.49464],[-3.52675,57.494557],[-3.526791,57.494475],[-3.526897,57.494394],[-3.527066,57.494313],[-3.527299,57.494234],[-3.527458,57.494158],[-3.527543,57.494088],[-3.527554,57.494021],[-3.527492,57.493959],[-3.527483,57.493898],[-3.527528,57.493838],[-3.527628,57.493779],[-3.527781,57.49372],[-3.527871,57.493635],[-3.527897,57.493523],[-3.52786,57.493385],[-3.527759,57.49322],[-3.527721,57.493084],[-3.527745,57.492977],[-3.527831,57.492899],[-3.52798,57.492849],[-3.528084,57.492791],[-3.528143,57.492726],[-3.528157,57.492651],[-3.528127,57.492569],[-3.528119,57.4925],[-3.528135,57.492445],[-3.528173,57.492404],[-3.528234,57.492376],[-3.528288,57.492306],[-3.528333,57.492192],[-3.528371,57.492035],[-3.5284,57.491836],[-3.528492,57.49167],[-3.528646,57.491539],[-3.528863,57.491442],[-3.529142,57.491379],[-3.529332,57.491318],[-3.529433,57.491258],[-3.529446,57.4912],[-3.529369,57.491144],[-3.529358,57.491093],[-3.529413,57.491046],[-3.529533,57.491005],[-3.529718,57.490969],[-3.529841,57.490908],[-3.529901,57.490823],[-3.529898,57.490713],[-3.529832,57.490579],[-3.529803,57.490441],[-3.52981,57.490299],[-3.529854,57.490154],[-3.529934,57.490004],[-3.529962,57.489877],[-3.529939,57.48977],[-3.529863,57.489685],[-3.529736,57.489621],[-3.529686,57.489555],[-3.529712,57.489486],[-3.529815,57.489414],[-3.529994,57.48934],[-3.530135,57.489257],[-3.530236,57.489166],[-3.530298,57.489065],[-3.530321,57.488956],[-3.530333,57.488865],[-3.530334,57.488792],[-3.530324,57.488738],[-3.530303,57.488701],[-3.530342,57.488667],[-3.530442,57.488636],[-3.530602,57.488606],[-3.530822,57.488579],[-3.531005,57.488535],[-3.531149,57.488473],[-3.531255,57.488394],[-3.531322,57.488297],[-3.531325,57.488234],[-3.531262,57.488204],[-3.531134,57.488207],[-3.530941,57.488245],[-3.530788,57.48826],[-3.530674,57.488255],[-3.530601,57.488228],[-3.530567,57.488181],[-3.530557,57.488126],[-3.53057,57.488065],[-3.530607,57.487997],[-3.530667,57.487922],[-3.530764,57.487853],[-3.530899,57.487787],[-3.531072,57.487727],[-3.531282,57.487671],[-3.531455,57.487614],[-3.531593,57.487557],[-3.531695,57.4875],[-3.531761,57.487442],[-3.531812,57.48738],[-3.531847,57.487314],[-3.531868,57.487245],[-3.531872,57.487172],[-3.531902,57.487113],[-3.531958,57.487069],[-3.532038,57.487039],[-3.532144,57.487024],[-3.532213,57.486986],[-3.532246,57.486925],[-3.532243,57.486841],[-3.532203,57.486734],[-3.532251,57.486621],[-3.532386,57.486502],[-3.532608,57.486378],[-3.532918,57.486248],[-3.533238,57.486149],[-3.533567,57.486083],[-3.533906,57.486049],[-3.534256,57.486047],[-3.53449,57.48603],[-3.534608,57.485996],[-3.534612,57.485947],[-3.5345,57.485881],[-3.534367,57.485834],[-3.534214,57.485805],[-3.534039,57.485794],[-3.533843,57.485802],[-3.533702,57.485776],[-3.533616,57.485716],[-3.533586,57.485623],[-3.53361,57.485497],[-3.533688,57.485394],[-3.533817,57.485314],[-3.533999,57.485258],[-3.534234,57.485225],[-3.534403,57.485184],[-3.534508,57.485135],[-3.534549,57.485077],[-3.534524,57.485011],[-3.534473,57.484953],[-3.534395,57.484904],[-3.53429,57.484862],[-3.534159,57.484829],[-3.534053,57.484784],[-3.533972,57.484729],[-3.533918,57.484662],[-3.533889,57.484583],[-3.53397,57.484534],[-3.534162,57.484515],[-3.534463,57.484524],[-3.534875,57.484563],[-3.535252,57.484582],[-3.535595,57.484583],[-3.535902,57.484565],[-3.536175,57.484529],[-3.536393,57.484494],[-3.536556,57.484463],[-3.536664,57.484433],[-3.536718,57.484406],[-3.536736,57.484365],[-3.53672,57.484309],[-3.536668,57.484238],[-3.536581,57.484153],[-3.536537,57.484067],[-3.536536,57.48398],[-3.536579,57.483891],[-3.536665,57.483801],[-3.536734,57.483713],[-3.536786,57.483629],[-3.536822,57.483547],[-3.53684,57.483469],[-3.536854,57.483392],[-3.536862,57.483319],[-3.536866,57.483248],[-3.536864,57.48318],[-3.536894,57.483126],[-3.536956,57.483088],[-3.537048,57.483065],[-3.537173,57.483056],[-3.537292,57.483036],[-3.537408,57.483005],[-3.53752,57.482962],[-3.537627,57.482909],[-3.537764,57.482903],[-3.537931,57.482946],[-3.538127,57.483036],[-3.538354,57.483175],[-3.538672,57.483359],[-3.539083,57.483588],[-3.539586,57.483862],[-3.540181,57.484181],[-3.540736,57.484439],[-3.54125,57.484635],[-3.541724,57.484771],[-3.542157,57.484846],[-3.542494,57.484882],[-3.542736,57.484878],[-3.542881,57.484835],[-3.54293,57.484753],[-3.543018,57.484696],[-3.543145,57.484664],[-3.543311,57.484656],[-3.543517,57.484673],[-3.543718,57.484675],[-3.543916,57.484661],[-3.544109,57.484631],[-3.544299,57.484586],[-3.544495,57.484503],[-3.544697,57.484382],[-3.544904,57.484222],[-3.545117,57.484025],[-3.545261,57.483834],[-3.545336,57.483649],[-3.545341,57.48347],[-3.545277,57.483297],[-3.545301,57.483173],[-3.545412,57.483097],[-3.545611,57.48307],[-3.545897,57.483092],[-3.546116,57.483082],[-3.546268,57.483041],[-3.546352,57.482968],[-3.546369,57.482864],[-3.54629,57.482763],[-3.546115,57.482665],[-3.545844,57.482572],[-3.545476,57.482482],[-3.545205,57.482397],[-3.545029,57.48232],[-3.544948,57.482248],[-3.544964,57.482182],[-3.545092,57.482163],[-3.545333,57.482192],[-3.545687,57.482267],[-3.546154,57.48239],[-3.546542,57.482464],[-3.546849,57.48249],[-3.547078,57.482468],[-3.547226,57.482397],[-3.547361,57.482368],[-3.547481,57.482381],[-3.547587,57.482436],[-3.547679,57.482534],[-3.547779,57.482613],[-3.54789,57.482674],[-3.548009,57.482717],[-3.548138,57.482743],[-3.548257,57.482759],[-3.548367,57.482767],[-3.548468,57.482766],[-3.54856,57.482757],[-3.548625,57.482732],[-3.548661,57.482692],[-3.548671,57.482636],[-3.548652,57.482565],[-3.548645,57.482485],[-3.548647,57.482395],[-3.54866,57.482295],[-3.548683,57.482186],[-3.548754,57.482105],[-3.548874,57.482052],[-3.549042,57.482027],[-3.549258,57.482031],[-3.549438,57.482034],[-3.549583,57.482039],[-3.549692,57.482043],[-3.549765,57.482049],[-3.549833,57.482059],[-3.549894,57.482074],[-3.549949,57.482094],[-3.549998,57.482119],[-3.550059,57.482129],[-3.550134,57.482126],[-3.550221,57.482108],[-3.55032,57.482077],[-3.550446,57.482072],[-3.550597,57.482095],[-3.550775,57.482145],[-3.550979,57.482222],[-3.551196,57.482284],[-3.551428,57.482331],[-3.551674,57.482362],[-3.551935,57.482377],[-3.55223,57.482413],[-3.552561,57.482469],[-3.552927,57.482544],[-3.553328,57.482639],[-3.553651,57.482707],[-3.553897,57.482748],[-3.554065,57.482762],[-3.554155,57.482748],[-3.554232,57.482728],[-3.554294,57.482703],[-3.554342,57.482671],[-3.554375,57.482633],[-3.554411,57.482639],[-3.55445,57.482689],[-3.55449,57.482782],[-3.554533,57.482918],[-3.554601,57.483012],[-3.554695,57.483062],[-3.554815,57.483069],[-3.55496,57.483032],[-3.555117,57.483005],[-3.555286,57.482988],[-3.555466,57.48298],[-3.555657,57.482981],[-3.555844,57.48296],[-3.556027,57.482915],[-3.556204,57.482848],[-3.556377,57.482757],[-3.556501,57.482657],[-3.556576,57.482547],[-3.556601,57.482427],[-3.556577,57.482297],[-3.556572,57.482192],[-3.556586,57.482114],[-3.556621,57.482061],[-3.556674,57.482034],[-3.556703,57.481977],[-3.556706,57.481889],[-3.556684,57.481771],[-3.556637,57.481622],[-3.556634,57.481487],[-3.556678,57.481367],[-3.556766,57.481262],[-3.556899,57.481171],[-3.557017,57.481087],[-3.557119,57.481008],[-3.557205,57.480935],[-3.557276,57.480867],[-3.557324,57.48079],[-3.557351,57.480701],[-3.557356,57.480603],[-3.55734,57.480493],[-3.55732,57.480364],[-3.557296,57.480215],[-3.557269,57.480045],[-3.557239,57.479856],[-3.557247,57.479734],[-3.557294,57.479678],[-3.557379,57.479688],[-3.557503,57.479765],[-3.557631,57.479798],[-3.557761,57.479786],[-3.557896,57.479731],[-3.558034,57.479631],[-3.558152,57.479551],[-3.558249,57.479492],[-3.558326,57.479453],[-3.558383,57.479434],[-3.558422,57.479445],[-3.558445,57.479486],[-3.558451,57.479556],[-3.55844,57.479655],[-3.558413,57.479758],[-3.558369,57.479865],[-3.558309,57.479976],[-3.558232,57.480091],[-3.558159,57.480193],[-3.558088,57.480281],[-3.558021,57.480357],[-3.557956,57.480419],[-3.557941,57.480474],[-3.557974,57.480522],[-3.558057,57.480562],[-3.558189,57.480596],[-3.558288,57.480639],[-3.558355,57.480692],[-3.558391,57.480754],[-3.558393,57.480826],[-3.558374,57.480893],[-3.558333,57.480952],[-3.558269,57.481006],[-3.558183,57.481053],[-3.558186,57.481146],[-3.558277,57.481284],[-3.558456,57.481467],[-3.558724,57.481696],[-3.558977,57.481891],[-3.559216,57.482052],[-3.55944,57.48218],[-3.559649,57.482273],[-3.559839,57.482351],[-3.560009,57.482412],[-3.560159,57.482458],[-3.560289,57.482487],[-3.560402,57.482491],[-3.560498,57.482471],[-3.560576,57.482425],[-3.560638,57.482355],[-3.560687,57.482342],[-3.560724,57.482388],[-3.560748,57.482491],[-3.56076,57.482652],[-3.560752,57.482803],[-3.560725,57.482945],[-3.560679,57.483077],[-3.560613,57.483199],[-3.560617,57.483268],[-3.56069,57.483284],[-3.560833,57.483247],[-3.561046,57.483156],[-3.561264,57.483069],[-3.561487,57.482984],[-3.561715,57.482901],[-3.561948,57.482822],[-3.562114,57.482738],[-3.562213,57.482651],[-3.562245,57.48256],[-3.56221,57.482465],[-3.56221,57.482413],[-3.562246,57.482403],[-3.562318,57.482435],[-3.562425,57.482509],[-3.562488,57.482594],[-3.562507,57.482688],[-3.562482,57.482792],[-3.562413,57.482906],[-3.56247,57.482997],[-3.562655,57.483066],[-3.562966,57.483111],[-3.563404,57.483134],[-3.56376,57.483151],[-3.564034,57.483161],[-3.564226,57.483165],[-3.564337,57.483162],[-3.564419,57.483142],[-3.564472,57.483104],[-3.564498,57.483049],[-3.564495,57.482977],[-3.564445,57.482907],[-3.564349,57.48284],[-3.564205,57.482776],[-3.564016,57.482714],[-3.56394,57.482643],[-3.563977,57.482562],[-3.564129,57.482472],[-3.564394,57.482372],[-3.564615,57.482321],[-3.564794,57.48232],[-3.564929,57.482368],[-3.565021,57.482465],[-3.565127,57.482558],[-3.565247,57.482646],[-3.565381,57.482729],[-3.565529,57.482808],[-3.565643,57.482877],[-3.565721,57.482937],[-3.565763,57.482988],[-3.565771,57.48303],[-3.565771,57.483077],[-3.565762,57.48313],[-3.565746,57.483187],[-3.565721,57.483249],[-3.565794,57.483328],[-3.565965,57.483424],[-3.566233,57.483536],[-3.566599,57.483665],[-3.566926,57.483776],[-3.567216,57.48387],[-3.567467,57.483947],[-3.56768,57.484006],[-3.567894,57.484081],[-3.568111,57.484171],[-3.568329,57.484278],[-3.56855,57.484401],[-3.568745,57.484497],[-3.568914,57.484567],[-3.569057,57.484611],[-3.569175,57.484629],[-3.569298,57.484632],[-3.569425,57.484621],[-3.569557,57.484595],[-3.569693,57.484556],[-3.569756,57.484517],[-3.569746,57.48448],[-3.569663,57.484443],[-3.569507,57.484408],[-3.569394,57.484371],[-3.569323,57.484331],[-3.569296,57.484289],[-3.569311,57.484245],[-3.569395,57.484208],[-3.569547,57.48418],[-3.569768,57.484159],[-3.570058,57.484146],[-3.570268,57.484119],[-3.5704,57.484077],[-3.570453,57.484022],[-3.570427,57.483952],[-3.570412,57.483878],[-3.570406,57.483799],[-3.570411,57.483716],[-3.570427,57.483629],[-3.57047,57.483557],[-3.57054,57.483501],[-3.570638,57.48346],[-3.570764,57.483434],[-3.570876,57.483447],[-3.570975,57.483499],[-3.57106,57.483589],[-3.571132,57.483718],[-3.571236,57.483834],[-3.571373,57.483935],[-3.571543,57.484022],[-3.571745,57.484095],[-3.571881,57.484188],[-3.57195,57.4843],[-3.571954,57.484433],[-3.571891,57.484584],[-3.571874,57.484712],[-3.571905,57.484816],[-3.571982,57.484895],[-3.572106,57.484951],[-3.572198,57.48501],[-3.572256,57.485072],[-3.572283,57.485138],[-3.572277,57.485207],[-3.572302,57.48527],[-3.57236,57.485328],[-3.572449,57.485381],[-3.57257,57.485429],[-3.572715,57.48546],[-3.572884,57.485477],[-3.573077,57.485478],[-3.573295,57.485464],[-3.57352,57.485467],[-3.573754,57.485485],[-3.573995,57.48552],[-3.574245,57.485571],[-3.574443,57.48559],[-3.574589,57.485577],[-3.574684,57.485532],[-3.574727,57.485455],[-3.574767,57.485382],[-3.574806,57.485314],[-3.574842,57.485251],[-3.574876,57.485192],[-3.574918,57.485135],[-3.57497,57.48508],[-3.57503,57.485028],[-3.575099,57.484978],[-3.575138,57.484908],[-3.575148,57.484817],[-3.575129,57.484706],[-3.57508,57.484574],[-3.575086,57.484467],[-3.575146,57.484384],[-3.575262,57.484325],[-3.575432,57.48429],[-3.575572,57.484234],[-3.575682,57.484156],[-3.575763,57.484057],[-3.575814,57.483936],[-3.57579,57.483847],[-3.575693,57.483788],[-3.575522,57.483761],[-3.575277,57.483765],[-3.575102,57.483744],[-3.574997,57.483697],[-3.574962,57.483625],[-3.574998,57.483527],[-3.575028,57.483439],[-3.575054,57.483359],[-3.575076,57.483288],[-3.575093,57.483227],[-3.575045,57.483169],[-3.574934,57.483114],[-3.574758,57.483063],[-3.574517,57.483015],[-3.574309,57.482974],[-3.574133,57.482938],[-3.573989,57.48291],[-3.573877,57.482887],[-3.5738,57.482897],[-3.573756,57.48294],[-3.573746,57.483016],[-3.573771,57.483125],[-3.573757,57.483205],[-3.573705,57.483257],[-3.573614,57.483282],[-3.573486,57.483278],[-3.573381,57.483249],[-3.573302,57.483196],[-3.573247,57.483117],[-3.573216,57.483013],[-3.573118,57.482926],[-3.572953,57.482856],[-3.57272,57.482802],[-3.57242,57.482764],[-3.572165,57.482725],[-3.571954,57.482682],[-3.571789,57.482638],[-3.571668,57.48259],[-3.571602,57.482541],[-3.57159,57.482488],[-3.571633,57.482434],[-3.571732,57.482376],[-3.571875,57.482335],[-3.572064,57.482309],[-3.572299,57.482298],[-3.572579,57.482304],[-3.572823,57.482327],[-3.573029,57.48237],[-3.573199,57.482432],[-3.573332,57.482512],[-3.57346,57.482554],[-3.573581,57.482559],[-3.573695,57.482525],[-3.573804,57.482454],[-3.573893,57.48242],[-3.573961,57.482421],[-3.574009,57.482459],[-3.574036,57.482533],[-3.574144,57.482578],[-3.574334,57.482595],[-3.574604,57.482583],[-3.574954,57.482542],[-3.575239,57.482468],[-3.575457,57.48236],[-3.575609,57.482218],[-3.575695,57.482042],[-3.575783,57.481892],[-3.575872,57.481768],[-3.575962,57.481669],[-3.576054,57.481595],[-3.576114,57.481516],[-3.576143,57.481432],[-3.576139,57.481343],[-3.576104,57.481248],[-3.576117,57.481111],[-3.576178,57.480932],[-3.576286,57.48071],[-3.576443,57.480446],[-3.576536,57.480242],[-3.576566,57.480097],[-3.576533,57.480013],[-3.576436,57.479989],[-3.576367,57.479946],[-3.576324,57.479884],[-3.576308,57.479804],[-3.576319,57.479704],[-3.576301,57.479609],[-3.576255,57.479517],[-3.576181,57.47943],[-3.576079,57.479347],[-3.575973,57.47931],[-3.575865,57.479319],[-3.575755,57.479374],[-3.575641,57.479475],[-3.575518,57.479528],[-3.575384,57.479531],[-3.575239,57.479485],[-3.575085,57.47939],[-3.574952,57.479305],[-3.574841,57.479231],[-3.574752,57.479168],[-3.574685,57.479115],[-3.574658,57.479059],[-3.574672,57.479],[-3.574726,57.478938],[-3.574821,57.478872],[-3.57488,57.478795],[-3.574902,57.478705],[-3.574888,57.478603],[-3.574838,57.478488],[-3.574743,57.478442],[-3.574604,57.478465],[-3.574422,57.478557],[-3.574195,57.478717],[-3.573946,57.478802],[-3.573675,57.478811],[-3.573382,57.478744],[-3.573067,57.478601],[-3.57278,57.478488],[-3.572522,57.478403],[-3.572293,57.478348],[-3.572092,57.478322],[-3.571931,57.478284],[-3.571809,57.478235],[-3.571727,57.478174],[-3.571684,57.478101],[-3.57157,57.478035],[-3.571385,57.477975],[-3.571129,57.477922],[-3.570801,57.477874],[-3.570553,57.477821],[-3.570384,57.477762],[-3.570294,57.477696],[-3.570283,57.477625],[-3.570217,57.477542],[-3.570094,57.477448],[-3.569916,57.477342],[-3.569682,57.477226],[-3.569535,57.477109],[-3.569477,57.476994],[-3.569505,57.476878],[-3.569622,57.476764],[-3.569725,57.476666],[-3.569813,57.476584],[-3.569889,57.476518],[-3.56995,57.476469],[-3.570023,57.476468],[-3.570108,57.476515],[-3.570205,57.476609],[-3.570313,57.476752],[-3.570422,57.476836],[-3.570531,57.476861],[-3.570639,57.476827],[-3.570748,57.476735],[-3.570934,57.476695],[-3.571198,57.476708],[-3.571538,57.476775],[-3.571956,57.476894],[-3.572288,57.477001],[-3.572535,57.477098],[-3.572695,57.477182],[-3.57277,57.477256],[-3.57287,57.477315],[-3.572994,57.47736],[-3.573142,57.47739],[-3.573315,57.477407],[-3.573519,57.477457],[-3.573753,57.477542],[-3.574018,57.477661],[-3.574313,57.477814],[-3.574563,57.477942],[-3.574768,57.478044],[-3.574928,57.478122],[-3.575043,57.478174],[-3.575163,57.47823],[-3.575289,57.47829],[-3.57542,57.478353],[-3.575556,57.47842],[-3.575669,57.478505],[-3.575758,57.478606],[-3.575824,57.478726],[-3.575867,57.478862],[-3.575943,57.478966],[-3.576054,57.479038],[-3.576198,57.479078],[-3.576375,57.479085],[-3.576558,57.479068],[-3.576745,57.479028],[-3.576938,57.478963],[-3.577136,57.478874],[-3.577302,57.47878],[-3.577436,57.47868],[-3.577538,57.478576],[-3.577608,57.478466],[-3.577615,57.478375],[-3.577557,57.478305],[-3.577434,57.478253],[-3.577247,57.478221],[-3.57709,57.478182],[-3.576961,57.478135],[-3.576862,57.478082],[-3.576791,57.478021],[-3.57673,57.477947],[-3.576678,57.47786],[-3.576635,57.477761],[-3.576602,57.477649],[-3.576534,57.477562],[-3.576431,57.4775],[-3.576294,57.477463],[-3.576123,57.477451],[-3.576006,57.477427],[-3.575945,57.47739],[-3.575939,57.477342],[-3.575988,57.477281],[-3.576065,57.477217],[-3.576171,57.477148],[-3.576305,57.477075],[-3.576468,57.476999],[-3.576599,57.476929],[-3.576699,57.476868],[-3.576769,57.476814],[-3.576807,57.476767],[-3.57686,57.476683],[-3.576926,57.476563],[-3.577007,57.476406],[-3.577102,57.476213],[-3.577198,57.476026],[-3.577295,57.475848],[-3.577392,57.475676],[-3.57749,57.475512],[-3.577528,57.475367],[-3.577505,57.475241],[-3.577422,57.475135],[-3.577278,57.475047],[-3.57722,57.474943],[-3.577247,57.474823],[-3.577359,57.474686],[-3.577557,57.474533],[-3.577743,57.47434],[-3.577919,57.474106],[-3.578083,57.473831],[-3.578237,57.473516],[-3.578318,57.473268],[-3.578326,57.473088],[-3.578262,57.472975],[-3.578126,57.472929],[-3.578042,57.472891],[-3.578011,57.47286],[-3.578032,57.472836],[-3.578106,57.47282],[-3.578154,57.472785],[-3.578178,57.472731],[-3.578177,57.472659],[-3.578151,57.472567],[-3.578152,57.47249],[-3.578181,57.472428],[-3.578236,57.472379],[-3.578319,57.472345],[-3.57837,57.472295],[-3.578389,57.472229],[-3.578377,57.472147],[-3.578332,57.472049],[-3.578265,57.471943],[-3.578176,57.471831],[-3.578064,57.471711],[-3.577929,57.471584],[-3.577748,57.471487],[-3.577521,57.471421],[-3.577247,57.471386],[-3.576927,57.47138],[-3.576613,57.471406],[-3.576305,57.471464],[-3.576002,57.471553],[-3.575705,57.471674],[-3.575469,57.471741],[-3.575295,57.471755],[-3.575183,57.471715],[-3.575133,57.471622],[-3.575164,57.471534],[-3.575277,57.471452],[-3.575471,57.471375],[-3.575746,57.471304],[-3.575961,57.471235],[-3.576115,57.471167],[-3.576208,57.471102],[-3.57624,57.471039],[-3.57634,57.470992],[-3.576508,57.470962],[-3.576743,57.470948],[-3.577047,57.470951],[-3.577336,57.470965],[-3.577611,57.47099],[-3.577873,57.471026],[-3.578121,57.471073],[-3.578321,57.471119],[-3.578474,57.471165],[-3.578578,57.471211],[-3.578635,57.471257],[-3.57871,57.471263],[-3.578805,57.471229],[-3.57892,57.471157],[-3.579053,57.471044],[-3.579052,57.470945],[-3.578916,57.470859],[-3.578647,57.470785],[-3.578242,57.470725],[-3.577919,57.470661],[-3.577675,57.470594],[-3.577512,57.470525],[-3.57743,57.470452],[-3.577383,57.470385],[-3.577373,57.470324],[-3.577398,57.470269],[-3.577459,57.47022],[-3.577365,57.470169],[-3.577114,57.470116],[-3.576708,57.470061],[-3.576147,57.470004],[-3.575646,57.469974],[-3.575208,57.46997],[-3.574831,57.469993],[-3.574515,57.470043],[-3.574233,57.470081],[-3.573984,57.470106],[-3.573769,57.47012],[-3.573587,57.470122],[-3.573425,57.470114],[-3.573283,57.470097],[-3.573162,57.47007],[-3.573061,57.470033],[-3.572913,57.470015],[-3.572719,57.470016],[-3.572478,57.470036],[-3.57219,57.470074],[-3.571954,57.470088],[-3.571771,57.470077],[-3.571641,57.470042],[-3.571563,57.469981],[-3.571568,57.46992],[-3.571656,57.469857],[-3.571827,57.469794],[-3.572082,57.469729],[-3.572363,57.469673],[-3.572671,57.469626],[-3.573007,57.469588],[-3.57337,57.469559],[-3.573701,57.46954],[-3.573999,57.46953],[-3.574266,57.46953],[-3.5745,57.46954],[-3.574676,57.469537],[-3.574793,57.46952],[-3.574851,57.469491],[-3.574851,57.469448],[-3.5748,57.469389],[-3.574696,57.469315],[-3.574542,57.469224],[-3.574335,57.469117],[-3.574166,57.469037],[-3.574035,57.468985],[-3.573942,57.468959],[-3.573887,57.46896],[-3.573822,57.46897],[-3.573745,57.468989],[-3.573658,57.469016],[-3.57356,57.469052],[-3.573476,57.469067],[-3.573406,57.469062],[-3.573351,57.469035],[-3.573309,57.468988],[-3.573291,57.468927],[-3.573295,57.468852],[-3.573321,57.468763],[-3.57337,57.468659],[-3.573447,57.468576],[-3.57355,57.468511],[-3.57368,57.468467],[-3.573838,57.468442],[-3.573973,57.468409],[-3.574085,57.468367],[-3.574174,57.468317],[-3.574239,57.468259],[-3.574259,57.468206],[-3.574233,57.468157],[-3.574162,57.468114],[-3.574044,57.468075],[-3.573957,57.468032],[-3.5739,57.467987],[-3.573874,57.467938],[-3.573879,57.467887],[-3.57395,57.46786],[-3.574089,57.467858],[-3.574294,57.467882],[-3.574567,57.467931],[-3.574806,57.46797],[-3.575012,57.468],[-3.575184,57.46802],[-3.575324,57.468032],[-3.575406,57.468022],[-3.57543,57.467992],[-3.575397,57.467941],[-3.575307,57.467869],[-3.575246,57.467791],[-3.575215,57.467706],[-3.575213,57.467616],[-3.575241,57.467519],[-3.575263,57.467439],[-3.575279,57.467375],[-3.575289,57.467328],[-3.575294,57.467297],[-3.575366,57.467273],[-3.575506,57.467254],[-3.575714,57.467241],[-3.57599,57.467234],[-3.576215,57.467204],[-3.57639,57.467152],[-3.576516,57.467077],[-3.576591,57.466979],[-3.576708,57.46691],[-3.576868,57.46687],[-3.577071,57.466859],[-3.577316,57.466876],[-3.577548,57.466876],[-3.577768,57.466857],[-3.577975,57.466821],[-3.578169,57.466766],[-3.578347,57.466709],[-3.578508,57.46665],[-3.578652,57.466588],[-3.578779,57.466524],[-3.578879,57.46645],[-3.578951,57.466368],[-3.578997,57.466277],[-3.579016,57.466176],[-3.579006,57.466093],[-3.57897,57.466026],[-3.578906,57.465976],[-3.578814,57.465943],[-3.578722,57.465916],[-3.578631,57.465896],[-3.578541,57.465882],[-3.57845,57.465874],[-3.578355,57.465854],[-3.578256,57.465821],[-3.578152,57.465777],[-3.578043,57.46572],[-3.577941,57.465686],[-3.577847,57.465677],[-3.577759,57.465691],[-3.577677,57.46573],[-3.577622,57.465741],[-3.577592,57.465725],[-3.577588,57.465681],[-3.577609,57.465611],[-3.57766,57.465553],[-3.577738,57.465509],[-3.577846,57.465477],[-3.577982,57.465459],[-3.578088,57.465434],[-3.578164,57.465403],[-3.57821,57.465365],[-3.578225,57.46532],[-3.578239,57.465277],[-3.578251,57.465235],[-3.578262,57.465195],[-3.578271,57.465155],[-3.578347,57.465112],[-3.578488,57.465065],[-3.578696,57.465015],[-3.57897,57.464961],[-3.579201,57.46487],[-3.579387,57.464741],[-3.579531,57.464576],[-3.57963,57.464373],[-3.579672,57.464213],[-3.579656,57.464095],[-3.579583,57.464019],[-3.579451,57.463986],[-3.579307,57.463983],[-3.57915,57.46401],[-3.57898,57.464067],[-3.578798,57.464154],[-3.578617,57.464212],[-3.578437,57.464242],[-3.578258,57.464242],[-3.578081,57.464213],[-3.577912,57.464198],[-3.577752,57.464195],[-3.577601,57.464206],[-3.577459,57.464229],[-3.57734,57.464213],[-3.577244,57.464159],[-3.577172,57.464066],[-3.577123,57.463935],[-3.577146,57.46383],[-3.57724,57.463752],[-3.577406,57.4637],[-3.577643,57.463676],[-3.577823,57.463632],[-3.577947,57.46357],[-3.578015,57.46349],[-3.578026,57.46339],[-3.578032,57.463299],[-3.578032,57.463215],[-3.578028,57.46314],[-3.578019,57.463072],[-3.578076,57.463022],[-3.578198,57.462988],[-3.578387,57.46297],[-3.578641,57.462969],[-3.578894,57.462978],[-3.579148,57.462997],[-3.579401,57.463025],[-3.579653,57.463063],[-3.579836,57.463058],[-3.579949,57.46301],[-3.579993,57.462919],[-3.579967,57.462785],[-3.579893,57.462672],[-3.579772,57.46258],[-3.579602,57.462509],[-3.579385,57.462458],[-3.579164,57.462424],[-3.578938,57.462404],[-3.578708,57.462401],[-3.578474,57.462412],[-3.578275,57.462407],[-3.578112,57.462385],[-3.577985,57.462347],[-3.577893,57.462293],[-3.577938,57.462237],[-3.578119,57.46218],[-3.578437,57.462121],[-3.578892,57.462061],[-3.579245,57.46199],[-3.579497,57.461908],[-3.579648,57.461816],[-3.579697,57.461712],[-3.579699,57.461623],[-3.579656,57.461549],[-3.579566,57.461489],[-3.57943,57.461443],[-3.579379,57.461409],[-3.579415,57.461386],[-3.579535,57.461374],[-3.579742,57.461374],[-3.579944,57.461377],[-3.58014,57.461382],[-3.580332,57.46139],[-3.580519,57.461401],[-3.580726,57.461355],[-3.580954,57.461252],[-3.581203,57.461092],[-3.581473,57.460876],[-3.581686,57.460722],[-3.581842,57.460629],[-3.581942,57.460597],[-3.581984,57.460627],[-3.582057,57.46064],[-3.582158,57.460635],[-3.58229,57.460614],[-3.58245,57.460576],[-3.582555,57.460585],[-3.582603,57.460639],[-3.582595,57.460741],[-3.582531,57.460888],[-3.582591,57.460992],[-3.582776,57.461052],[-3.583086,57.461068],[-3.583521,57.46104],[-3.583881,57.460998],[-3.584166,57.460943],[-3.584377,57.460874],[-3.584513,57.460792],[-3.584626,57.460716],[-3.584716,57.460647],[-3.584782,57.460584],[-3.584825,57.460529],[-3.58485,57.460466],[-3.584856,57.460397],[-3.584844,57.460321],[-3.584813,57.460239],[-3.584832,57.460135],[-3.5849,57.460008],[-3.585018,57.459859],[-3.585185,57.459688],[-3.585356,57.459528],[-3.585531,57.459379],[-3.585711,57.459242],[-3.585895,57.459116],[-3.586057,57.459012],[-3.586197,57.458929],[-3.586315,57.458867],[-3.586411,57.458827],[-3.586505,57.458802],[-3.586596,57.45879],[-3.586685,57.458793],[-3.58677,57.458809],[-3.586858,57.458815],[-3.586947,57.45881],[-3.587039,57.458794],[-3.587132,57.458768],[-3.587192,57.458703],[-3.587217,57.4586],[-3.587208,57.458458],[-3.587166,57.458279],[-3.587045,57.458125],[-3.586846,57.457996],[-3.586569,57.457892],[-3.586214,57.457814],[-3.585942,57.457733],[-3.585752,57.45765],[-3.585645,57.457565],[-3.585621,57.457478],[-3.585587,57.457377],[-3.585544,57.457261],[-3.585492,57.457132],[-3.585431,57.456989],[-3.585282,57.456859],[-3.585044,57.456743],[-3.584718,57.45664],[-3.584303,57.456551],[-3.584008,57.456474],[-3.583834,57.456411],[-3.58378,57.456361],[-3.583846,57.456324],[-3.583886,57.456273],[-3.583902,57.456208],[-3.583892,57.456127],[-3.583857,57.456033],[-3.583885,57.455964],[-3.583976,57.45592],[-3.58413,57.455902],[-3.584347,57.455909],[-3.584528,57.455926],[-3.584673,57.455951],[-3.584781,57.455986],[-3.584853,57.45603],[-3.584953,57.456048],[-3.585082,57.456041],[-3.585238,57.456009],[-3.585424,57.455951],[-3.585548,57.455864],[-3.585612,57.455746],[-3.585615,57.455598],[-3.585557,57.45542],[-3.585537,57.455277],[-3.585556,57.455168],[-3.585614,57.455094],[-3.585711,57.455054],[-3.585754,57.455005],[-3.585744,57.454946],[-3.585681,57.454878],[-3.585565,57.4548],[-3.58554,57.454744],[-3.585606,57.454709],[-3.585765,57.454696],[-3.586014,57.454704],[-3.58621,57.454697],[-3.586352,57.454673],[-3.586441,57.454634],[-3.586476,57.454579],[-3.586485,57.454529],[-3.586469,57.454484],[-3.586426,57.454443],[-3.586357,57.454408],[-3.586314,57.454351],[-3.586297,57.454274],[-3.586307,57.454176],[-3.586342,57.454057],[-3.586288,57.453937],[-3.586144,57.453818],[-3.585911,57.453698],[-3.585588,57.453577],[-3.58529,57.453496],[-3.585016,57.453454],[-3.584766,57.453451],[-3.584541,57.453487],[-3.584383,57.453531],[-3.584291,57.453584],[-3.584266,57.453644],[-3.584307,57.453712],[-3.584311,57.453782],[-3.584278,57.453854],[-3.584208,57.453928],[-3.584101,57.454003],[-3.583961,57.454066],[-3.583789,57.454116],[-3.583584,57.454153],[-3.583347,57.454177],[-3.583157,57.454189],[-3.583013,57.454187],[-3.582916,57.454171],[-3.582865,57.454142],[-3.582864,57.454108],[-3.582913,57.454069],[-3.583012,57.454024],[-3.583161,57.453975],[-3.583294,57.453937],[-3.583412,57.453912],[-3.583514,57.453899],[-3.583601,57.453899],[-3.583674,57.453887],[-3.583733,57.453864],[-3.583778,57.453829],[-3.583809,57.453783],[-3.583818,57.45374],[-3.583807,57.453698],[-3.583775,57.453659],[-3.583721,57.453622],[-3.583651,57.453583],[-3.583565,57.453543],[-3.583462,57.453501],[-3.583342,57.453458],[-3.583266,57.453419],[-3.583233,57.453384],[-3.583244,57.453353],[-3.583297,57.453326],[-3.583383,57.453304],[-3.5835,57.453288],[-3.583649,57.453276],[-3.583829,57.453271],[-3.583993,57.453262],[-3.58414,57.453251],[-3.58427,57.453238],[-3.584383,57.453222],[-3.584449,57.453197],[-3.584469,57.453162],[-3.584441,57.453119],[-3.584366,57.453067],[-3.584272,57.453018],[-3.58416,57.452972],[-3.584028,57.452929],[-3.583879,57.452889],[-3.583731,57.452857],[-3.583587,57.452831],[-3.583445,57.452813],[-3.583306,57.452801],[-3.583183,57.452787],[-3.583078,57.452771],[-3.582989,57.452751],[-3.582917,57.452728],[-3.582832,57.452697],[-3.582733,57.452656],[-3.582621,57.452605],[-3.582496,57.452546],[-3.582352,57.452491],[-3.582191,57.452442],[-3.582011,57.452397],[-3.581814,57.452358],[-3.581605,57.452336],[-3.581385,57.452331],[-3.581153,57.452343],[-3.58091,57.452373],[-3.580669,57.452384],[-3.580432,57.452376],[-3.580198,57.45235],[-3.579967,57.452306],[-3.579781,57.452248],[-3.579639,57.452178],[-3.579543,57.452094],[-3.579491,57.451996],[-3.579364,57.451922],[-3.579162,57.45187],[-3.578885,57.451841],[-3.578533,57.451835],[-3.578263,57.45182],[-3.578076,57.451797],[-3.577971,57.451765],[-3.577948,57.451725],[-3.577907,57.451701],[-3.577849,57.451695],[-3.577773,57.451705],[-3.57768,57.451731],[-3.577594,57.451735],[-3.577515,57.451715],[-3.577444,57.451672],[-3.57738,57.451607],[-3.577299,57.45155],[-3.577202,57.451502],[-3.577088,57.451464],[-3.576958,57.451434],[-3.57673,57.451436],[-3.576404,57.451467],[-3.57598,57.451529],[-3.575458,57.451622],[-3.575075,57.45168],[-3.574829,57.451703],[-3.574722,57.451692],[-3.574752,57.451646],[-3.574829,57.451601],[-3.574951,57.451556],[-3.57512,57.451512],[-3.575334,57.451468],[-3.575553,57.451416],[-3.575776,57.451354],[-3.576004,57.451283],[-3.576237,57.451204],[-3.576333,57.451142],[-3.576294,57.451099],[-3.576118,57.451075],[-3.575806,57.451069],[-3.575497,57.451062],[-3.575193,57.451056],[-3.574892,57.451048],[-3.574595,57.451041],[-3.574496,57.451008],[-3.574594,57.450951],[-3.574889,57.450869],[-3.575382,57.450762],[-3.575757,57.450664],[-3.576013,57.450573],[-3.576151,57.45049],[-3.576171,57.450416],[-3.57621,57.450358],[-3.576266,57.450318],[-3.576341,57.450295],[-3.576435,57.45029],[-3.576477,57.45024],[-3.57647,57.450144],[-3.576412,57.450004],[-3.576304,57.449819],[-3.576167,57.44967],[-3.576003,57.449559],[-3.57581,57.449485],[-3.57559,57.449448],[-3.575369,57.449387],[-3.575146,57.449301],[-3.574923,57.44919],[-3.574698,57.449056],[-3.574529,57.448928],[-3.574417,57.448807],[-3.574361,57.448693],[-3.574361,57.448586],[-3.574452,57.448527],[-3.574634,57.448514],[-3.574907,57.448549],[-3.575271,57.448631],[-3.575581,57.448696],[-3.575838,57.448744],[-3.57604,57.448775],[-3.576188,57.44879],[-3.576326,57.448833],[-3.576452,57.448906],[-3.576567,57.449007],[-3.576671,57.449137],[-3.576753,57.449262],[-3.576813,57.449382],[-3.576852,57.449497],[-3.576868,57.449606],[-3.576944,57.44973],[-3.577078,57.449867],[-3.577272,57.450019],[-3.577524,57.450185],[-3.577757,57.450304],[-3.57797,57.450376],[-3.578164,57.450401],[-3.578339,57.450379],[-3.578478,57.450386],[-3.578583,57.450422],[-3.578653,57.450487],[-3.578688,57.450582],[-3.578706,57.450684],[-3.578707,57.450793],[-3.57869,57.450909],[-3.578656,57.451032],[-3.578677,57.451141],[-3.578752,57.451235],[-3.578881,57.451316],[-3.579064,57.451383],[-3.579233,57.451447],[-3.579388,57.45151],[-3.579528,57.451572],[-3.579653,57.451631],[-3.579747,57.451649],[-3.57981,57.451626],[-3.579842,57.45156],[-3.579842,57.451454],[-3.579877,57.451367],[-3.579947,57.451299],[-3.580053,57.451252],[-3.580194,57.451225],[-3.580321,57.451235],[-3.580434,57.451283],[-3.580533,57.451369],[-3.580619,57.451493],[-3.580728,57.451594],[-3.580861,57.451675],[-3.581018,57.451733],[-3.581199,57.45177],[-3.581425,57.451786],[-3.581698,57.451781],[-3.582016,57.451756],[-3.58238,57.451709],[-3.582702,57.451683],[-3.582982,57.451678],[-3.58322,57.451693],[-3.583416,57.451728],[-3.583622,57.45179],[-3.583837,57.451879],[-3.584063,57.451994],[-3.584299,57.452136],[-3.584523,57.452237],[-3.584735,57.452296],[-3.584936,57.452314],[-3.585126,57.45229],[-3.585265,57.45228],[-3.585354,57.452283],[-3.585392,57.452301],[-3.58538,57.452332],[-3.585345,57.45237],[-3.585286,57.452414],[-3.585203,57.452465],[-3.585098,57.452523],[-3.58503,57.452588],[-3.585001,57.45266],[-3.58501,57.452738],[-3.585058,57.452822],[-3.585117,57.452863],[-3.585187,57.45286],[-3.585269,57.452813],[-3.585362,57.452722],[-3.585477,57.452662],[-3.585613,57.452633],[-3.585771,57.452635],[-3.58595,57.452668],[-3.586095,57.452706],[-3.586207,57.45275],[-3.586285,57.4528],[-3.586329,57.452855],[-3.586378,57.452869],[-3.586432,57.452842],[-3.58649,57.452774],[-3.586553,57.452665],[-3.586588,57.45254],[-3.586595,57.452398],[-3.586574,57.45224],[-3.586525,57.452065],[-3.586502,57.451897],[-3.586505,57.451734],[-3.586535,57.451577],[-3.58659,57.451426],[-3.586646,57.4513],[-3.586704,57.451197],[-3.586762,57.45112],[-3.586822,57.451067],[-3.586937,57.451024],[-3.587108,57.450991],[-3.587334,57.450969],[-3.587615,57.450956],[-3.587802,57.450934],[-3.587893,57.450901],[-3.587889,57.450858],[-3.587789,57.450804],[-3.587709,57.450737],[-3.587648,57.450658],[-3.587606,57.450566],[-3.587583,57.450462],[-3.587524,57.450405],[-3.587429,57.450396],[-3.587298,57.450434],[-3.587131,57.450519],[-3.586937,57.450557],[-3.586714,57.450546],[-3.586464,57.450486],[-3.586185,57.450378],[-3.585998,57.45028],[-3.585902,57.450192],[-3.585896,57.450114],[-3.585982,57.450045],[-3.586073,57.449981],[-3.586171,57.449922],[-3.586274,57.449867],[-3.586382,57.449817],[-3.586486,57.449759],[-3.586584,57.449691],[-3.586676,57.449614],[-3.586764,57.449528],[-3.586878,57.449444],[-3.587018,57.449363],[-3.587186,57.449285],[-3.58738,57.449209],[-3.587496,57.449118],[-3.587532,57.449012],[-3.587489,57.44889],[-3.587366,57.448754],[-3.587267,57.448624],[-3.587189,57.448502],[-3.587135,57.448387],[-3.587103,57.448279],[-3.587088,57.448186],[-3.587091,57.448109],[-3.587112,57.448047],[-3.58715,57.448],[-3.5872,57.447952],[-3.587261,57.447903],[-3.587334,57.447853],[-3.587418,57.447802],[-3.587494,57.447742],[-3.58756,57.447676],[-3.587618,57.447601],[-3.587667,57.447519],[-3.587733,57.447552],[-3.587816,57.447699],[-3.587915,57.447962],[-3.588031,57.448338],[-3.588121,57.448683],[-3.588185,57.448994],[-3.588223,57.449274],[-3.588235,57.44952],[-3.588225,57.449729],[-3.588192,57.449899],[-3.588138,57.45003],[-3.588061,57.450124],[-3.588044,57.450222],[-3.588086,57.450324],[-3.588187,57.450431],[-3.588348,57.450543],[-3.588491,57.450638],[-3.588615,57.450717],[-3.588722,57.45078],[-3.588811,57.450826],[-3.588923,57.450915],[-3.589059,57.451046],[-3.589219,57.451219],[-3.589402,57.451435],[-3.589605,57.451639],[-3.589827,57.451829],[-3.590067,57.452007],[-3.590327,57.452173],[-3.590531,57.452302],[-3.590677,57.452396],[-3.590766,57.452454],[-3.590798,57.452476],[-3.590837,57.452512],[-3.590883,57.452561],[-3.590935,57.452622],[-3.590995,57.452697],[-3.591048,57.452774],[-3.591095,57.452853],[-3.591136,57.452933],[-3.59117,57.453015],[-3.591175,57.453099],[-3.591149,57.453185],[-3.591093,57.453273],[-3.591008,57.453363],[-3.590926,57.45348],[-3.590849,57.453625],[-3.590775,57.453797],[-3.590706,57.453997],[-3.590611,57.454152],[-3.590489,57.454263],[-3.590341,57.45433],[-3.590167,57.454352],[-3.590029,57.454351],[-3.589929,57.454327],[-3.589866,57.454281],[-3.58984,57.454211],[-3.589778,57.45416],[-3.589679,57.45413],[-3.589544,57.45412],[-3.589373,57.454129],[-3.589235,57.454147],[-3.58913,57.454175],[-3.589058,57.454213],[-3.58902,57.454259],[-3.588936,57.454292],[-3.588808,57.454309],[-3.588634,57.454312],[-3.588415,57.454301],[-3.588219,57.454302],[-3.588045,57.454316],[-3.587894,57.454342],[-3.587766,57.454381],[-3.58767,57.45444],[-3.587608,57.454519],[-3.58758,57.454618],[-3.587584,57.454738],[-3.58755,57.454845],[-3.587478,57.45494],[-3.587368,57.455023],[-3.58722,57.455094],[-3.587142,57.455163],[-3.587135,57.45523],[-3.587199,57.455295],[-3.587333,57.455358],[-3.587491,57.455429],[-3.587671,57.455509],[-3.587875,57.455596],[-3.588101,57.455693],[-3.588293,57.455755],[-3.588451,57.455783],[-3.588574,57.455778],[-3.588663,57.455739],[-3.588777,57.455699],[-3.588917,57.455659],[-3.589083,57.455618],[-3.589274,57.455577],[-3.5894,57.455514],[-3.58946,57.455429],[-3.589454,57.455321],[-3.589382,57.455192],[-3.589361,57.455083],[-3.589392,57.454994],[-3.589474,57.454926],[-3.589607,57.454878],[-3.589728,57.454825],[-3.589838,57.454766],[-3.589935,57.454703],[-3.590021,57.454634],[-3.590113,57.454575],[-3.59021,57.454527],[-3.590313,57.454488],[-3.590421,57.45446],[-3.590507,57.45445],[-3.59057,57.454459],[-3.59061,57.454485],[-3.590626,57.454531],[-3.590673,57.454561],[-3.590751,57.454577],[-3.590858,57.454577],[-3.590996,57.454563],[-3.591098,57.454561],[-3.591166,57.454571],[-3.591198,57.454593],[-3.591195,57.454628],[-3.591125,57.454691],[-3.590989,57.454785],[-3.590786,57.454907],[-3.590517,57.455059],[-3.590345,57.455288],[-3.590271,57.455592],[-3.590296,57.455973],[-3.590418,57.456431],[-3.590568,57.456776],[-3.590746,57.45701],[-3.590952,57.457132],[-3.591186,57.457141],[-3.591375,57.457131],[-3.591519,57.457102],[-3.591618,57.457052],[-3.591671,57.456982],[-3.59172,57.456887],[-3.591763,57.456767],[-3.5918,57.456623],[-3.591832,57.456453],[-3.591895,57.456295],[-3.591989,57.456151],[-3.592113,57.45602],[-3.592267,57.455901],[-3.592416,57.455814],[-3.592558,57.455759],[-3.592695,57.455735],[-3.592825,57.455743],[-3.592886,57.45579],[-3.592878,57.455876],[-3.592802,57.456001],[-3.592656,57.456166],[-3.592535,57.456305],[-3.592437,57.456417],[-3.592364,57.456504],[-3.592315,57.456565],[-3.592294,57.45662],[-3.592301,57.456671],[-3.592336,57.456717],[-3.592399,57.456757],[-3.592389,57.456821],[-3.592306,57.456909],[-3.59215,57.45702],[-3.591922,57.457155],[-3.591736,57.457263],[-3.591591,57.457344],[-3.591488,57.457399],[-3.591427,57.457426],[-3.591416,57.457455],[-3.591455,57.457485],[-3.591544,57.457517],[-3.591683,57.457549],[-3.591794,57.457601],[-3.591876,57.457671],[-3.591929,57.457761],[-3.591953,57.45787],[-3.591896,57.457977],[-3.591756,57.458083],[-3.591535,57.458189],[-3.591232,57.458293],[-3.590975,57.458424],[-3.590764,57.458583],[-3.590598,57.458769],[-3.590479,57.458982],[-3.59037,57.459166],[-3.590273,57.459322],[-3.590187,57.459448],[-3.590112,57.459546],[-3.590074,57.459642],[-3.590073,57.459736],[-3.590109,57.459828],[-3.590182,57.459919],[-3.590246,57.46001],[-3.590299,57.4601],[-3.590343,57.460191],[-3.590377,57.460281],[-3.590423,57.460364],[-3.590483,57.460439],[-3.590556,57.460506],[-3.590641,57.460566],[-3.590709,57.460619],[-3.590757,57.460665],[-3.590788,57.460704],[-3.5908,57.460737]],[[-3.786145,57.352039],[-3.786026,57.351943],[-3.785937,57.351884],[-3.785879,57.351862],[-3.785852,57.351877],[-3.785784,57.351865],[-3.785675,57.351825],[-3.785527,57.351759],[-3.785337,57.351666],[-3.785144,57.35155],[-3.784949,57.35141],[-3.784749,57.351247],[-3.784547,57.35106],[-3.784385,57.350892],[-3.784263,57.350745],[-3.784182,57.350616],[-3.784141,57.350508],[-3.784087,57.3504],[-3.78402,57.350294],[-3.783939,57.35019],[-3.783845,57.350087],[-3.783742,57.349988],[-3.783629,57.349892],[-3.783506,57.349801],[-3.783374,57.349714],[-3.783267,57.349611],[-3.783183,57.349492],[-3.783124,57.349357],[-3.78309,57.349206],[-3.78302,57.349102],[-3.782916,57.349044],[-3.782777,57.349034],[-3.782603,57.34907],[-3.782452,57.349086],[-3.782323,57.349081],[-3.782218,57.349057],[-3.782135,57.349012],[-3.782116,57.348971],[-3.782163,57.348933],[-3.782274,57.348899],[-3.78245,57.348869],[-3.782582,57.348837],[-3.782669,57.348804],[-3.782711,57.34877],[-3.782709,57.348734],[-3.782725,57.348704],[-3.78276,57.34868],[-3.782814,57.348661],[-3.782886,57.348647],[-3.783002,57.348671],[-3.783163,57.348731],[-3.783368,57.348828],[-3.783617,57.348963],[-3.78384,57.349058],[-3.784038,57.349115],[-3.78421,57.349132],[-3.784356,57.349111],[-3.784488,57.349066],[-3.784606,57.348997],[-3.784709,57.348904],[-3.784798,57.348787],[-3.784878,57.348679],[-3.784951,57.348579],[-3.785016,57.348488],[-3.785073,57.348404],[-3.785287,57.348306],[-3.785658,57.348192],[-3.786187,57.348064],[-3.786872,57.34792],[-3.787426,57.347802],[-3.787849,57.347709],[-3.788141,57.347643],[-3.788303,57.347602],[-3.788435,57.347551],[-3.788539,57.347489],[-3.788614,57.347417],[-3.78866,57.347335],[-3.788737,57.347274],[-3.788843,57.347233],[-3.788978,57.347212],[-3.789144,57.347213],[-3.789289,57.347211],[-3.789415,57.347206],[-3.78952,57.3472],[-3.789605,57.347191],[-3.789751,57.347155],[-3.789959,57.347091],[-3.790228,57.347],[-3.790559,57.346882],[-3.790863,57.346766],[-3.791141,57.346654],[-3.791392,57.346544],[-3.791617,57.346437],[-3.791851,57.346333],[-3.792095,57.346233],[-3.792348,57.346136],[-3.792611,57.346043],[-3.792863,57.345951],[-3.793105,57.34586],[-3.793336,57.34577],[-3.793556,57.345682],[-3.793739,57.345573],[-3.793884,57.345445],[-3.793991,57.345296],[-3.79406,57.345129],[-3.794203,57.345023],[-3.794418,57.344979],[-3.794706,57.344998],[-3.795067,57.345079],[-3.795392,57.34512],[-3.79568,57.345122],[-3.795931,57.345085],[-3.796145,57.345009],[-3.79633,57.344973],[-3.796486,57.344978],[-3.796613,57.345022],[-3.796711,57.345107],[-3.796889,57.34514],[-3.797147,57.345122],[-3.797485,57.345052],[-3.797902,57.344931],[-3.798199,57.344883],[-3.798374,57.344909],[-3.798428,57.345009],[-3.798361,57.345182],[-3.798277,57.34534],[-3.798176,57.345482],[-3.798057,57.345607],[-3.797922,57.345717],[-3.797844,57.345817],[-3.797823,57.345909],[-3.797859,57.345991],[-3.797953,57.346064],[-3.798097,57.346131],[-3.79829,57.346191],[-3.798534,57.346244],[-3.798827,57.34629],[-3.799,57.34634],[-3.799053,57.346394],[-3.798987,57.346452],[-3.7988,57.346513],[-3.798613,57.346573],[-3.798425,57.346632],[-3.798237,57.346689],[-3.798048,57.346744],[-3.797902,57.346809],[-3.797797,57.346883],[-3.797734,57.346965],[-3.797713,57.347057],[-3.797702,57.347151],[-3.7977,57.34725],[-3.797708,57.347352],[-3.797726,57.347457],[-3.79777,57.347516],[-3.797841,57.347529],[-3.797939,57.347497],[-3.798064,57.347418],[-3.798183,57.347367],[-3.798295,57.347343],[-3.798402,57.347347],[-3.798501,57.347378],[-3.798611,57.34742],[-3.79873,57.347473],[-3.798859,57.347536],[-3.798997,57.347611],[-3.799106,57.347687],[-3.799185,57.347765],[-3.799234,57.347845],[-3.799253,57.347926],[-3.799249,57.348008],[-3.799219,57.348092],[-3.799165,57.348176],[-3.799087,57.348262],[-3.798997,57.348368],[-3.798896,57.348495],[-3.798783,57.348642],[-3.798659,57.34881],[-3.798679,57.348909],[-3.798845,57.348939],[-3.799156,57.3489],[-3.799612,57.348792],[-3.799937,57.348725],[-3.800131,57.348699],[-3.800195,57.348713],[-3.800127,57.348768],[-3.800023,57.348835],[-3.799882,57.348916],[-3.799704,57.349009],[-3.79949,57.349115],[-3.799304,57.349206],[-3.799145,57.349282],[-3.799013,57.349343],[-3.79891,57.34939],[-3.7988,57.349451],[-3.798685,57.349525],[-3.798563,57.349614],[-3.798437,57.349717],[-3.798415,57.349814],[-3.798499,57.349906],[-3.798689,57.349993],[-3.798985,57.350075],[-3.799219,57.350119],[-3.799392,57.350124],[-3.799504,57.350092],[-3.799555,57.350021],[-3.799604,57.349946],[-3.799651,57.349866],[-3.799697,57.349783],[-3.799741,57.349695],[-3.799793,57.349612],[-3.799852,57.349534],[-3.799919,57.349462],[-3.799993,57.349395],[-3.800107,57.349317],[-3.800262,57.349229],[-3.800457,57.349131],[-3.800692,57.349023],[-3.800815,57.348873],[-3.800826,57.348682],[-3.800724,57.348449],[-3.800511,57.348174],[-3.800394,57.347967],[-3.800376,57.34783],[-3.800455,57.34776],[-3.800631,57.347759],[-3.800811,57.347792],[-3.800996,57.347859],[-3.801186,57.34796],[-3.80138,57.348094],[-3.80155,57.348208],[-3.801696,57.348303],[-3.801817,57.348378],[-3.801915,57.348433],[-3.801984,57.348506],[-3.802024,57.348597],[-3.802034,57.348706],[-3.802016,57.348833],[-3.802023,57.348933],[-3.802057,57.349007],[-3.802116,57.349054],[-3.802201,57.349075],[-3.80229,57.349106],[-3.802382,57.349146],[-3.802478,57.349197],[-3.802578,57.349258],[-3.802641,57.349321],[-3.802666,57.349387],[-3.802653,57.349455],[-3.802602,57.349526],[-3.802541,57.349606],[-3.802469,57.349693],[-3.802387,57.34979],[-3.802294,57.349895],[-3.802276,57.349973],[-3.802334,57.350023],[-3.802466,57.350046],[-3.802674,57.350042],[-3.802799,57.350059],[-3.802841,57.350096],[-3.802799,57.350154],[-3.802674,57.350232],[-3.802523,57.350299],[-3.802345,57.350354],[-3.80214,57.350396],[-3.801909,57.350426],[-3.801711,57.350458],[-3.801546,57.35049],[-3.801415,57.350523],[-3.801318,57.350557],[-3.801186,57.35058],[-3.801019,57.350592],[-3.800818,57.350592],[-3.800582,57.350582],[-3.800372,57.350567],[-3.800188,57.350547],[-3.800031,57.350524],[-3.799899,57.350496],[-3.799742,57.350482],[-3.799559,57.35048],[-3.799351,57.350492],[-3.799118,57.350516],[-3.798922,57.350561],[-3.798764,57.350625],[-3.798644,57.350709],[-3.798561,57.350813],[-3.798468,57.350932],[-3.798363,57.351065],[-3.798248,57.351212],[-3.798121,57.351374],[-3.798013,57.351521],[-3.797925,57.351652],[-3.797855,57.351768],[-3.797805,57.351869],[-3.797731,57.351958],[-3.797634,57.352037],[-3.797513,57.352105],[-3.797369,57.352162],[-3.797142,57.352227],[-3.796834,57.352302],[-3.796443,57.352385],[-3.795969,57.352476],[-3.795592,57.352559],[-3.795311,57.352634],[-3.795126,57.352699],[-3.795037,57.352756],[-3.794907,57.352785],[-3.794736,57.352785],[-3.794524,57.352757],[-3.794272,57.3527],[-3.793963,57.352657],[-3.793599,57.352627],[-3.793178,57.352611],[-3.792703,57.352607],[-3.792247,57.352599],[-3.791812,57.352586],[-3.791397,57.352567],[-3.791001,57.352543],[-3.79061,57.35253],[-3.790222,57.352526],[-3.789839,57.352532],[-3.789459,57.352549],[-3.789087,57.352552],[-3.788725,57.352543],[-3.788372,57.352521],[-3.788028,57.352486],[-3.787708,57.352456],[-3.787411,57.35243],[-3.787139,57.35241],[-3.78689,57.352395],[-3.786667,57.35235],[-3.786468,57.352276],[-3.786294,57.352172],[-3.786145,57.352039]],[[-3.776251,57.405832],[-3.776054,57.405734],[-3.775918,57.405639],[-3.775845,57.405547],[-3.775834,57.405458],[-3.775885,57.405372],[-3.775936,57.405288],[-3.775988,57.405205],[-3.77604,57.405124],[-3.776093,57.405044],[-3.776112,57.404967],[-3.776098,57.404892],[-3.77605,57.404821],[-3.775969,57.404752],[-3.775884,57.404711],[-3.775793,57.404699],[-3.775698,57.404714],[-3.775598,57.404757],[-3.775438,57.404775],[-3.775217,57.404769],[-3.774936,57.404738],[-3.774595,57.404681],[-3.774298,57.404628],[-3.774047,57.404577],[-3.773841,57.404529],[-3.77368,57.404483],[-3.773605,57.404418],[-3.773615,57.404334],[-3.77371,57.40423],[-3.77389,57.404107],[-3.774033,57.404002],[-3.774138,57.403915],[-3.774206,57.403846],[-3.774237,57.403795],[-3.774267,57.403732],[-3.774297,57.403656],[-3.774325,57.403567],[-3.774354,57.403466],[-3.774404,57.403372],[-3.774476,57.403284],[-3.77457,57.403203],[-3.774685,57.403128],[-3.774758,57.403056],[-3.774787,57.402988],[-3.774774,57.402922],[-3.774717,57.40286],[-3.774703,57.402801],[-3.774732,57.402746],[-3.774804,57.402695],[-3.774919,57.402647],[-3.774988,57.402595],[-3.775011,57.402539],[-3.774988,57.402479],[-3.77492,57.402415],[-3.774792,57.402375],[-3.774604,57.402361],[-3.774357,57.402371],[-3.77405,57.402407],[-3.773806,57.402421],[-3.773627,57.402415],[-3.773512,57.402388],[-3.773461,57.402339],[-3.773477,57.402295],[-3.773562,57.402255],[-3.773714,57.402219],[-3.773934,57.402187],[-3.774108,57.402146],[-3.774236,57.402097],[-3.774318,57.402039],[-3.774354,57.401973],[-3.774392,57.401909],[-3.774432,57.401847],[-3.774474,57.401786],[-3.774518,57.401728],[-3.774519,57.401667],[-3.774476,57.401603],[-3.774388,57.401537],[-3.774257,57.401467],[-3.774121,57.40143],[-3.773978,57.401426],[-3.77383,57.401454],[-3.773676,57.401515],[-3.773481,57.40157],[-3.773245,57.401618],[-3.772969,57.401661],[-3.772651,57.401697],[-3.772423,57.401716],[-3.772285,57.401715],[-3.772236,57.401697],[-3.772277,57.401659],[-3.772342,57.401621],[-3.772429,57.401582],[-3.77254,57.401543],[-3.772674,57.401502],[-3.772795,57.401444],[-3.772902,57.401371],[-3.772997,57.40128],[-3.773078,57.401174],[-3.773098,57.401087],[-3.773057,57.401022],[-3.772955,57.400977],[-3.772791,57.400952],[-3.772664,57.400925],[-3.772576,57.400894],[-3.772524,57.40086],[-3.77251,57.400823],[-3.772463,57.400786],[-3.772383,57.40075],[-3.77227,57.400714],[-3.772125,57.400679],[-3.77191,57.400656],[-3.771627,57.400644],[-3.771275,57.400644],[-3.770854,57.400655],[-3.770528,57.400656],[-3.770297,57.400644],[-3.770161,57.400621],[-3.770121,57.400587],[-3.770172,57.400557],[-3.770314,57.400532],[-3.770548,57.400511],[-3.770873,57.400494],[-3.771138,57.40048],[-3.771343,57.400467],[-3.771489,57.400456],[-3.771574,57.400447],[-3.771676,57.400436],[-3.771795,57.400424],[-3.771932,57.400409],[-3.772086,57.400393],[-3.772253,57.400363],[-3.772433,57.400319],[-3.772625,57.400261],[-3.77283,57.400188],[-3.772992,57.400106],[-3.773112,57.400013],[-3.773189,57.39991],[-3.773224,57.399796],[-3.773256,57.399699],[-3.773287,57.399618],[-3.773315,57.399554],[-3.773342,57.399507],[-3.773351,57.399446],[-3.773342,57.399373],[-3.773317,57.399286],[-3.773274,57.399187],[-3.773262,57.399099],[-3.77328,57.399022],[-3.773329,57.398958],[-3.773408,57.398905],[-3.773459,57.398841],[-3.773481,57.398768],[-3.773474,57.398684],[-3.773439,57.398589],[-3.773434,57.398506],[-3.773459,57.398433],[-3.773515,57.398372],[-3.773601,57.398321],[-3.773662,57.398274],[-3.773697,57.39823],[-3.773708,57.398189],[-3.773695,57.398152],[-3.773671,57.398119],[-3.773638,57.398089],[-3.773595,57.398064],[-3.773543,57.398043],[-3.773501,57.398015],[-3.773468,57.397979],[-3.773445,57.397937],[-3.773432,57.397888],[-3.773467,57.397858],[-3.773548,57.397846],[-3.773676,57.397853],[-3.773852,57.397879],[-3.774032,57.397855],[-3.774217,57.397781],[-3.774406,57.397656],[-3.7746,57.397481],[-3.774723,57.397316],[-3.774775,57.397162],[-3.774757,57.397018],[-3.774669,57.396885],[-3.774593,57.396768],[-3.774531,57.396669],[-3.774482,57.396587],[-3.774447,57.396523],[-3.774414,57.396467],[-3.774383,57.396422],[-3.774354,57.396385],[-3.774327,57.396358],[-3.774278,57.39634],[-3.774205,57.39633],[-3.774109,57.396328],[-3.77399,57.396334],[-3.773878,57.396334],[-3.773773,57.396328],[-3.773676,57.396314],[-3.773585,57.396294],[-3.773524,57.396268],[-3.773493,57.396237],[-3.773492,57.396201],[-3.773521,57.396159],[-3.773508,57.396119],[-3.773455,57.39608],[-3.773361,57.396042],[-3.773226,57.396006],[-3.773093,57.395976],[-3.772963,57.395953],[-3.772835,57.395936],[-3.772709,57.395925],[-3.772601,57.395905],[-3.772509,57.395874],[-3.772435,57.395834],[-3.772377,57.395783],[-3.772282,57.395741],[-3.772151,57.395707],[-3.771983,57.395682],[-3.771777,57.395665],[-3.771588,57.39565],[-3.771415,57.395637],[-3.771257,57.395626],[-3.771116,57.395617],[-3.770979,57.395579],[-3.770846,57.395511],[-3.770717,57.395414],[-3.770592,57.395287],[-3.770508,57.395182],[-3.770466,57.395099],[-3.770465,57.395037],[-3.770505,57.394997],[-3.77055,57.394966],[-3.770599,57.394943],[-3.770653,57.394928],[-3.770712,57.394922],[-3.77079,57.39495],[-3.770888,57.395013],[-3.771006,57.39511],[-3.771143,57.395241],[-3.771279,57.395314],[-3.771412,57.39533],[-3.771542,57.395288],[-3.77167,57.395188],[-3.771791,57.395105],[-3.771904,57.395038],[-3.772009,57.394988],[-3.772107,57.394953],[-3.772195,57.394941],[-3.772273,57.394951],[-3.772341,57.394982],[-3.7724,57.395036],[-3.772439,57.395084],[-3.772458,57.395128],[-3.772458,57.395168],[-3.772438,57.395203],[-3.772462,57.395266],[-3.77253,57.395359],[-3.772642,57.39548],[-3.772797,57.39563],[-3.77294,57.395738],[-3.773069,57.395803],[-3.773186,57.395826],[-3.773289,57.395806],[-3.773401,57.395814],[-3.773521,57.395848],[-3.773651,57.395911],[-3.77379,57.396],[-3.773928,57.39607],[-3.774065,57.396119],[-3.774202,57.396149],[-3.774338,57.396158],[-3.774455,57.396153],[-3.774552,57.396134],[-3.774631,57.3961],[-3.77469,57.396052],[-3.774769,57.395984],[-3.774868,57.395895],[-3.774987,57.395785],[-3.775126,57.395654],[-3.775204,57.395521],[-3.775223,57.395385],[-3.77518,57.395247],[-3.775078,57.395106],[-3.775004,57.394979],[-3.774959,57.394866],[-3.774942,57.394768],[-3.774955,57.394683],[-3.774993,57.394615],[-3.775056,57.394564],[-3.775145,57.394529],[-3.77526,57.394511],[-3.775338,57.394528],[-3.77538,57.39458],[-3.775385,57.394667],[-3.775354,57.39479],[-3.775353,57.394899],[-3.775384,57.394995],[-3.775446,57.395079],[-3.775539,57.395149],[-3.775632,57.395208],[-3.775727,57.395254],[-3.775823,57.395289],[-3.77592,57.395311],[-3.775963,57.395339],[-3.775953,57.395371],[-3.77589,57.395408],[-3.775773,57.39545],[-3.775682,57.395491],[-3.775617,57.395531],[-3.775578,57.395569],[-3.775564,57.395606],[-3.775526,57.39565],[-3.775465,57.395699],[-3.775379,57.395755],[-3.77527,57.395817],[-3.775161,57.395898],[-3.775052,57.395997],[-3.774943,57.396115],[-3.774834,57.396251],[-3.774779,57.396352],[-3.774779,57.396418],[-3.774833,57.396448],[-3.774942,57.396442],[-3.775016,57.396457],[-3.775057,57.396491],[-3.775063,57.396545],[-3.775036,57.39662],[-3.775034,57.396678],[-3.775058,57.39672],[-3.775108,57.396746],[-3.775184,57.396756],[-3.775246,57.396779],[-3.775296,57.396815],[-3.775332,57.396865],[-3.775356,57.396928],[-3.775363,57.396995],[-3.775354,57.397066],[-3.775328,57.397141],[-3.775286,57.39722],[-3.775276,57.397289],[-3.775299,57.397349],[-3.775354,57.3974],[-3.775441,57.397441],[-3.775479,57.39749],[-3.775467,57.397546],[-3.775405,57.39761],[-3.775294,57.397681],[-3.775214,57.397756],[-3.775166,57.397834],[-3.77515,57.397915],[-3.775165,57.398],[-3.775162,57.398066],[-3.775142,57.398115],[-3.775103,57.398145],[-3.775047,57.398156],[-3.775003,57.398176],[-3.774972,57.398203],[-3.774953,57.398238],[-3.774947,57.39828],[-3.774902,57.398346],[-3.77482,57.398435],[-3.774699,57.398547],[-3.77454,57.398683],[-3.774398,57.398786],[-3.774273,57.398858],[-3.774165,57.398896],[-3.774073,57.398903],[-3.773999,57.398922],[-3.773942,57.398953],[-3.773901,57.398997],[-3.773878,57.399053],[-3.773909,57.399091],[-3.773994,57.399112],[-3.774134,57.399115],[-3.774327,57.399101],[-3.774462,57.399111],[-3.774539,57.399146],[-3.774557,57.399206],[-3.774517,57.399291],[-3.77446,57.399349],[-3.774386,57.39938],[-3.774296,57.399385],[-3.774188,57.399364],[-3.774104,57.399378],[-3.774042,57.399428],[-3.774004,57.399513],[-3.773989,57.399633],[-3.773984,57.399742],[-3.77399,57.39984],[-3.774007,57.399926],[-3.774035,57.4],[-3.774066,57.400071],[-3.774099,57.400137],[-3.774135,57.400199],[-3.774173,57.400258],[-3.774168,57.400302],[-3.774119,57.400333],[-3.774025,57.400349],[-3.773888,57.400352],[-3.773801,57.400369],[-3.773762,57.400399],[-3.773774,57.400444],[-3.773835,57.400503],[-3.773919,57.400541],[-3.774027,57.400556],[-3.774159,57.400549],[-3.774314,57.400521],[-3.77446,57.400495],[-3.774598,57.400472],[-3.774726,57.400451],[-3.774847,57.400432],[-3.774961,57.400425],[-3.77507,57.400428],[-3.775174,57.400442],[-3.775271,57.400468],[-3.775327,57.40051],[-3.775341,57.40057],[-3.775314,57.400646],[-3.775244,57.40074],[-3.77521,57.400813],[-3.775213,57.400864],[-3.775252,57.400895],[-3.775328,57.400905],[-3.775389,57.400925],[-3.775436,57.400954],[-3.775469,57.400993],[-3.775487,57.401042],[-3.775512,57.401078],[-3.775543,57.401103],[-3.775581,57.401116],[-3.775626,57.401118],[-3.775669,57.401159],[-3.775711,57.401241],[-3.775751,57.401363],[-3.77579,57.401526],[-3.775801,57.401661],[-3.775784,57.40177],[-3.775739,57.401852],[-3.775666,57.401908],[-3.775646,57.401965],[-3.77568,57.402026],[-3.775767,57.402089],[-3.775908,57.402154],[-3.776006,57.402178],[-3.776063,57.40216],[-3.776078,57.402101],[-3.776051,57.401999],[-3.776042,57.401921],[-3.776052,57.401865],[-3.776079,57.401831],[-3.776125,57.401821],[-3.77618,57.401836],[-3.776245,57.401876],[-3.77632,57.401943],[-3.776404,57.402035],[-3.776498,57.402104],[-3.776601,57.40215],[-3.776713,57.402172],[-3.776834,57.402171],[-3.776938,57.402187],[-3.777025,57.402219],[-3.777094,57.402269],[-3.777147,57.402335],[-3.777215,57.402379],[-3.777298,57.402403],[-3.777397,57.402406],[-3.777512,57.402388],[-3.777601,57.402382],[-3.777664,57.402387],[-3.7777,57.402404],[-3.777711,57.402433],[-3.777676,57.402476],[-3.777596,57.402533],[-3.777469,57.402605],[-3.777297,57.402692],[-3.777196,57.40277],[-3.777164,57.402841],[-3.777203,57.402903],[-3.777311,57.402957],[-3.777396,57.402983],[-3.777456,57.402981],[-3.777491,57.402951],[-3.777503,57.402893],[-3.777534,57.40285],[-3.777583,57.402821],[-3.777653,57.402806],[-3.777741,57.402806],[-3.777805,57.402818],[-3.777844,57.402842],[-3.777859,57.402878],[-3.77785,57.402927],[-3.77784,57.402975],[-3.77783,57.403022],[-3.77782,57.403068],[-3.77781,57.403114],[-3.777818,57.403145],[-3.777847,57.403161],[-3.777894,57.403163],[-3.777961,57.40315],[-3.778028,57.403144],[-3.778095,57.403146],[-3.778162,57.403156],[-3.778229,57.403172],[-3.778335,57.403181],[-3.778479,57.403182],[-3.778661,57.403176],[-3.778883,57.403161],[-3.779105,57.403111],[-3.77933,57.403025],[-3.779556,57.402903],[-3.779784,57.402745],[-3.779978,57.402626],[-3.780138,57.402545],[-3.780265,57.402502],[-3.780357,57.402499],[-3.780435,57.402503],[-3.780498,57.402516],[-3.780546,57.402537],[-3.780579,57.402566],[-3.780565,57.402606],[-3.780504,57.402657],[-3.780396,57.402719],[-3.780241,57.402792],[-3.780087,57.40288],[-3.779935,57.402982],[-3.779785,57.403099],[-3.779635,57.403231],[-3.779512,57.403323],[-3.779416,57.403377],[-3.779347,57.403391],[-3.779304,57.403365],[-3.779228,57.403356],[-3.779117,57.403361],[-3.778971,57.403383],[-3.778792,57.403419],[-3.778668,57.403458],[-3.7786,57.403498],[-3.778588,57.403539],[-3.778632,57.403582],[-3.778639,57.403627],[-3.778609,57.403673],[-3.778543,57.403721],[-3.77844,57.40377],[-3.778324,57.403785],[-3.778195,57.403764],[-3.778052,57.403708],[-3.777897,57.403618],[-3.777753,57.403553],[-3.777622,57.403513],[-3.777504,57.403499],[-3.777398,57.40351],[-3.777296,57.40354],[-3.777198,57.403589],[-3.777105,57.403657],[-3.777016,57.403743],[-3.776925,57.403812],[-3.776834,57.403862],[-3.77674,57.403893],[-3.776646,57.403906],[-3.77657,57.403928],[-3.776513,57.403959],[-3.776474,57.404],[-3.776454,57.40405],[-3.776466,57.404089],[-3.77651,57.404119],[-3.776587,57.404138],[-3.776695,57.404148],[-3.776767,57.404172],[-3.776801,57.404212],[-3.776798,57.404266],[-3.776758,57.404336],[-3.776704,57.4044],[-3.776638,57.404459],[-3.776559,57.404513],[-3.776467,57.404561],[-3.776418,57.404604],[-3.776413,57.404642],[-3.776451,57.404675],[-3.776533,57.404702],[-3.77659,57.404733],[-3.776623,57.404768],[-3.776631,57.404807],[-3.776614,57.404851],[-3.776595,57.404887],[-3.776572,57.404916],[-3.776547,57.404938],[-3.77652,57.404953],[-3.776484,57.404986],[-3.77644,57.405039],[-3.776388,57.40511],[-3.776328,57.405199],[-3.776289,57.405282],[-3.77627,57.405358],[-3.776273,57.405428],[-3.776297,57.405491],[-3.77634,57.405544],[-3.776404,57.405588],[-3.776487,57.405623],[-3.77659,57.405647],[-3.776655,57.405684],[-3.776682,57.405734],[-3.776671,57.405795],[-3.776621,57.405869],[-3.776534,57.405899],[-3.776411,57.405887],[-3.776251,57.405832]],[[-3.680935,57.435846],[-3.680768,57.435869],[-3.680634,57.435865],[-3.680533,57.435832],[-3.680464,57.435771],[-3.680337,57.435733],[-3.680153,57.435718],[-3.679912,57.435727],[-3.679613,57.435758],[-3.67936,57.435752],[-3.679154,57.435708],[-3.678994,57.435628],[-3.678881,57.435509],[-3.678852,57.435401],[-3.678907,57.435302],[-3.679046,57.435213],[-3.67927,57.435134],[-3.679423,57.43505],[-3.679505,57.434961],[-3.679516,57.434867],[-3.679456,57.434768],[-3.679339,57.434672],[-3.679166,57.434578],[-3.678937,57.434488],[-3.678651,57.4344],[-3.678434,57.434289],[-3.678286,57.434156],[-3.678208,57.434],[-3.678199,57.433821],[-3.678246,57.433694],[-3.67835,57.433618],[-3.678511,57.433594],[-3.678728,57.433621],[-3.67894,57.433634],[-3.679148,57.433634],[-3.67935,57.433621],[-3.679547,57.433594],[-3.679734,57.433594],[-3.679912,57.433622],[-3.680079,57.433677],[-3.680237,57.43376],[-3.680419,57.433879],[-3.680627,57.434034],[-3.680859,57.434225],[-3.681117,57.434452],[-3.681357,57.434618],[-3.681581,57.434725],[-3.681789,57.434772],[-3.681979,57.434758],[-3.68214,57.434795],[-3.682271,57.434884],[-3.682372,57.435023],[-3.682443,57.435214],[-3.682459,57.435357],[-3.682419,57.43545],[-3.682324,57.435496],[-3.682173,57.435493],[-3.682028,57.435505],[-3.681889,57.435532],[-3.681755,57.435574],[-3.681626,57.435631],[-3.68148,57.435687],[-3.681316,57.435741],[-3.681134,57.435794],[-3.680935,57.435846]],[[-3.679871,57.439271],[-3.679729,57.439277],[-3.679594,57.439254],[-3.679465,57.439202],[-3.679343,57.439122],[-3.67911,57.439061],[-3.678767,57.43902],[-3.678312,57.438997],[-3.677747,57.438995],[-3.677323,57.438963],[-3.677042,57.438903],[-3.676902,57.438814],[-3.676904,57.438696],[-3.677076,57.438592],[-3.677417,57.438504],[-3.677928,57.438431],[-3.678608,57.438372],[-3.679179,57.438321],[-3.679642,57.438279],[-3.679994,57.438245],[-3.680238,57.43822],[-3.680443,57.438229],[-3.68061,57.438274],[-3.680737,57.438354],[-3.680826,57.438468],[-3.680848,57.438588],[-3.680803,57.438714],[-3.68069,57.438845],[-3.680511,57.438981],[-3.680339,57.439092],[-3.680176,57.439177],[-3.680019,57.439237],[-3.679871,57.439271]],[[-3.669825,57.43652],[-3.669796,57.436512],[-3.669772,57.436508],[-3.669752,57.436509],[-3.669737,57.436513],[-3.669688,57.436519],[-3.669607,57.436526],[-3.669494,57.436534],[-3.669348,57.436543],[-3.669212,57.436534],[-3.669087,57.436507],[-3.668972,57.436462],[-3.668867,57.436398],[-3.668798,57.436334],[-3.668762,57.43627],[-3.668761,57.436205],[-3.668794,57.43614],[-3.668832,57.436087],[-3.668876,57.436046],[-3.668925,57.436018],[-3.668979,57.436002],[-3.66902,57.435987],[-3.669049,57.435971],[-3.669065,57.435956],[-3.669069,57.435941],[-3.669086,57.435922],[-3.669116,57.435899],[-3.66916,57.435872],[-3.669218,57.435841],[-3.669285,57.4358],[-3.669362,57.435748],[-3.669449,57.435686],[-3.669545,57.435614],[-3.669621,57.435559],[-3.669676,57.435523],[-3.669711,57.435504],[-3.669726,57.435503],[-3.669784,57.435512],[-3.669885,57.435533],[-3.67003,57.435564],[-3.670219,57.435607],[-3.670391,57.435646],[-3.670549,57.435682],[-3.670691,57.435715],[-3.670817,57.435745],[-3.67096,57.435774],[-3.67112,57.4358],[-3.671296,57.435825],[-3.671489,57.435849],[-3.671662,57.435874],[-3.671817,57.435901],[-3.671951,57.43593],[-3.672067,57.435962],[-3.672157,57.43599],[-3.672222,57.436014],[-3.672263,57.436035],[-3.672279,57.436053],[-3.672274,57.436074],[-3.672248,57.436098],[-3.672202,57.436126],[-3.672136,57.436157],[-3.672057,57.436189],[-3.671968,57.436223],[-3.671866,57.436258],[-3.671753,57.436295],[-3.671644,57.436333],[-3.671537,57.436372],[-3.671434,57.436412],[-3.671335,57.436453],[-3.67124,57.436493],[-3.67115,57.43653],[-3.671065,57.436565],[-3.670986,57.436598],[-3.67092,57.436628],[-3.670867,57.436653],[-3.670828,57.436675],[-3.670802,57.436694],[-3.670769,57.436711],[-3.670728,57.436726],[-3.670679,57.43674],[-3.670622,57.436752],[-3.670577,57.436759],[-3.670542,57.436761],[-3.670518,57.436758],[-3.670505,57.436749],[-3.670459,57.436732],[-3.67038,57.436704],[-3.670269,57.436667],[-3.670125,57.43662],[-3.670008,57.436582],[-3.669919,57.436552],[-3.669858,57.436532],[-3.669825,57.43652]],[[-3.664778,57.438616],[-3.664579,57.438669],[-3.664383,57.438668],[-3.66419,57.438612],[-3.663999,57.438502],[-3.663784,57.438421],[-3.663546,57.438368],[-3.663284,57.438344],[-3.662998,57.43835],[-3.662779,57.438348],[-3.662626,57.438339],[-3.662539,57.438323],[-3.662519,57.4383],[-3.662474,57.438249],[-3.662404,57.43817],[-3.662309,57.438062],[-3.66219,57.437926],[-3.662096,57.437798],[-3.662028,57.437678],[-3.661986,57.437566],[-3.661971,57.437463],[-3.66199,57.437361],[-3.662046,57.437263],[-3.662137,57.437167],[-3.662263,57.437073],[-3.662413,57.436989],[-3.662587,57.436915],[-3.662785,57.436851],[-3.663006,57.436797],[-3.663253,57.436756],[-3.663524,57.436727],[-3.663821,57.436712],[-3.664142,57.436709],[-3.664389,57.436738],[-3.664561,57.436797],[-3.664658,57.436888],[-3.66468,57.437009],[-3.66469,57.437137],[-3.664688,57.43727],[-3.664674,57.437409],[-3.664647,57.437555],[-3.66465,57.437678],[-3.664683,57.43778],[-3.664744,57.43786],[-3.664835,57.437919],[-3.664923,57.437984],[-3.665007,57.438056],[-3.665088,57.438134],[-3.665166,57.438219],[-3.665174,57.43831],[-3.665112,57.438406],[-3.66498,57.438508],[-3.664778,57.438616]],[[-3.666066,57.438857],[-3.665879,57.438818],[-3.665743,57.438759],[-3.665658,57.438679],[-3.665626,57.43858],[-3.665644,57.43846],[-3.665688,57.438357],[-3.665756,57.438269],[-3.665848,57.438197],[-3.665966,57.438142],[-3.66609,57.438097],[-3.666222,57.438063],[-3.66636,57.43804],[-3.666505,57.438028],[-3.666636,57.438036],[-3.666753,57.438064],[-3.666856,57.438112],[-3.666945,57.43818],[-3.667006,57.438242],[-3.667041,57.438297],[-3.66705,57.438346],[-3.667031,57.438388],[-3.667005,57.438428],[-3.666973,57.438465],[-3.666934,57.4385],[-3.666889,57.438533],[-3.666861,57.438572],[-3.666849,57.438618],[-3.666854,57.438671],[-3.666877,57.438731],[-3.666858,57.438782],[-3.666799,57.438823],[-3.666699,57.438856],[-3.666558,57.43888],[-3.666406,57.438889],[-3.666242,57.438881],[-3.666066,57.438857]],[[-3.670345,57.439888],[-3.670252,57.439808],[-3.670202,57.439729],[-3.670197,57.439652],[-3.670235,57.439577],[-3.670317,57.439503],[-3.670415,57.439442],[-3.670529,57.439393],[-3.670659,57.439356],[-3.670805,57.439332],[-3.67097,57.439338],[-3.671154,57.439374],[-3.671356,57.439441],[-3.671577,57.439539],[-3.671712,57.439625],[-3.671763,57.439698],[-3.671728,57.43976],[-3.671609,57.43981],[-3.67151,57.439857],[-3.671432,57.439903],[-3.671374,57.439946],[-3.671338,57.439987],[-3.671261,57.440015],[-3.671143,57.44003],[-3.670984,57.440033],[-3.670784,57.440023],[-3.670611,57.439995],[-3.670465,57.43995],[-3.670345,57.439888]],[[-3.665127,57.442121],[-3.665116,57.442171],[-3.665084,57.4422],[-3.665031,57.44221],[-3.664958,57.442199],[-3.664891,57.442177],[-3.66483,57.442145],[-3.664775,57.442102],[-3.664726,57.442048],[-3.664668,57.442005],[-3.664602,57.441974],[-3.664526,57.441953],[-3.664442,57.441943],[-3.664376,57.441923],[-3.664327,57.441892],[-3.664296,57.441852],[-3.664282,57.4418],[-3.664242,57.44177],[-3.664176,57.441762],[-3.664083,57.441775],[-3.663963,57.441809],[-3.66386,57.441833],[-3.663773,57.441847],[-3.663702,57.44185],[-3.663648,57.441843],[-3.663619,57.44182],[-3.663616,57.44178],[-3.663638,57.441724],[-3.663685,57.44165],[-3.663716,57.44158],[-3.663731,57.441512],[-3.66373,57.441446],[-3.663712,57.441383],[-3.663671,57.441311],[-3.663606,57.441229],[-3.663517,57.441138],[-3.663405,57.441039],[-3.663322,57.440943],[-3.663267,57.440851],[-3.663242,57.440763],[-3.663245,57.440679],[-3.663268,57.440614],[-3.663311,57.440568],[-3.663375,57.44054],[-3.663458,57.440531],[-3.663533,57.440518],[-3.663602,57.4405],[-3.663662,57.440478],[-3.663715,57.44045],[-3.663738,57.440419],[-3.66373,57.440382],[-3.663692,57.440341],[-3.663623,57.440296],[-3.663577,57.440252],[-3.663552,57.44021],[-3.66355,57.440169],[-3.66357,57.440129],[-3.663607,57.440102],[-3.663661,57.440085],[-3.663733,57.44008],[-3.663821,57.440086],[-3.663893,57.4401],[-3.663946,57.44012],[-3.663983,57.440148],[-3.664002,57.440183],[-3.66403,57.440216],[-3.664067,57.440246],[-3.664113,57.440274],[-3.664169,57.440299],[-3.664234,57.44032],[-3.664309,57.440337],[-3.664395,57.44035],[-3.66449,57.440359],[-3.664584,57.440371],[-3.664677,57.440388],[-3.664768,57.440408],[-3.664858,57.440433],[-3.664951,57.440464],[-3.665048,57.4405],[-3.665149,57.440542],[-3.665253,57.44059],[-3.665317,57.440639],[-3.665342,57.440689],[-3.665326,57.44074],[-3.665271,57.440793],[-3.665244,57.440836],[-3.665246,57.440872],[-3.665276,57.440899],[-3.665335,57.440918],[-3.665412,57.440928],[-3.665508,57.44093],[-3.665622,57.440925],[-3.665755,57.440911],[-3.665869,57.440914],[-3.665963,57.440936],[-3.666038,57.440974],[-3.666094,57.44103],[-3.666152,57.441074],[-3.666212,57.441105],[-3.666275,57.441123],[-3.66634,57.441128],[-3.66639,57.441143],[-3.666425,57.441165],[-3.666444,57.441197],[-3.666447,57.441237],[-3.666435,57.441277],[-3.666407,57.441319],[-3.666364,57.441361],[-3.666305,57.441405],[-3.666246,57.441438],[-3.666185,57.441461],[-3.666124,57.441475],[-3.666062,57.441478],[-3.665978,57.441495],[-3.665871,57.441527],[-3.665743,57.441572],[-3.665592,57.441631],[-3.665476,57.441682],[-3.665394,57.441724],[-3.665346,57.441759],[-3.665333,57.441785],[-3.66531,57.441812],[-3.665277,57.44184],[-3.665235,57.44187],[-3.665183,57.4419],[-3.665146,57.44194],[-3.665125,57.44199],[-3.665118,57.442051],[-3.665127,57.442121]],[[-3.65613,57.441006],[-3.65582,57.440976],[-3.655582,57.440925],[-3.655416,57.440852],[-3.655324,57.440758],[-3.655304,57.440643],[-3.655257,57.440541],[-3.655184,57.440452],[-3.655084,57.440378],[-3.654958,57.440316],[-3.65483,57.440189],[-3.6547,57.439995],[-3.654568,57.439735],[-3.654435,57.439408],[-3.654239,57.439054],[-3.653982,57.438672],[-3.653662,57.438262],[-3.653281,57.437825],[-3.653007,57.437485],[-3.652842,57.437242],[-3.652785,57.437096],[-3.652835,57.437048],[-3.652932,57.437014],[-3.653075,57.436996],[-3.653264,57.436994],[-3.653499,57.437006],[-3.653698,57.437052],[-3.65386,57.437131],[-3.653985,57.437244],[-3.654074,57.437389],[-3.654182,57.437533],[-3.65431,57.437674],[-3.654457,57.437814],[-3.654623,57.437951],[-3.65479,57.43809],[-3.654957,57.438231],[-3.655125,57.438373],[-3.655294,57.438516],[-3.655472,57.438662],[-3.655659,57.438809],[-3.655856,57.438959],[-3.656063,57.439111],[-3.65621,57.439305],[-3.656298,57.43954],[-3.656326,57.439817],[-3.656295,57.440137],[-3.656294,57.440403],[-3.656322,57.440617],[-3.656379,57.440778],[-3.656466,57.440887],[-3.656453,57.440961],[-3.656341,57.441001],[-3.65613,57.441006]],[[-3.632451,57.437238],[-3.632406,57.437193],[-3.632382,57.437153],[-3.63238,57.437118],[-3.632401,57.437087],[-3.632443,57.437061],[-3.632447,57.437026],[-3.632414,57.436983],[-3.632343,57.436932],[-3.632234,57.436872],[-3.632124,57.43683],[-3.632011,57.436806],[-3.631897,57.4368],[-3.63178,57.436813],[-3.631684,57.436813],[-3.631608,57.436803],[-3.631553,57.436781],[-3.631517,57.436747],[-3.631447,57.436721],[-3.631342,57.436703],[-3.631203,57.436692],[-3.631029,57.436688],[-3.630912,57.436668],[-3.630853,57.436633],[-3.630851,57.436581],[-3.630906,57.436513],[-3.630893,57.436451],[-3.630812,57.436395],[-3.630662,57.436344],[-3.630444,57.436298],[-3.630262,57.436255],[-3.630117,57.436213],[-3.630008,57.436172],[-3.629936,57.436133],[-3.629883,57.436098],[-3.629848,57.436068],[-3.629833,57.436042],[-3.629836,57.43602],[-3.629893,57.436002],[-3.630003,57.435989],[-3.630167,57.43598],[-3.630384,57.435976],[-3.630512,57.435936],[-3.630549,57.435859],[-3.630497,57.435746],[-3.630355,57.435597],[-3.63022,57.435478],[-3.630092,57.435389],[-3.629971,57.43533],[-3.629857,57.435302],[-3.629772,57.435254],[-3.629715,57.435187],[-3.629687,57.435101],[-3.629689,57.434996],[-3.629686,57.434893],[-3.629681,57.434793],[-3.629672,57.434696],[-3.62966,57.434601],[-3.629745,57.434518],[-3.629929,57.434446],[-3.63021,57.434386],[-3.630589,57.434337],[-3.630853,57.434327],[-3.631002,57.434357],[-3.631036,57.434425],[-3.630955,57.434533],[-3.630915,57.434634],[-3.630916,57.434728],[-3.630957,57.434816],[-3.631039,57.434897],[-3.631092,57.434986],[-3.631117,57.435082],[-3.631112,57.435187],[-3.631079,57.435299],[-3.631055,57.435403],[-3.631039,57.435501],[-3.631032,57.435591],[-3.631035,57.435675],[-3.631063,57.435754],[-3.631116,57.435829],[-3.631196,57.435899],[-3.631301,57.435966],[-3.631424,57.43602],[-3.631563,57.436061],[-3.631719,57.43609],[-3.631892,57.436106],[-3.632002,57.436089],[-3.632049,57.436039],[-3.632034,57.435956],[-3.631957,57.43584],[-3.631941,57.435759],[-3.631987,57.435713],[-3.632095,57.435701],[-3.632264,57.435723],[-3.632409,57.435717],[-3.632529,57.435683],[-3.632623,57.435621],[-3.632693,57.43553],[-3.632772,57.435498],[-3.632859,57.435524],[-3.632956,57.435609],[-3.633061,57.435753],[-3.633154,57.435884],[-3.633235,57.436001],[-3.633304,57.436104],[-3.633361,57.436194],[-3.633407,57.436281],[-3.633444,57.436364],[-3.63347,57.436443],[-3.633487,57.436519],[-3.633479,57.436594],[-3.633447,57.436671],[-3.633391,57.436747],[-3.63331,57.436823],[-3.633247,57.436895],[-3.633203,57.436962],[-3.633177,57.437023],[-3.633169,57.43708],[-3.633123,57.437131],[-3.63304,57.437177],[-3.632918,57.437217],[-3.632759,57.437253],[-3.632628,57.437268],[-3.632525,57.437263],[-3.632451,57.437238]],[[-3.604406,57.444913],[-3.604285,57.444867],[-3.60421,57.444819],[-3.60418,57.444771],[-3.604197,57.444722],[-3.604259,57.444673],[-3.604302,57.444626],[-3.604326,57.444584],[-3.604332,57.444544],[-3.604319,57.444509],[-3.604284,57.444462],[-3.604228,57.444404],[-3.604151,57.444336],[-3.604052,57.444256],[-3.603979,57.444178],[-3.60393,57.444101],[-3.603906,57.444025],[-3.603907,57.443951],[-3.603893,57.443885],[-3.603863,57.443827],[-3.603817,57.443779],[-3.603756,57.443739],[-3.603689,57.443705],[-3.603616,57.443679],[-3.603537,57.443659],[-3.603452,57.443646],[-3.603384,57.443623],[-3.603333,57.443588],[-3.6033,57.443541],[-3.603285,57.443484],[-3.603307,57.44345],[-3.603366,57.443439],[-3.603463,57.443452],[-3.603597,57.443487],[-3.603712,57.44351],[-3.603808,57.44352],[-3.603885,57.443518],[-3.603942,57.443503],[-3.603989,57.44347],[-3.604025,57.44342],[-3.60405,57.443352],[-3.604065,57.443267],[-3.604126,57.443187],[-3.604233,57.443112],[-3.604388,57.443043],[-3.604588,57.442979],[-3.604754,57.442901],[-3.604884,57.44281],[-3.604979,57.442706],[-3.605039,57.442588],[-3.605086,57.442479],[-3.60512,57.442377],[-3.605142,57.442285],[-3.605151,57.4422],[-3.605139,57.442132],[-3.605105,57.442079],[-3.60505,57.442043],[-3.604973,57.442024],[-3.604896,57.44199],[-3.604818,57.441942],[-3.604739,57.441881],[-3.604659,57.441805],[-3.604612,57.441734],[-3.604598,57.441665],[-3.604618,57.441601],[-3.60467,57.441539],[-3.604737,57.441465],[-3.60482,57.441378],[-3.604917,57.441277],[-3.605031,57.441163],[-3.605096,57.441056],[-3.605114,57.440957],[-3.605084,57.440865],[-3.605006,57.44078],[-3.60495,57.440694],[-3.604915,57.440608],[-3.604902,57.440521],[-3.60491,57.440434],[-3.604923,57.440361],[-3.604942,57.440303],[-3.604966,57.440261],[-3.604996,57.440233],[-3.605019,57.440193],[-3.605034,57.440142],[-3.605043,57.440079],[-3.605044,57.440005],[-3.60506,57.439945],[-3.605093,57.4399],[-3.60514,57.439869],[-3.605203,57.439854],[-3.605245,57.439818],[-3.605265,57.439764],[-3.605263,57.439689],[-3.60524,57.439596],[-3.605245,57.439511],[-3.605277,57.439435],[-3.605337,57.439367],[-3.605424,57.439309],[-3.605493,57.439245],[-3.605542,57.439177],[-3.605572,57.439103],[-3.605583,57.439024],[-3.605576,57.438955],[-3.605551,57.438894],[-3.605507,57.438842],[-3.605445,57.438799],[-3.605413,57.438746],[-3.60541,57.438685],[-3.605437,57.438614],[-3.605493,57.438534],[-3.605564,57.438499],[-3.605649,57.438511],[-3.605748,57.438568],[-3.605861,57.43867],[-3.605926,57.438773],[-3.605944,57.438875],[-3.605914,57.438976],[-3.605836,57.439077],[-3.605784,57.439168],[-3.605756,57.43925],[-3.605755,57.439322],[-3.605778,57.439385],[-3.6058,57.439449],[-3.605821,57.439513],[-3.605841,57.439578],[-3.60586,57.439644],[-3.605872,57.439719],[-3.605877,57.439802],[-3.605875,57.439894],[-3.605866,57.439994],[-3.605836,57.440084],[-3.605786,57.440165],[-3.605714,57.440237],[-3.605622,57.440299],[-3.605559,57.440369],[-3.605524,57.440445],[-3.605517,57.440528],[-3.60554,57.440619],[-3.605549,57.440696],[-3.605546,57.440758],[-3.605531,57.440806],[-3.605503,57.44084],[-3.605486,57.440877],[-3.605478,57.440918],[-3.60548,57.440963],[-3.605492,57.441011],[-3.605508,57.44105],[-3.605528,57.441081],[-3.605552,57.441102],[-3.60558,57.441115],[-3.605611,57.441149],[-3.605646,57.441204],[-3.605685,57.441281],[-3.605727,57.441378],[-3.605772,57.44145],[-3.605821,57.441496],[-3.605873,57.441517],[-3.605928,57.441511],[-3.605982,57.441486],[-3.606035,57.441442],[-3.606086,57.441378],[-3.606136,57.441296],[-3.606183,57.441233],[-3.606228,57.441189],[-3.606269,57.441166],[-3.606308,57.441162],[-3.606338,57.441185],[-3.60636,57.441235],[-3.606373,57.441313],[-3.606377,57.441418],[-3.606395,57.441497],[-3.606427,57.441551],[-3.606472,57.44158],[-3.606531,57.441583],[-3.606554,57.441603],[-3.606542,57.44164],[-3.606494,57.441693],[-3.606411,57.441764],[-3.606325,57.441824],[-3.606237,57.441873],[-3.606146,57.441912],[-3.606053,57.441941],[-3.60598,57.441975],[-3.605925,57.442014],[-3.60589,57.44206],[-3.605875,57.442111],[-3.605833,57.44218],[-3.605764,57.442266],[-3.605669,57.442369],[-3.605547,57.44249],[-3.605449,57.442607],[-3.605376,57.44272],[-3.605327,57.442829],[-3.605303,57.442934],[-3.605263,57.443018],[-3.60521,57.443083],[-3.605141,57.443127],[-3.605058,57.443151],[-3.604964,57.443211],[-3.604858,57.443305],[-3.60474,57.443435],[-3.604612,57.4436],[-3.60453,57.443736],[-3.604495,57.443844],[-3.604507,57.443922],[-3.604566,57.443972],[-3.604602,57.444024],[-3.604617,57.444078],[-3.604609,57.444135],[-3.604579,57.444193],[-3.60457,57.444258],[-3.604581,57.444328],[-3.604614,57.444404],[-3.604667,57.444485],[-3.604697,57.444569],[-3.604703,57.444657],[-3.604687,57.444747],[-3.604647,57.444841],[-3.604587,57.4449],[-3.604506,57.444924],[-3.604406,57.444913]],[[-3.540527,57.476239],[-3.540507,57.476185],[-3.540461,57.476139],[-3.540389,57.4761],[-3.540291,57.476068],[-3.540167,57.476044],[-3.540061,57.476009],[-3.539976,57.475964],[-3.539909,57.475908],[-3.539861,57.475842],[-3.539829,57.475782],[-3.539812,57.475728],[-3.53981,57.47568],[-3.539823,57.475638],[-3.539854,57.475611],[-3.539901,57.475599],[-3.539965,57.4756],[-3.540046,57.475617],[-3.540142,57.475605],[-3.540254,57.475564],[-3.540381,57.475494],[-3.540523,57.475396],[-3.540625,57.475298],[-3.540687,57.475202],[-3.54071,57.475107],[-3.540692,57.475013],[-3.540719,57.47491],[-3.54079,57.474799],[-3.540906,57.474679],[-3.541066,57.474551],[-3.541177,57.474411],[-3.541238,57.474257],[-3.54125,57.474091],[-3.541213,57.473912],[-3.541209,57.473759],[-3.541239,57.47363],[-3.541303,57.473527],[-3.541401,57.473449],[-3.541483,57.473368],[-3.541551,57.473285],[-3.541603,57.4732],[-3.54164,57.473113],[-3.541685,57.473031],[-3.541741,57.472954],[-3.541805,57.472882],[-3.541878,57.472816],[-3.542032,57.472722],[-3.542266,57.4726],[-3.542581,57.47245],[-3.542976,57.472273],[-3.543413,57.47212],[-3.543892,57.47199],[-3.544413,57.471883],[-3.544976,57.4718],[-3.545405,57.471731],[-3.545701,57.471675],[-3.545864,57.471634],[-3.545894,57.471606],[-3.546104,57.471607],[-3.546492,57.471636],[-3.547059,57.471694],[-3.547805,57.471781],[-3.548356,57.471832],[-3.548709,57.471846],[-3.548867,57.471825],[-3.548828,57.471767],[-3.548829,57.471722],[-3.548869,57.47169],[-3.548948,57.471671],[-3.549067,57.471665],[-3.549165,57.471689],[-3.549243,57.471745],[-3.549301,57.471831],[-3.549339,57.471948],[-3.549308,57.472078],[-3.549208,57.472221],[-3.54904,57.472378],[-3.548804,57.472548],[-3.548427,57.472842],[-3.54791,57.473259],[-3.547254,57.4738],[-3.546457,57.474464],[-3.545834,57.474974],[-3.545383,57.475329],[-3.545106,57.475529],[-3.545001,57.475573],[-3.544834,57.475625],[-3.544605,57.475682],[-3.544314,57.475747],[-3.54396,57.475817],[-3.543515,57.475895],[-3.542978,57.47598],[-3.542351,57.476072],[-3.541633,57.476171],[-3.54109,57.476232],[-3.540721,57.476254],[-3.540527,57.476239]],[[-3.519835,57.476426],[-3.520015,57.476414],[-3.520176,57.476399],[-3.52032,57.476381],[-3.520445,57.47636],[-3.520551,57.476337],[-3.520642,57.476342],[-3.520717,57.476374],[-3.520777,57.476434],[-3.520821,57.476523],[-3.520878,57.476582],[-3.520946,57.476612],[-3.521027,57.476613],[-3.521121,57.476585],[-3.52121,57.476545],[-3.521294,57.476493],[-3.521374,57.476429],[-3.52145,57.476353],[-3.521543,57.476286],[-3.521654,57.476228],[-3.521783,57.476179],[-3.521929,57.476139],[-3.522072,57.476118],[-3.522209,57.476116],[-3.522342,57.476133],[-3.522471,57.47617],[-3.522598,57.476195],[-3.522725,57.47621],[-3.52285,57.476214],[-3.522974,57.476208],[-3.523086,57.47619],[-3.523185,57.476161],[-3.523271,57.476121],[-3.523344,57.47607],[-3.523416,57.476046],[-3.523486,57.476048],[-3.523554,57.476076],[-3.52362,57.476132],[-3.52373,57.476171],[-3.523883,57.476196],[-3.524079,57.476205],[-3.524319,57.476199],[-3.524499,57.476179],[-3.524619,57.476145],[-3.524679,57.476097],[-3.524679,57.476035],[-3.52477,57.475962],[-3.524952,57.475878],[-3.525225,57.475783],[-3.525589,57.475677],[-3.525878,57.475578],[-3.526091,57.475485],[-3.526229,57.475398],[-3.526292,57.475317],[-3.526379,57.475251],[-3.526493,57.475199],[-3.526631,57.475161],[-3.526796,57.475138],[-3.526939,57.475105],[-3.527061,57.475061],[-3.527162,57.475007],[-3.527242,57.474943],[-3.527309,57.474882],[-3.527362,57.474824],[-3.527402,57.474769],[-3.527429,57.474716],[-3.527499,57.474657],[-3.527612,57.474589],[-3.527769,57.474514],[-3.527969,57.474431],[-3.52813,57.474345],[-3.528252,57.474255],[-3.528336,57.474161],[-3.52838,57.474064],[-3.528455,57.473963],[-3.528561,57.473859],[-3.528697,57.473753],[-3.528864,57.473642],[-3.529061,57.473507],[-3.52929,57.473348],[-3.52955,57.473163],[-3.529841,57.472953],[-3.530133,57.47279],[-3.530423,57.472673],[-3.530714,57.472603],[-3.531005,57.472579],[-3.531301,57.472555],[-3.531603,57.47253],[-3.53191,57.472504],[-3.532223,57.472478],[-3.532666,57.472437],[-3.533238,57.472381],[-3.533941,57.47231],[-3.534773,57.472224],[-3.535411,57.472175],[-3.535856,57.472163],[-3.536108,57.472188],[-3.536165,57.47225],[-3.536194,57.472312],[-3.536194,57.472374],[-3.536165,57.472436],[-3.536107,57.472497],[-3.535966,57.472576],[-3.535742,57.47267],[-3.535434,57.472781],[-3.535043,57.472908],[-3.534669,57.473025],[-3.534312,57.473134],[-3.533971,57.473232],[-3.533647,57.473321],[-3.533318,57.47339],[-3.532984,57.473436],[-3.532645,57.473462],[-3.532301,57.473467],[-3.531991,57.473493],[-3.531714,57.47354],[-3.531472,57.473608],[-3.531263,57.473698],[-3.531103,57.473793],[-3.53099,57.473895],[-3.530926,57.474002],[-3.53091,57.474115],[-3.530912,57.474222],[-3.530932,57.474322],[-3.53097,57.474416],[-3.531025,57.474503],[-3.531117,57.474581],[-3.531247,57.474652],[-3.531414,57.474713],[-3.531618,57.474767],[-3.531736,57.47483],[-3.53177,57.474904],[-3.531717,57.474989],[-3.531579,57.475083],[-3.531475,57.475182],[-3.531404,57.475286],[-3.531366,57.475393],[-3.531361,57.475505],[-3.53133,57.475592],[-3.531272,57.475654],[-3.531188,57.47569],[-3.531077,57.475702],[-3.530952,57.475699],[-3.530813,57.475683],[-3.530661,57.475652],[-3.530494,57.475607],[-3.530345,57.475599],[-3.530211,57.475629],[-3.530095,57.475695],[-3.529995,57.475798],[-3.529979,57.47588],[-3.530048,57.475941],[-3.530201,57.475981],[-3.530438,57.476],[-3.530552,57.476027],[-3.530542,57.476062],[-3.530408,57.476105],[-3.53015,57.476157],[-3.529958,57.476212],[-3.52983,57.476272],[-3.529767,57.476336],[-3.529769,57.476403],[-3.529732,57.47646],[-3.529657,57.476505],[-3.529543,57.476538],[-3.529389,57.47656],[-3.529236,57.476604],[-3.529081,57.47667],[-3.528926,57.476757],[-3.528771,57.476866],[-3.528636,57.476937],[-3.528521,57.476971],[-3.528428,57.476966],[-3.528355,57.476924],[-3.528265,57.476907],[-3.528158,57.476915],[-3.528035,57.476948],[-3.527895,57.477006],[-3.527748,57.47706],[-3.527594,57.47711],[-3.527432,57.477156],[-3.527263,57.477198],[-3.52711,57.477228],[-3.526973,57.477245],[-3.52685,57.47725],[-3.526744,57.477242],[-3.526596,57.477256],[-3.526408,57.477291],[-3.526178,57.477347],[-3.525907,57.477425],[-3.52565,57.477478],[-3.525407,57.477506],[-3.525178,57.477509],[-3.524963,57.477488],[-3.524721,57.477489],[-3.524452,57.47751],[-3.524157,57.477553],[-3.523835,57.477617],[-3.52362,57.477681],[-3.523511,57.477745],[-3.523509,57.477809],[-3.523613,57.477872],[-3.523637,57.477915],[-3.523581,57.477936],[-3.523446,57.477936],[-3.523231,57.477915],[-3.522985,57.477895],[-3.522707,57.477878],[-3.522399,57.477861],[-3.522059,57.477847],[-3.521767,57.477826],[-3.52152,57.477799],[-3.521321,57.477765],[-3.521168,57.477725],[-3.521067,57.47768],[-3.52102,57.477629],[-3.521025,57.477573],[-3.521083,57.477511],[-3.521139,57.477453],[-3.521194,57.477398],[-3.521246,57.477346],[-3.521298,57.477297],[-3.521318,57.47725],[-3.521307,57.477205],[-3.521265,57.477161],[-3.521191,57.477119],[-3.521073,57.477094],[-3.520909,57.477086],[-3.520699,57.477096],[-3.520444,57.477122],[-3.520281,57.477119],[-3.520211,57.477086],[-3.520234,57.477023],[-3.52035,57.476931],[-3.520371,57.476856],[-3.520298,57.476798],[-3.520131,57.476758],[-3.519869,57.476736],[-3.519678,57.476703],[-3.519558,57.476659],[-3.51951,57.476606],[-3.519532,57.476541],[-3.519594,57.47649],[-3.519695,57.476452],[-3.519835,57.476426]],[[-3.513638,57.491029],[-3.513438,57.491002],[-3.513249,57.490895],[-3.51307,57.490707],[-3.512902,57.49044],[-3.512745,57.490225],[-3.512599,57.490064],[-3.512464,57.489955],[-3.51234,57.4899],[-3.51224,57.489841],[-3.512165,57.489777],[-3.512114,57.48971],[-3.512087,57.489638],[-3.512059,57.489547],[-3.51203,57.489435],[-3.511998,57.489304],[-3.511965,57.489152],[-3.511905,57.489027],[-3.511816,57.488928],[-3.5117,57.488855],[-3.511556,57.488808],[-3.511431,57.488751],[-3.511326,57.488684],[-3.51124,57.488608],[-3.511174,57.488522],[-3.511092,57.488442],[-3.510996,57.488368],[-3.510885,57.488301],[-3.510758,57.48824],[-3.510639,57.488181],[-3.510525,57.488124],[-3.510419,57.48807],[-3.510319,57.488019],[-3.510315,57.487966],[-3.510405,57.487914],[-3.510589,57.487861],[-3.510869,57.487807],[-3.511186,57.487736],[-3.511539,57.487647],[-3.511929,57.48754],[-3.512355,57.487415],[-3.512701,57.487329],[-3.512965,57.48728],[-3.513148,57.487269],[-3.51325,57.487295],[-3.513379,57.487287],[-3.513536,57.487243],[-3.51372,57.487163],[-3.513931,57.487049],[-3.514094,57.486976],[-3.51421,57.486945],[-3.514277,57.486957],[-3.514297,57.487011],[-3.514315,57.487074],[-3.51433,57.487147],[-3.514343,57.487229],[-3.514354,57.487321],[-3.514387,57.487402],[-3.514443,57.487474],[-3.51452,57.487536],[-3.51462,57.487587],[-3.514721,57.487596],[-3.514823,57.48756],[-3.514926,57.487481],[-3.515031,57.487359],[-3.515148,57.487279],[-3.515278,57.487241],[-3.515421,57.487245],[-3.515576,57.487291],[-3.515698,57.48734],[-3.515787,57.487393],[-3.515842,57.487449],[-3.515864,57.487509],[-3.515869,57.487578],[-3.515858,57.487656],[-3.51583,57.487744],[-3.515785,57.487842],[-3.515744,57.487925],[-3.515706,57.487994],[-3.515672,57.488048],[-3.515641,57.488089],[-3.515622,57.488133],[-3.515616,57.48818],[-3.515624,57.48823],[-3.515643,57.488284],[-3.515635,57.48834],[-3.5156,57.4884],[-3.515536,57.488462],[-3.515445,57.488527],[-3.51533,57.488596],[-3.51519,57.488669],[-3.515025,57.488747],[-3.514836,57.488828],[-3.514693,57.48891],[-3.514597,57.488991],[-3.514546,57.489072],[-3.514541,57.489153],[-3.51451,57.48924],[-3.514452,57.489332],[-3.514367,57.489431],[-3.514256,57.489535],[-3.514193,57.489644],[-3.514177,57.489757],[-3.514209,57.489874],[-3.514288,57.489996],[-3.514391,57.490119],[-3.514517,57.490242],[-3.514667,57.490366],[-3.51484,57.49049],[-3.514911,57.490598],[-3.514881,57.490687],[-3.514749,57.49076],[-3.514516,57.490815],[-3.514288,57.490869],[-3.514066,57.490923],[-3.513849,57.490977],[-3.513638,57.491029]],[[-3.496007,57.470041],[-3.495757,57.469989],[-3.495537,57.469954],[-3.495346,57.469935],[-3.495184,57.469932],[-3.49505,57.469946],[-3.494933,57.46994],[-3.494832,57.469915],[-3.494746,57.46987],[-3.494677,57.469806],[-3.494558,57.46975],[-3.49439,57.469701],[-3.494173,57.469659],[-3.493907,57.469624],[-3.493821,57.469571],[-3.493916,57.469499],[-3.49419,57.469409],[-3.494646,57.4693],[-3.495014,57.469235],[-3.495297,57.469212],[-3.495493,57.469232],[-3.495602,57.469295],[-3.495754,57.46935],[-3.495947,57.469398],[-3.496182,57.469439],[-3.49646,57.469473],[-3.496637,57.469535],[-3.496713,57.469626],[-3.49669,57.469746],[-3.496566,57.469895],[-3.496411,57.469994],[-3.496225,57.470042],[-3.496007,57.470041]],[[-3.554755,57.449352],[-3.554774,57.449294],[-3.554816,57.449244],[-3.554881,57.449202],[-3.554969,57.449167],[-3.55508,57.44914],[-3.555173,57.449092],[-3.555248,57.449022],[-3.555305,57.448931],[-3.555344,57.448819],[-3.555388,57.448735],[-3.555437,57.448681],[-3.55549,57.448655],[-3.555549,57.448658],[-3.555601,57.44867],[-3.555646,57.44869],[-3.555684,57.448719],[-3.555715,57.448756],[-3.555765,57.44879],[-3.555834,57.448822],[-3.555922,57.44885],[-3.55603,57.448876],[-3.556104,57.448913],[-3.556144,57.44896],[-3.556151,57.449017],[-3.556124,57.449085],[-3.556157,57.44913],[-3.556248,57.449151],[-3.556399,57.449149],[-3.556608,57.449125],[-3.556816,57.44911],[-3.557021,57.449106],[-3.557225,57.449112],[-3.557427,57.449128],[-3.557631,57.449134],[-3.557836,57.44913],[-3.558044,57.449115],[-3.558253,57.44909],[-3.558424,57.449066],[-3.558556,57.449041],[-3.558649,57.449017],[-3.558704,57.448993],[-3.558742,57.448961],[-3.558765,57.448921],[-3.558772,57.448874],[-3.558763,57.448819],[-3.558749,57.448765],[-3.558729,57.448711],[-3.558704,57.448658],[-3.558673,57.448606],[-3.558686,57.448561],[-3.558745,57.448524],[-3.558847,57.448495],[-3.558995,57.448473],[-3.559116,57.448474],[-3.559211,57.448496],[-3.559279,57.448541],[-3.559321,57.448608],[-3.559393,57.448658],[-3.559494,57.448691],[-3.559625,57.448707],[-3.559786,57.448705],[-3.559916,57.448682],[-3.560014,57.448636],[-3.560081,57.448568],[-3.560116,57.448478],[-3.560188,57.448425],[-3.560295,57.448411],[-3.560437,57.448435],[-3.560616,57.448497],[-3.560795,57.448535],[-3.560976,57.448549],[-3.561158,57.448539],[-3.561341,57.448504],[-3.561495,57.448455],[-3.561621,57.448391],[-3.561719,57.448312],[-3.561787,57.448218],[-3.561918,57.448151],[-3.56211,57.448111],[-3.562365,57.448098],[-3.562681,57.448111],[-3.562926,57.448108],[-3.5631,57.448089],[-3.563203,57.448053],[-3.563235,57.448],[-3.563286,57.447955],[-3.563356,57.447918],[-3.563445,57.44789],[-3.563552,57.447869],[-3.563638,57.447845],[-3.563703,57.447817],[-3.563745,57.447784],[-3.563766,57.447748],[-3.563821,57.447717],[-3.563909,57.447691],[-3.564031,57.447669],[-3.564186,57.447653],[-3.564289,57.447625],[-3.56434,57.447584],[-3.564339,57.447531],[-3.564286,57.447465],[-3.564279,57.447398],[-3.564316,57.447329],[-3.5644,57.447258],[-3.564528,57.447186],[-3.564669,57.447142],[-3.564821,57.447126],[-3.564986,57.447139],[-3.565162,57.447179],[-3.565331,57.447193],[-3.565493,57.447179],[-3.565647,57.447138],[-3.565795,57.44707],[-3.565852,57.447015],[-3.56582,57.446974],[-3.565697,57.446946],[-3.565484,57.44693],[-3.565349,57.44691],[-3.565291,57.446886],[-3.56531,57.446856],[-3.565406,57.446821],[-3.56553,57.4468],[-3.56568,57.446794],[-3.565857,57.446802],[-3.566061,57.446824],[-3.566245,57.446848],[-3.566411,57.446875],[-3.566556,57.446903],[-3.566683,57.446933],[-3.566787,57.446963],[-3.56687,57.446991],[-3.56693,57.447019],[-3.566969,57.447046],[-3.567016,57.447079],[-3.567071,57.447118],[-3.567133,57.447164],[-3.567204,57.447215],[-3.567302,57.447249],[-3.567426,57.447266],[-3.567577,57.447265],[-3.567754,57.447246],[-3.567914,57.447235],[-3.568057,57.447231],[-3.568182,57.447234],[-3.568289,57.447245],[-3.568322,57.447268],[-3.56828,57.447303],[-3.568164,57.447351],[-3.567973,57.447411],[-3.567795,57.447453],[-3.567628,57.447476],[-3.567473,57.447481],[-3.56733,57.447468],[-3.567192,57.447451],[-3.567061,57.447429],[-3.566934,57.447403],[-3.566813,57.447372],[-3.566668,57.447357],[-3.566499,57.447359],[-3.566306,57.447378],[-3.566089,57.447413],[-3.565883,57.447448],[-3.565689,57.447484],[-3.565507,57.44752],[-3.565336,57.447556],[-3.565192,57.447586],[-3.565074,57.447611],[-3.564983,57.44763],[-3.564919,57.447642],[-3.564813,57.447676],[-3.564666,57.44773],[-3.564478,57.447804],[-3.564248,57.447899],[-3.564056,57.447978],[-3.563901,57.448041],[-3.563783,57.448087],[-3.563702,57.448117],[-3.563616,57.448151],[-3.563527,57.44819],[-3.563434,57.448233],[-3.563336,57.44828],[-3.563232,57.448323],[-3.563123,57.44836],[-3.563007,57.448393],[-3.562885,57.448421],[-3.562767,57.448446],[-3.562654,57.448467],[-3.562545,57.448485],[-3.562441,57.448498],[-3.562342,57.44853],[-3.562247,57.448578],[-3.562158,57.448644],[-3.562074,57.448727],[-3.561992,57.448806],[-3.561913,57.448881],[-3.561837,57.448951],[-3.561764,57.449018],[-3.561694,57.449072],[-3.561626,57.449115],[-3.561561,57.449145],[-3.561499,57.449164],[-3.561439,57.449174],[-3.561381,57.449173],[-3.561326,57.449164],[-3.561273,57.449144],[-3.561191,57.449138],[-3.561081,57.449145],[-3.560943,57.449165],[-3.560777,57.449197],[-3.56064,57.449232],[-3.560533,57.44927],[-3.560456,57.44931],[-3.560408,57.449352],[-3.560336,57.449387],[-3.56024,57.449415],[-3.56012,57.449437],[-3.559976,57.449452],[-3.559843,57.449454],[-3.55972,57.449441],[-3.559609,57.449416],[-3.559508,57.449377],[-3.559389,57.449344],[-3.559253,57.449318],[-3.559099,57.449298],[-3.558927,57.449285],[-3.558768,57.449278],[-3.55862,57.449276],[-3.558485,57.44928],[-3.558362,57.44929],[-3.558234,57.449311],[-3.558102,57.449343],[-3.557966,57.449386],[-3.557825,57.449441],[-3.557685,57.449484],[-3.557547,57.449516],[-3.557411,57.449535],[-3.557275,57.449543],[-3.557145,57.44954],[-3.557019,57.449527],[-3.556898,57.449503],[-3.556782,57.449469],[-3.556623,57.449434],[-3.556423,57.449399],[-3.556181,57.449364],[-3.555898,57.449328],[-3.555638,57.449312],[-3.555403,57.449314],[-3.555193,57.449336],[-3.555006,57.449377],[-3.554871,57.449393],[-3.554788,57.449385],[-3.554755,57.449352]],[[-3.626539,57.462042],[-3.626443,57.462049],[-3.626353,57.462039],[-3.626268,57.462012],[-3.626189,57.461969],[-3.626114,57.461908],[-3.626008,57.461856],[-3.625871,57.461811],[-3.625702,57.461775],[-3.625501,57.461746],[-3.625319,57.461694],[-3.625155,57.461618],[-3.62501,57.461518],[-3.624884,57.461395],[-3.624783,57.461273],[-3.624709,57.46115],[-3.624661,57.461028],[-3.624639,57.460907],[-3.624625,57.460802],[-3.624622,57.460714],[-3.624627,57.460643],[-3.624641,57.460589],[-3.624683,57.460548],[-3.624753,57.460519],[-3.624851,57.460502],[-3.624976,57.460499],[-3.625091,57.460501],[-3.625195,57.460511],[-3.625289,57.460526],[-3.625372,57.460549],[-3.625446,57.460556],[-3.625509,57.46055],[-3.625563,57.460529],[-3.625608,57.460493],[-3.625661,57.460462],[-3.625723,57.460435],[-3.625794,57.460413],[-3.625874,57.460396],[-3.625917,57.460367],[-3.625922,57.460328],[-3.62589,57.460278],[-3.625822,57.460217],[-3.625783,57.460156],[-3.625775,57.460095],[-3.625797,57.460034],[-3.625849,57.459973],[-3.625901,57.459911],[-3.625953,57.45985],[-3.626005,57.459789],[-3.626057,57.459728],[-3.626123,57.459654],[-3.626203,57.459566],[-3.626297,57.459466],[-3.626404,57.459353],[-3.626528,57.459266],[-3.626667,57.459207],[-3.626822,57.459174],[-3.626993,57.459169],[-3.627143,57.459186],[-3.627273,57.459225],[-3.627382,57.459286],[-3.627471,57.45937],[-3.62756,57.459436],[-3.62765,57.459484],[-3.62774,57.459514],[-3.627831,57.459526],[-3.627926,57.45953],[-3.628025,57.459526],[-3.628129,57.459514],[-3.628236,57.459493],[-3.628336,57.459467],[-3.628427,57.459434],[-3.628511,57.459395],[-3.628586,57.45935],[-3.62865,57.459322],[-3.628704,57.45931],[-3.628746,57.459315],[-3.628777,57.459336],[-3.628769,57.45937],[-3.628723,57.459415],[-3.628637,57.459472],[-3.628513,57.45954],[-3.628391,57.459603],[-3.62827,57.459658],[-3.628152,57.459708],[-3.628036,57.459751],[-3.627972,57.459793],[-3.627962,57.459835],[-3.628004,57.459875],[-3.628099,57.459915],[-3.628171,57.459967],[-3.628218,57.460032],[-3.628241,57.460109],[-3.62824,57.460199],[-3.628215,57.460288],[-3.628168,57.460377],[-3.628097,57.460465],[-3.628003,57.460552],[-3.627909,57.46063],[-3.627817,57.460698],[-3.627725,57.460757],[-3.627634,57.460807],[-3.627549,57.460857],[-3.62747,57.460907],[-3.627396,57.460957],[-3.627328,57.461008],[-3.627238,57.46105],[-3.627124,57.461085],[-3.626987,57.461113],[-3.626828,57.461133],[-3.626693,57.461153],[-3.626582,57.461174],[-3.626497,57.461195],[-3.626436,57.461217],[-3.626388,57.461252],[-3.626355,57.4613],[-3.626334,57.461362],[-3.626328,57.461437],[-3.626342,57.4615],[-3.626378,57.46155],[-3.626436,57.461588],[-3.626515,57.461614],[-3.626577,57.461657],[-3.626622,57.461718],[-3.626651,57.461795],[-3.626663,57.46189],[-3.626649,57.461963],[-3.626607,57.462013],[-3.626539,57.462042]],[[-3.646781,57.471231],[-3.646785,57.471178],[-3.646765,57.471122],[-3.646723,57.471063],[-3.646658,57.471001],[-3.64657,57.470935],[-3.646505,57.470858],[-3.646463,57.470768],[-3.646444,57.470665],[-3.646447,57.47055],[-3.646451,57.470425],[-3.646455,57.47029],[-3.64646,57.470145],[-3.646465,57.469989],[-3.646524,57.469842],[-3.646637,57.469704],[-3.646803,57.469573],[-3.647022,57.469451],[-3.647195,57.46934],[-3.647322,57.46924],[-3.647403,57.469152],[-3.647437,57.469074],[-3.647477,57.468994],[-3.647521,57.468912],[-3.64757,57.468827],[-3.647624,57.468741],[-3.647671,57.468662],[-3.647711,57.46859],[-3.647742,57.468525],[-3.647767,57.468466],[-3.647762,57.4684],[-3.647729,57.468326],[-3.647667,57.468244],[-3.647576,57.468155],[-3.64751,57.468068],[-3.64747,57.467984],[-3.647456,57.467903],[-3.647467,57.467824],[-3.647515,57.467761],[-3.647601,57.467713],[-3.647725,57.467681],[-3.647885,57.467664],[-3.648023,57.467689],[-3.648136,57.467754],[-3.648227,57.467861],[-3.648293,57.468009],[-3.648385,57.468104],[-3.648502,57.468148],[-3.648644,57.468139],[-3.648812,57.468079],[-3.648978,57.468016],[-3.649144,57.46795],[-3.649309,57.467883],[-3.649473,57.467813],[-3.649647,57.467757],[-3.64983,57.467715],[-3.650022,57.467686],[-3.650224,57.467671],[-3.650391,57.467696],[-3.650521,57.467762],[-3.650617,57.467867],[-3.650677,57.468013],[-3.650744,57.468114],[-3.650817,57.468171],[-3.650897,57.468185],[-3.650983,57.468154],[-3.651055,57.468144],[-3.651111,57.468156],[-3.651151,57.468188],[-3.651177,57.468241],[-3.651156,57.468301],[-3.651089,57.468368],[-3.650976,57.468443],[-3.650816,57.468525],[-3.650696,57.468594],[-3.650617,57.46865],[-3.650577,57.468694],[-3.650577,57.468725],[-3.650588,57.468754],[-3.650609,57.468781],[-3.650642,57.468806],[-3.650685,57.468829],[-3.65072,57.468853],[-3.650746,57.468876],[-3.650763,57.4689],[-3.650772,57.468924],[-3.650747,57.468947],[-3.650689,57.468968],[-3.650597,57.468989],[-3.650472,57.469008],[-3.650347,57.469043],[-3.650222,57.469093],[-3.650096,57.469159],[-3.649971,57.46924],[-3.64986,57.469308],[-3.649762,57.469363],[-3.649678,57.469405],[-3.649608,57.469434],[-3.649564,57.469466],[-3.649545,57.4695],[-3.649552,57.469538],[-3.649584,57.469578],[-3.649575,57.469622],[-3.649524,57.469671],[-3.649431,57.469724],[-3.649297,57.469781],[-3.649166,57.469836],[-3.64904,57.46989],[-3.648916,57.469941],[-3.648796,57.469991],[-3.648695,57.470032],[-3.648612,57.470064],[-3.648547,57.470087],[-3.6485,57.470101],[-3.648444,57.470111],[-3.648377,57.470118],[-3.648301,57.470122],[-3.648214,57.470121],[-3.648134,57.470134],[-3.64806,57.470161],[-3.647993,57.4702],[-3.647932,57.470253],[-3.647885,57.470304],[-3.647852,57.470354],[-3.647832,57.470403],[-3.647827,57.47045],[-3.647802,57.470502],[-3.647757,57.470559],[-3.647692,57.470622],[-3.647608,57.47069],[-3.647522,57.470746],[-3.647436,57.470793],[-3.647348,57.470828],[-3.64726,57.470853],[-3.647192,57.470892],[-3.647145,57.470944],[-3.64712,57.471011],[-3.647116,57.471092],[-3.647092,57.471159],[-3.647048,57.471212],[-3.646984,57.47125],[-3.646901,57.471274],[-3.64684,57.471279],[-3.6468,57.471265],[-3.646781,57.471231]],[[-3.647366,57.467169],[-3.647342,57.466995],[-3.647295,57.466814],[-3.647224,57.466626],[-3.647132,57.466431],[-3.647016,57.46623],[-3.646932,57.466042],[-3.646879,57.46587],[-3.646858,57.465712],[-3.646868,57.465568],[-3.646914,57.465445],[-3.646996,57.465342],[-3.647115,57.465259],[-3.64727,57.465196],[-3.64739,57.465118],[-3.647473,57.465024],[-3.64752,57.464915],[-3.647531,57.46479],[-3.647516,57.464685],[-3.647476,57.464601],[-3.647411,57.464538],[-3.64732,57.464494],[-3.647226,57.464479],[-3.64713,57.464493],[-3.647032,57.464534],[-3.646931,57.464603],[-3.646842,57.464672],[-3.646763,57.464741],[-3.646697,57.464809],[-3.646641,57.464876],[-3.646585,57.464923],[-3.646529,57.464949],[-3.646472,57.464955],[-3.646414,57.464939],[-3.64639,57.464912],[-3.646398,57.464874],[-3.64644,57.464825],[-3.646516,57.464764],[-3.646579,57.464698],[-3.64663,57.464626],[-3.646669,57.464548],[-3.646695,57.464465],[-3.646738,57.464387],[-3.646797,57.464314],[-3.646873,57.464247],[-3.646965,57.464185],[-3.647067,57.464109],[-3.647177,57.46402],[-3.647298,57.463918],[-3.647427,57.463802],[-3.647538,57.463718],[-3.647631,57.463665],[-3.647705,57.463643],[-3.64776,57.463653],[-3.647777,57.463685],[-3.647754,57.46374],[-3.647692,57.463818],[-3.647592,57.463918],[-3.647521,57.464015],[-3.647481,57.464109],[-3.647472,57.4642],[-3.647493,57.464287],[-3.647532,57.464352],[-3.647588,57.464395],[-3.647661,57.464414],[-3.647752,57.464411],[-3.647866,57.464417],[-3.648002,57.464434],[-3.64816,57.464461],[-3.648341,57.464498],[-3.648427,57.464536],[-3.648419,57.464576],[-3.648316,57.464617],[-3.648118,57.464659],[-3.647973,57.464708],[-3.647878,57.464765],[-3.647836,57.464828],[-3.647845,57.464898],[-3.647848,57.464976],[-3.647845,57.465061],[-3.647837,57.465154],[-3.647822,57.465255],[-3.647807,57.465352],[-3.647789,57.465445],[-3.647771,57.465534],[-3.647751,57.46562],[-3.647733,57.465696],[-3.647717,57.465761],[-3.647703,57.465816],[-3.647691,57.46586],[-3.647653,57.465898],[-3.647589,57.465927],[-3.6475,57.46595],[-3.647384,57.465965],[-3.647343,57.466006],[-3.647377,57.466072],[-3.647484,57.466164],[-3.647666,57.466281],[-3.647808,57.466341],[-3.64791,57.466345],[-3.647972,57.466291],[-3.647994,57.46618],[-3.648025,57.466099],[-3.648063,57.466047],[-3.648109,57.466024],[-3.648163,57.466031],[-3.648201,57.46607],[-3.648222,57.466142],[-3.648227,57.466247],[-3.648215,57.466385],[-3.64821,57.466503],[-3.648212,57.466602],[-3.648222,57.466681],[-3.648238,57.466742],[-3.648219,57.466794],[-3.648164,57.466838],[-3.648072,57.466875],[-3.647945,57.466904],[-3.647827,57.466956],[-3.64772,57.46703],[-3.647622,57.467128],[-3.647534,57.467249],[-3.647463,57.467296],[-3.647407,57.467269],[-3.647366,57.467169]],[[-3.697768,57.443367],[-3.697676,57.44338],[-3.6976,57.443408],[-3.697541,57.443451],[-3.697499,57.443508],[-3.697446,57.443541],[-3.697383,57.443549],[-3.697309,57.443532],[-3.697225,57.443492],[-3.697151,57.443448],[-3.697087,57.4434],[-3.697033,57.443349],[-3.69699,57.443295],[-3.696947,57.443237],[-3.696903,57.443175],[-3.69686,57.443109],[-3.696817,57.443039],[-3.696764,57.442976],[-3.696703,57.442921],[-3.696633,57.442872],[-3.696555,57.442831],[-3.696509,57.442782],[-3.696497,57.442726],[-3.696518,57.442663],[-3.696572,57.442592],[-3.696617,57.442522],[-3.696654,57.442451],[-3.696683,57.442381],[-3.696703,57.442311],[-3.696645,57.442262],[-3.696511,57.442234],[-3.6963,57.442227],[-3.696012,57.442242],[-3.695787,57.442236],[-3.695624,57.44221],[-3.695524,57.442163],[-3.695488,57.442095],[-3.695451,57.442037],[-3.695415,57.441986],[-3.695379,57.441944],[-3.695344,57.441911],[-3.695323,57.441877],[-3.695316,57.441844],[-3.695324,57.441811],[-3.695346,57.441777],[-3.695419,57.441757],[-3.695543,57.441751],[-3.695718,57.441757],[-3.695944,57.441777],[-3.696113,57.441769],[-3.696224,57.441734],[-3.696277,57.441672],[-3.696272,57.441583],[-3.696294,57.441506],[-3.696342,57.441442],[-3.696416,57.441391],[-3.696517,57.441353],[-3.696591,57.441311],[-3.696637,57.441266],[-3.696656,57.441217],[-3.696649,57.441165],[-3.696662,57.441121],[-3.696698,57.441085],[-3.696755,57.441057],[-3.696833,57.441036],[-3.696902,57.441039],[-3.696961,57.441065],[-3.69701,57.441115],[-3.697049,57.441189],[-3.697094,57.441258],[-3.697144,57.441324],[-3.697201,57.441386],[-3.697263,57.441445],[-3.697334,57.441489],[-3.697414,57.441517],[-3.697502,57.441531],[-3.6976,57.44153],[-3.697688,57.441534],[-3.697766,57.441543],[-3.697834,57.441557],[-3.697893,57.441576],[-3.698035,57.441579],[-3.698261,57.441566],[-3.69857,57.441537],[-3.698962,57.441493],[-3.699268,57.441475],[-3.699487,57.441483],[-3.699619,57.441517],[-3.699664,57.441578],[-3.699665,57.441628],[-3.699619,57.441668],[-3.699528,57.441699],[-3.699392,57.441719],[-3.699283,57.441742],[-3.6992,57.441768],[-3.699145,57.441796],[-3.699116,57.441827],[-3.699082,57.441852],[-3.699043,57.441872],[-3.699,57.441886],[-3.698951,57.441894],[-3.698902,57.44189],[-3.698852,57.441873],[-3.698803,57.441844],[-3.698753,57.441803],[-3.698641,57.441793],[-3.698468,57.441814],[-3.698232,57.441867],[-3.697936,57.441951],[-3.697716,57.44204],[-3.697573,57.442136],[-3.697507,57.442237],[-3.697518,57.442344],[-3.697546,57.442427],[-3.697591,57.442484],[-3.697652,57.442516],[-3.697729,57.442524],[-3.697805,57.442556],[-3.697878,57.442613],[-3.697949,57.442696],[-3.698018,57.442803],[-3.698065,57.442909],[-3.69809,57.443013],[-3.698092,57.443116],[-3.698072,57.443217],[-3.69803,57.443293],[-3.697965,57.443343],[-3.697878,57.443368],[-3.697768,57.443367]],[[-3.791831,57.383878],[-3.791829,57.38381],[-3.791849,57.383748],[-3.791891,57.383693],[-3.791956,57.383643],[-3.792043,57.3836],[-3.792111,57.383545],[-3.792161,57.383478],[-3.792191,57.383398],[-3.792203,57.383307],[-3.792204,57.383225],[-3.792194,57.383152],[-3.792172,57.383088],[-3.79214,57.383032],[-3.79212,57.382963],[-3.792112,57.38288],[-3.792116,57.382784],[-3.792132,57.382674],[-3.792121,57.382586],[-3.792082,57.382522],[-3.792016,57.382481],[-3.791923,57.382463],[-3.791837,57.382422],[-3.791759,57.382357],[-3.791687,57.38227],[-3.791622,57.382159],[-3.791538,57.382049],[-3.791434,57.381941],[-3.79131,57.381834],[-3.791167,57.381728],[-3.79103,57.381643],[-3.790899,57.381578],[-3.790774,57.381533],[-3.790656,57.381508],[-3.790572,57.381426],[-3.790522,57.381285],[-3.790506,57.381087],[-3.790525,57.380831],[-3.790568,57.380569],[-3.790634,57.380302],[-3.790724,57.380029],[-3.790838,57.379751],[-3.790946,57.379522],[-3.791048,57.379342],[-3.791144,57.379212],[-3.791235,57.379131],[-3.791317,57.379098],[-3.791391,57.379112],[-3.791457,57.379173],[-3.791515,57.379281],[-3.7916,57.379345],[-3.791711,57.379364],[-3.791848,57.379339],[-3.792011,57.379269],[-3.792134,57.379176],[-3.792217,57.379061],[-3.79226,57.378922],[-3.792263,57.378761],[-3.792254,57.378618],[-3.792233,57.378493],[-3.7922,57.378387],[-3.792155,57.378298],[-3.79211,57.378214],[-3.792066,57.378133],[-3.792021,57.378057],[-3.791977,57.377984],[-3.791965,57.377915],[-3.791986,57.377849],[-3.792041,57.377787],[-3.792128,57.377728],[-3.792184,57.377656],[-3.792209,57.377569],[-3.792203,57.377469],[-3.792166,57.377355],[-3.792129,57.377254],[-3.792093,57.377165],[-3.792057,57.377088],[-3.792021,57.377024],[-3.792003,57.376968],[-3.792002,57.37692],[-3.792019,57.37688],[-3.792053,57.376848],[-3.792061,57.376793],[-3.792043,57.376715],[-3.791999,57.376612],[-3.791929,57.376487],[-3.79189,57.376358],[-3.791883,57.376225],[-3.791909,57.376089],[-3.791966,57.37595],[-3.791989,57.375802],[-3.791979,57.375645],[-3.791935,57.375479],[-3.791858,57.375304],[-3.791821,57.375172],[-3.791825,57.375082],[-3.791869,57.375034],[-3.791953,57.375028],[-3.792031,57.375023],[-3.792104,57.375018],[-3.792172,57.375014],[-3.792234,57.375011],[-3.792291,57.375002],[-3.792343,57.374989],[-3.792391,57.374971],[-3.792434,57.374948],[-3.792466,57.37489],[-3.792486,57.374798],[-3.792494,57.374672],[-3.792491,57.374511],[-3.792511,57.374391],[-3.792553,57.374312],[-3.792618,57.374275],[-3.792706,57.374278],[-3.79279,57.374268],[-3.79287,57.374246],[-3.792948,57.37421],[-3.793022,57.374162],[-3.793092,57.374116],[-3.793159,57.374072],[-3.793222,57.37403],[-3.793281,57.373989],[-3.793351,57.373956],[-3.79343,57.373931],[-3.79352,57.373913],[-3.79362,57.373902],[-3.793703,57.373875],[-3.793769,57.373831],[-3.79382,57.37377],[-3.793854,57.373692],[-3.793912,57.373626],[-3.793996,57.373572],[-3.794104,57.373531],[-3.794236,57.373501],[-3.794305,57.373508],[-3.79431,57.373551],[-3.79425,57.37363],[-3.794127,57.373745],[-3.793993,57.373864],[-3.793849,57.373986],[-3.793695,57.374111],[-3.793531,57.37424],[-3.793384,57.374378],[-3.793256,57.374525],[-3.793144,57.374681],[-3.793051,57.374845],[-3.792981,57.374995],[-3.792933,57.375128],[-3.792908,57.375246],[-3.792907,57.375349],[-3.792913,57.375462],[-3.792928,57.375586],[-3.792952,57.37572],[-3.792983,57.375866],[-3.79301,57.375995],[-3.793033,57.376109],[-3.793051,57.376207],[-3.793065,57.376289],[-3.793094,57.376353],[-3.79314,57.376397],[-3.793201,57.376423],[-3.793279,57.376431],[-3.793328,57.376481],[-3.793349,57.376575],[-3.793342,57.376712],[-3.793306,57.376893],[-3.793284,57.377055],[-3.793275,57.3772],[-3.79328,57.377328],[-3.793298,57.377437],[-3.793327,57.377522],[-3.793367,57.377583],[-3.793418,57.37762],[-3.79348,57.377632],[-3.793511,57.377675],[-3.79351,57.377749],[-3.793478,57.377855],[-3.793414,57.377992],[-3.793385,57.378125],[-3.793391,57.378255],[-3.793431,57.37838],[-3.793506,57.378503],[-3.793529,57.378653],[-3.793502,57.378833],[-3.793423,57.379041],[-3.793294,57.379278],[-3.793185,57.379466],[-3.793096,57.379605],[-3.793028,57.379696],[-3.792981,57.379738],[-3.792948,57.379816],[-3.792931,57.37993],[-3.792928,57.380079],[-3.79294,57.380263],[-3.792946,57.380428],[-3.792946,57.380574],[-3.79294,57.3807],[-3.792928,57.380807],[-3.792898,57.380895],[-3.79285,57.380965],[-3.792783,57.381017],[-3.792698,57.381051],[-3.79262,57.381154],[-3.792549,57.381325],[-3.792486,57.381566],[-3.79243,57.381875],[-3.792404,57.382136],[-3.792409,57.382348],[-3.792444,57.38251],[-3.79251,57.382624],[-3.792551,57.382725],[-3.792566,57.382811],[-3.792556,57.382884],[-3.792521,57.382944],[-3.792496,57.383015],[-3.792481,57.383097],[-3.792476,57.38319],[-3.79248,57.383295],[-3.792475,57.383392],[-3.792459,57.38348],[-3.792433,57.38356],[-3.792397,57.383632],[-3.792338,57.383701],[-3.792257,57.383767],[-3.792152,57.38383],[-3.792025,57.38389],[-3.79193,57.383918],[-3.791865,57.383914],[-3.791831,57.383878]],[[-3.78876,57.38847],[-3.788755,57.388393],[-3.788764,57.388317],[-3.788788,57.388244],[-3.788827,57.388171],[-3.788881,57.388101],[-3.78892,57.38803],[-3.788945,57.387959],[-3.788956,57.387888],[-3.788952,57.387817],[-3.788944,57.387752],[-3.788929,57.387691],[-3.78891,57.387636],[-3.788885,57.387586],[-3.788887,57.387522],[-3.788916,57.387445],[-3.788971,57.387354],[-3.789052,57.387249],[-3.789093,57.387129],[-3.789094,57.386992],[-3.789054,57.38684],[-3.788973,57.386672],[-3.788903,57.386538],[-3.788843,57.386439],[-3.788793,57.386375],[-3.788753,57.386345],[-3.788727,57.38631],[-3.788714,57.386269],[-3.788716,57.386224],[-3.788731,57.386172],[-3.788735,57.386109],[-3.788727,57.386034],[-3.788707,57.385947],[-3.788675,57.385848],[-3.788607,57.385692],[-3.788501,57.385479],[-3.788357,57.385208],[-3.788176,57.38488],[-3.788024,57.384594],[-3.7879,57.384348],[-3.787805,57.384143],[-3.787738,57.38398],[-3.787706,57.383859],[-3.787711,57.383779],[-3.787751,57.383742],[-3.787828,57.383746],[-3.787908,57.383798],[-3.787991,57.383898],[-3.788078,57.384045],[-3.788169,57.38424],[-3.78825,57.384426],[-3.788323,57.384605],[-3.788387,57.384774],[-3.788442,57.384936],[-3.788505,57.385054],[-3.788576,57.385129],[-3.788655,57.38516],[-3.788743,57.385147],[-3.788813,57.385117],[-3.788867,57.38507],[-3.788905,57.385005],[-3.788925,57.384922],[-3.788963,57.384872],[-3.789016,57.384854],[-3.789086,57.384868],[-3.789173,57.384915],[-3.789255,57.384946],[-3.789333,57.384963],[-3.789407,57.384964],[-3.789477,57.384951],[-3.789557,57.384953],[-3.789647,57.384971],[-3.789748,57.385006],[-3.789858,57.385056],[-3.789899,57.385114],[-3.78987,57.385181],[-3.78977,57.385256],[-3.7896,57.385339],[-3.789454,57.385425],[-3.789332,57.385513],[-3.789234,57.385605],[-3.78916,57.3857],[-3.789138,57.385798],[-3.789168,57.3859],[-3.789249,57.386006],[-3.789383,57.386116],[-3.789502,57.386218],[-3.789606,57.386312],[-3.789696,57.386399],[-3.789772,57.386478],[-3.78983,57.386561],[-3.789872,57.38665],[-3.789897,57.386743],[-3.789906,57.386842],[-3.789906,57.386931],[-3.789899,57.38701],[-3.789883,57.387081],[-3.78986,57.387142],[-3.789848,57.3872],[-3.789845,57.387255],[-3.789853,57.387306],[-3.789871,57.387353],[-3.789847,57.387408],[-3.78978,57.387469],[-3.789672,57.387537],[-3.789522,57.387612],[-3.789404,57.387677],[-3.789319,57.387734],[-3.789267,57.387783],[-3.789247,57.387822],[-3.789243,57.387868],[-3.789254,57.387921],[-3.789281,57.387981],[-3.789324,57.388048],[-3.789317,57.388125],[-3.789261,57.388213],[-3.789155,57.388312],[-3.789001,57.388421],[-3.788884,57.388484],[-3.788803,57.3885],[-3.78876,57.38847]]]}}