{"type":"Feature","properties":{"id":"417503","COMMUNE":"Powys","PROVINCE":"Powys","COUNTRY":"UK","FIREDATE":"2026-04-29 10:21:00","CLASS":"FireSeason","areaHA_geo":6366.873},"geometry":{"type":"Polygon","coordinates":[[[-3.747878,52.348694],[-3.747774,52.348664],[-3.747779,52.348654],[-3.747797,52.348612],[-3.747827,52.348536],[-3.747848,52.348482],[-3.747862,52.348449],[-3.747865,52.348371],[-3.747857,52.348249],[-3.747841,52.348124],[-3.747816,52.347995],[-3.747804,52.347923],[-3.747804,52.347909],[-3.747806,52.347866],[-3.74781,52.347795],[-3.747836,52.347714],[-3.747885,52.347624],[-3.747987,52.34759],[-3.748142,52.347613],[-3.748231,52.347626],[-3.748255,52.347629],[-3.748292,52.347689],[-3.748345,52.347806],[-3.748485,52.347884],[-3.748714,52.347923],[-3.748941,52.347953],[-3.749164,52.347974],[-3.749363,52.347974],[-3.749538,52.347954],[-3.749659,52.347993],[-3.749724,52.34809],[-3.749745,52.348149],[-3.74972,52.348169],[-3.749702,52.348208],[-3.749689,52.348266],[-3.749753,52.34832],[-3.749892,52.34837],[-3.750044,52.348381],[-3.750209,52.348352],[-3.75029,52.348315],[-3.750287,52.348267],[-3.750393,52.34824],[-3.750608,52.348234],[-3.7508,52.34823],[-3.75097,52.348229],[-3.751103,52.348233],[-3.751198,52.348241],[-3.751212,52.348275],[-3.751144,52.348336],[-3.751089,52.348385],[-3.751049,52.348421],[-3.750987,52.348454],[-3.750903,52.348482],[-3.750846,52.348522],[-3.750815,52.348573],[-3.750874,52.348613],[-3.751023,52.348643],[-3.751143,52.348681],[-3.751235,52.348726],[-3.751318,52.348792],[-3.751391,52.348878],[-3.751468,52.348925],[-3.751549,52.348935],[-3.751647,52.348943],[-3.751764,52.348949],[-3.751874,52.348955],[-3.751978,52.348961],[-3.752082,52.348981],[-3.752186,52.349016],[-3.752224,52.349087],[-3.752195,52.349194],[-3.752147,52.349289],[-3.752078,52.349371],[-3.752039,52.349418],[-3.752029,52.34943],[-3.751988,52.349445],[-3.751916,52.349462],[-3.751791,52.349458],[-3.751612,52.349432],[-3.751489,52.34942],[-3.751423,52.349424],[-3.751409,52.349454],[-3.751448,52.34951],[-3.751484,52.349565],[-3.751516,52.349618],[-3.751535,52.349646],[-3.75154,52.349649],[-3.751597,52.34968],[-3.751704,52.349739],[-3.751779,52.34979],[-3.751823,52.349832],[-3.751845,52.349876],[-3.751844,52.349923],[-3.751844,52.349971],[-3.751843,52.350018],[-3.751889,52.350041],[-3.751982,52.350039],[-3.752086,52.350051],[-3.752202,52.350075],[-3.752231,52.350119],[-3.752173,52.350182],[-3.752156,52.35025],[-3.752179,52.350323],[-3.75215,52.350378],[-3.752069,52.350416],[-3.751998,52.350462],[-3.751938,52.350516],[-3.751893,52.350568],[-3.751862,52.350619],[-3.751858,52.350704],[-3.75188,52.350824],[-3.751893,52.350889],[-3.751896,52.350898],[-3.751906,52.35093],[-3.751923,52.350984],[-3.751911,52.351019],[-3.751869,52.351033],[-3.751772,52.351044],[-3.751619,52.351053],[-3.751524,52.351069],[-3.751485,52.351092],[-3.751447,52.351144],[-3.75141,52.351223],[-3.751435,52.351329],[-3.751523,52.35146],[-3.75157,52.351535],[-3.751576,52.351553],[-3.751608,52.351606],[-3.751666,52.351693],[-3.751755,52.351753],[-3.751874,52.351787],[-3.751909,52.351825],[-3.751861,52.351868],[-3.75179,52.351914],[-3.751697,52.351963],[-3.751675,52.352065],[-3.751724,52.352219],[-3.751789,52.352329],[-3.751872,52.352395],[-3.751859,52.352453],[-3.751751,52.352503],[-3.751651,52.352529],[-3.751559,52.352531],[-3.751423,52.352518],[-3.751244,52.352492],[-3.751116,52.352479],[-3.751039,52.352478],[-3.750922,52.352525],[-3.750766,52.352619],[-3.750654,52.352707],[-3.750587,52.35279],[-3.750548,52.352861],[-3.750535,52.352919],[-3.750564,52.352963],[-3.750636,52.352992],[-3.750559,52.353044],[-3.750334,52.353117],[-3.750137,52.353253],[-3.749968,52.353452],[-3.749888,52.35357],[-3.7499,52.353606],[-3.750027,52.353615],[-3.750268,52.353596],[-3.750429,52.353615],[-3.750509,52.353672],[-3.75064,52.353718],[-3.750821,52.353753],[-3.750924,52.353736],[-3.750949,52.353667],[-3.751117,52.35361],[-3.751427,52.353564],[-3.751668,52.353517],[-3.751839,52.353469],[-3.751963,52.353422],[-3.752041,52.353375],[-3.752163,52.353318],[-3.752327,52.353252],[-3.752433,52.353169],[-3.752479,52.353069],[-3.752531,52.352987],[-3.752588,52.352924],[-3.752671,52.352867],[-3.752779,52.352817],[-3.752816,52.352737],[-3.752781,52.352628],[-3.752805,52.352531],[-3.752887,52.352446],[-3.752942,52.35235],[-3.75297,52.352243],[-3.753001,52.352145],[-3.753035,52.352056],[-3.753101,52.351973],[-3.753201,52.351896],[-3.75328,52.3519],[-3.753338,52.351988],[-3.753345,52.352081],[-3.753299,52.352181],[-3.753308,52.352284],[-3.753372,52.352389],[-3.753501,52.352407],[-3.753696,52.352337],[-3.753795,52.352283],[-3.753799,52.352245],[-3.753901,52.352252],[-3.754104,52.352304],[-3.754266,52.352304],[-3.754389,52.352252],[-3.754552,52.352181],[-3.754756,52.352091],[-3.75493,52.352004],[-3.755075,52.351921],[-3.755179,52.351933],[-3.755243,52.352038],[-3.755295,52.352155],[-3.755335,52.352282],[-3.755394,52.35237],[-3.755471,52.352417],[-3.755567,52.352453],[-3.755683,52.352477],[-3.755838,52.352478],[-3.756032,52.352455],[-3.756172,52.352406],[-3.756256,52.35233],[-3.756285,52.352275],[-3.756259,52.35224],[-3.756158,52.352238],[-3.755981,52.352268],[-3.755874,52.352247],[-3.755836,52.352176],[-3.755852,52.352104],[-3.755922,52.35203],[-3.756005,52.352001],[-3.756104,52.352018],[-3.756178,52.352009],[-3.756229,52.351975],[-3.756233,52.351937],[-3.756189,52.351895],[-3.756192,52.351857],[-3.756243,52.351822],[-3.756318,52.35179],[-3.756417,52.35176],[-3.75656,52.351771],[-3.756747,52.351825],[-3.756878,52.351847],[-3.756953,52.351838],[-3.757005,52.351832],[-3.757035,52.351829],[-3.75718,52.351821],[-3.757439,52.35181],[-3.757712,52.351792],[-3.757999,52.351768],[-3.758081,52.351659],[-3.757958,52.351466],[-3.757854,52.351309],[-3.757769,52.351187],[-3.75768,52.351098],[-3.757585,52.351043],[-3.757411,52.351007],[-3.757158,52.350989],[-3.756961,52.350956],[-3.756822,52.350906],[-3.756687,52.350823],[-3.756557,52.350706],[-3.756479,52.350603],[-3.75645,52.350514],[-3.756632,52.35045],[-3.757022,52.350412],[-3.757281,52.350447],[-3.757408,52.350555],[-3.757519,52.350589],[-3.757615,52.350549],[-3.75773,52.350569],[-3.757863,52.350648],[-3.758098,52.350681],[-3.758435,52.35067],[-3.758689,52.350716],[-3.758861,52.350818],[-3.759027,52.350903],[-3.759187,52.350969],[-3.759292,52.351032],[-3.759342,52.351092],[-3.759493,52.351079],[-3.759744,52.350993],[-3.75987,52.350997],[-3.759868,52.351092],[-3.759746,52.351196],[-3.759503,52.351309],[-3.759463,52.351403],[-3.759626,52.351478],[-3.759852,52.351532],[-3.760141,52.351564],[-3.760208,52.351655],[-3.760054,52.351805],[-3.760044,52.35192],[-3.760177,52.351999],[-3.760291,52.352065],[-3.760386,52.35212],[-3.760544,52.352154],[-3.760764,52.352166],[-3.760894,52.352235],[-3.760934,52.352363],[-3.761062,52.352423],[-3.761277,52.352417],[-3.761424,52.352442],[-3.761504,52.352499],[-3.76163,52.352531],[-3.761803,52.352539],[-3.761918,52.352535],[-3.761975,52.352519],[-3.762057,52.352486],[-3.762165,52.352435],[-3.762233,52.35238],[-3.762261,52.35232],[-3.762207,52.352275],[-3.762074,52.352243],[-3.761953,52.352206],[-3.761847,52.352161],[-3.761755,52.352068],[-3.76168,52.351926],[-3.761623,52.35182],[-3.761585,52.351749],[-3.761725,52.351676],[-3.762042,52.351601],[-3.762231,52.351513],[-3.762291,52.351412],[-3.762348,52.351297],[-3.7624,52.351168],[-3.762487,52.351026],[-3.762609,52.35087],[-3.762732,52.350747],[-3.762859,52.350657],[-3.762985,52.350567],[-3.763111,52.350477],[-3.763186,52.350392],[-3.763207,52.350314],[-3.763237,52.350259],[-3.763273,52.350227],[-3.763272,52.350201],[-3.763235,52.350182],[-3.763242,52.350157],[-3.763295,52.350127],[-3.763422,52.350186],[-3.763623,52.350332],[-3.76366,52.35045],[-3.763534,52.35054],[-3.763618,52.350709],[-3.763913,52.350958],[-3.76416,52.351004],[-3.764359,52.350849],[-3.764455,52.350711],[-3.764447,52.350589],[-3.76441,52.350494],[-3.764342,52.350427],[-3.764433,52.350322],[-3.764682,52.35018],[-3.764754,52.350063],[-3.764648,52.349971],[-3.764582,52.349838],[-3.764558,52.349661],[-3.764463,52.349606],[-3.764298,52.349673],[-3.764219,52.349814],[-3.764225,52.35003],[-3.764132,52.350154],[-3.763941,52.350186],[-3.763776,52.350154],[-3.763637,52.350057],[-3.763582,52.349955],[-3.76361,52.349848],[-3.763565,52.349778],[-3.763446,52.349744],[-3.763342,52.349686],[-3.763254,52.349602],[-3.76314,52.349511],[-3.763001,52.349415],[-3.762814,52.349385],[-3.762578,52.349422],[-3.762492,52.349394],[-3.762555,52.349302],[-3.762572,52.349206],[-3.76254,52.349106],[-3.762562,52.349004],[-3.762638,52.348901],[-3.762796,52.348812],[-3.763035,52.348736],[-3.763199,52.348618],[-3.763288,52.348457],[-3.763558,52.348331],[-3.764009,52.348241],[-3.764225,52.348064],[-3.764204,52.347803],[-3.764006,52.347689],[-3.76363,52.347724],[-3.763336,52.347801],[-3.763126,52.34792],[-3.762881,52.348],[-3.7626,52.348043],[-3.762437,52.34809],[-3.762391,52.348142],[-3.762349,52.348204],[-3.762309,52.348275],[-3.762215,52.348319],[-3.762065,52.348336],[-3.761931,52.348352],[-3.761812,52.348366],[-3.761782,52.348322],[-3.761843,52.348221],[-3.761875,52.348151],[-3.761879,52.348113],[-3.761748,52.348067],[-3.761484,52.348013],[-3.761371,52.34805],[-3.761411,52.348177],[-3.761367,52.348357],[-3.761239,52.348588],[-3.761113,52.348702],[-3.760987,52.348698],[-3.760845,52.348675],[-3.760684,52.348634],[-3.760583,52.348608],[-3.760542,52.348598],[-3.76046,52.348548],[-3.760339,52.348458],[-3.760309,52.348363],[-3.76037,52.348261],[-3.760373,52.348124],[-3.760319,52.347951],[-3.760247,52.347799],[-3.76016,52.347668],[-3.76013,52.347549],[-3.760158,52.347442],[-3.760098,52.34735],[-3.75995,52.347273],[-3.759966,52.347177],[-3.760147,52.347062],[-3.760304,52.346972],[-3.760439,52.346909],[-3.760666,52.346843],[-3.760986,52.346772],[-3.761179,52.346721],[-3.761245,52.34669],[-3.76149,52.346683],[-3.761913,52.346699],[-3.762191,52.346695],[-3.762322,52.34667],[-3.762429,52.346714],[-3.762511,52.346827],[-3.762611,52.3469],[-3.76273,52.346934],[-3.762801,52.346975],[-3.762823,52.347023],[-3.762848,52.347077],[-3.762875,52.347136],[-3.762939,52.347154],[-3.763041,52.347133],[-3.763089,52.347114],[-3.763084,52.347098],[-3.763073,52.347062],[-3.763055,52.347005],[-3.76318,52.346985],[-3.763448,52.347],[-3.763596,52.347054],[-3.763625,52.347145],[-3.763601,52.347207],[-3.763523,52.34724],[-3.763448,52.347273],[-3.763376,52.347304],[-3.763424,52.347347],[-3.763594,52.347401],[-3.76368,52.347429],[-3.763683,52.34743],[-3.763797,52.347346],[-3.764023,52.347178],[-3.764165,52.347091],[-3.764225,52.347084],[-3.764235,52.347163],[-3.764194,52.347328],[-3.764275,52.347422],[-3.764478,52.347444],[-3.764623,52.347461],[-3.764708,52.34747],[-3.764771,52.347539],[-3.764811,52.347666],[-3.76498,52.34766],[-3.765277,52.347522],[-3.765342,52.347434],[-3.765175,52.347397],[-3.765082,52.347377],[-3.765063,52.347374],[-3.764974,52.347361],[-3.764815,52.347338],[-3.764709,52.347291],[-3.764656,52.347222],[-3.764744,52.347183],[-3.764974,52.347175],[-3.765094,52.347114],[-3.765104,52.347],[-3.765001,52.346918],[-3.764784,52.346868],[-3.764611,52.346836],[-3.764483,52.346823],[-3.764342,52.346792],[-3.764188,52.346744],[-3.764086,52.346666],[-3.764037,52.346559],[-3.764088,52.346501],[-3.76424,52.346493],[-3.764442,52.346545],[-3.764694,52.346656],[-3.764862,52.346675],[-3.764947,52.346599],[-3.765073,52.346555],[-3.76524,52.346543],[-3.765338,52.346537],[-3.765368,52.346534],[-3.765367,52.346483],[-3.765336,52.346383],[-3.765263,52.346322],[-3.765148,52.346298],[-3.765016,52.346272],[-3.764866,52.346241],[-3.764679,52.346093],[-3.764456,52.345826],[-3.764445,52.345644],[-3.764646,52.345545],[-3.764859,52.345523],[-3.765085,52.345578],[-3.765202,52.345607],[-3.765211,52.345609],[-3.76523,52.345605],[-3.765257,52.345595],[-3.765333,52.345567],[-3.765459,52.345522],[-3.765519,52.345466],[-3.765514,52.345401],[-3.765609,52.345385],[-3.765806,52.345418],[-3.765917,52.345528],[-3.765942,52.345713],[-3.76596,52.345843],[-3.76597,52.345918],[-3.766172,52.345918],[-3.766567,52.345843],[-3.766817,52.345796],[-3.766922,52.345776],[-3.767061,52.345749],[-3.767232,52.345716],[-3.767369,52.34569],[-3.767472,52.34567],[-3.767684,52.345573],[-3.768007,52.345399],[-3.768184,52.345304],[-3.768213,52.345288],[-3.76823,52.345279],[-3.768235,52.345276],[-3.768236,52.345273],[-3.768232,52.345268],[-3.76819,52.345207],[-3.768108,52.34509],[-3.767742,52.345055],[-3.767092,52.345103],[-3.766508,52.345143],[-3.765992,52.345175],[-3.765606,52.345178],[-3.76535,52.345151],[-3.765206,52.345187],[-3.765175,52.345285],[-3.765081,52.345329],[-3.764923,52.345319],[-3.76473,52.345247],[-3.764502,52.345114],[-3.764274,52.345103],[-3.764046,52.345214],[-3.764006,52.345332],[-3.764153,52.345456],[-3.764176,52.345529],[-3.764075,52.34555],[-3.763855,52.345468],[-3.763518,52.345281],[-3.763233,52.345163],[-3.763001,52.345115],[-3.762886,52.345044],[-3.762887,52.344949],[-3.762783,52.344891],[-3.762575,52.344868],[-3.762326,52.344742],[-3.762037,52.344511],[-3.761826,52.344432],[-3.761694,52.344504],[-3.76158,52.344461],[-3.761483,52.344303],[-3.761565,52.344241],[-3.761824,52.344277],[-3.762109,52.344347],[-3.762421,52.344452],[-3.762612,52.344496],[-3.762684,52.344478],[-3.762907,52.344447],[-3.76328,52.344404],[-3.763489,52.344257],[-3.763534,52.344006],[-3.76347,52.343877],[-3.763297,52.343869],[-3.763075,52.343876],[-3.762803,52.343898],[-3.76271,52.343872],[-3.762794,52.343796],[-3.762926,52.343747],[-3.763105,52.343726],[-3.763257,52.343718],[-3.763383,52.343722],[-3.763502,52.343732],[-3.763615,52.343747],[-3.763771,52.343776],[-3.76397,52.343818],[-3.764129,52.343833],[-3.764249,52.343819],[-3.764377,52.343832],[-3.764514,52.343873],[-3.764653,52.343899],[-3.764796,52.34391],[-3.764815,52.343969],[-3.764709,52.344076],[-3.764804,52.34423],[-3.7651,52.344431],[-3.765404,52.344537],[-3.765717,52.344547],[-3.765958,52.344552],[-3.766128,52.344551],[-3.766333,52.344635],[-3.766572,52.344805],[-3.766816,52.34489],[-3.767063,52.344889],[-3.767233,52.344912],[-3.767325,52.344958],[-3.767502,52.344956],[-3.767765,52.344906],[-3.767948,52.344847],[-3.76805,52.344779],[-3.768119,52.344629],[-3.768155,52.344399],[-3.768241,52.344275],[-3.768379,52.344259],[-3.768467,52.344217],[-3.768505,52.344149],[-3.768455,52.344057],[-3.768315,52.343942],[-3.76813,52.34392],[-3.767898,52.343992],[-3.76777,52.343963],[-3.767744,52.343834],[-3.767617,52.343797],[-3.767386,52.343852],[-3.7673,52.343824],[-3.767358,52.343714],[-3.767481,52.343628],[-3.767668,52.343568],[-3.767851,52.343509],[-3.768029,52.343451],[-3.768028,52.343409],[-3.76785,52.343383],[-3.767679,52.343379],[-3.767514,52.343399],[-3.767398,52.343414],[-3.767331,52.343425],[-3.767223,52.343423],[-3.767074,52.343408],[-3.766889,52.343413],[-3.766666,52.343437],[-3.76654,52.34339],[-3.766509,52.343272],[-3.76648,52.343159],[-3.766452,52.343053],[-3.766283,52.342999],[-3.765971,52.342996],[-3.765659,52.343012],[-3.765345,52.343049],[-3.765277,52.343005],[-3.765455,52.342881],[-3.765559,52.34277],[-3.76559,52.342672],[-3.765689,52.342641],[-3.765855,52.342678],[-3.766078,52.342671],[-3.766356,52.34262],[-3.76655,52.34255],[-3.766662,52.342461],[-3.766762,52.342408],[-3.766851,52.342389],[-3.766901,52.342378],[-3.766914,52.342376],[-3.766958,52.342346],[-3.767033,52.342291],[-3.767009,52.342237],[-3.766884,52.342185],[-3.766821,52.34216],[-3.766819,52.34216],[-3.766698,52.342169],[-3.766458,52.342188],[-3.766239,52.3422],[-3.766039,52.342204],[-3.765884,52.342187],[-3.765774,52.342147],[-3.765695,52.342118],[-3.765648,52.342101],[-3.765626,52.34205],[-3.76563,52.341965],[-3.76555,52.341955],[-3.765385,52.342022],[-3.765287,52.342071],[-3.765257,52.342102],[-3.76521,52.34215],[-3.765147,52.342214],[-3.765053,52.342212],[-3.764927,52.342145],[-3.764834,52.342094],[-3.764773,52.342061],[-3.764611,52.342046],[-3.764349,52.342049],[-3.764087,52.342051],[-3.763824,52.342053],[-3.763686,52.342063],[-3.763672,52.342081],[-3.763639,52.342122],[-3.763586,52.342188],[-3.763463,52.342232],[-3.763269,52.342255],[-3.763132,52.342238],[-3.763052,52.342182],[-3.763013,52.342135],[-3.763015,52.342099],[-3.763017,52.342057],[-3.763019,52.342007],[-3.762874,52.341986],[-3.762582,52.341991],[-3.762435,52.341995],[-3.762433,52.341995],[-3.762347,52.342019],[-3.762179,52.342067],[-3.762121,52.342149],[-3.762173,52.342266],[-3.762182,52.342392],[-3.762147,52.342528],[-3.762091,52.342619],[-3.762013,52.342666],[-3.762117,52.3428],[-3.762403,52.343021],[-3.762673,52.343117],[-3.762927,52.343087],[-3.763089,52.343111],[-3.76316,52.343187],[-3.763425,52.343218],[-3.763884,52.343201],[-3.764076,52.343245],[-3.764,52.343348],[-3.763744,52.343397],[-3.763309,52.343391],[-3.76295,52.343358],[-3.762668,52.343297],[-3.762438,52.343206],[-3.762261,52.343085],[-3.762036,52.342961],[-3.761763,52.342832],[-3.761515,52.342734],[-3.761293,52.342666],[-3.761121,52.342587],[-3.761,52.342497],[-3.760898,52.34242],[-3.760815,52.342354],[-3.760702,52.342362],[-3.760558,52.342445],[-3.760335,52.342523],[-3.760032,52.342596],[-3.759782,52.342612],[-3.759583,52.342569],[-3.759554,52.342478],[-3.759696,52.342339],[-3.759774,52.342217],[-3.759787,52.342111],[-3.759928,52.342019],[-3.760197,52.341941],[-3.760388,52.341857],[-3.760499,52.341769],[-3.760719,52.341681],[-3.761049,52.341596],[-3.761293,52.341511],[-3.761452,52.341426],[-3.761553,52.341329],[-3.761596,52.341221],[-3.761756,52.341163],[-3.762034,52.341158],[-3.762232,52.341121],[-3.762348,52.341052],[-3.762689,52.341031],[-3.763256,52.341059],[-3.763715,52.341119],[-3.764069,52.341209],[-3.764301,52.341274],[-3.764412,52.341312],[-3.764533,52.341355],[-3.764666,52.341401],[-3.764689,52.341379],[-3.764602,52.341288],[-3.764533,52.341216],[-3.764482,52.341162],[-3.764378,52.341036],[-3.764223,52.340838],[-3.764105,52.340686],[-3.764026,52.340582],[-3.763923,52.340524],[-3.763795,52.340511],[-3.763643,52.340495],[-3.763467,52.340478],[-3.763277,52.340463],[-3.763071,52.340449],[-3.762909,52.340449],[-3.762789,52.340463],[-3.762664,52.340483],[-3.762532,52.340508],[-3.762303,52.340516],[-3.761975,52.340507],[-3.761673,52.340556],[-3.761397,52.340664],[-3.761217,52.340779],[-3.761132,52.340902],[-3.761036,52.340942],[-3.760929,52.340898],[-3.760835,52.340837],[-3.760752,52.340758],[-3.76053,52.340754],[-3.760169,52.340826],[-3.759983,52.340862],[-3.759974,52.340863],[-3.759994,52.340914],[-3.760044,52.341015],[-3.760101,52.341094],[-3.760166,52.341152],[-3.760254,52.341213],[-3.760367,52.341275],[-3.760544,52.341273],[-3.760787,52.341207],[-3.760926,52.341233],[-3.760964,52.341351],[-3.760921,52.341436],[-3.760798,52.341488],[-3.76058,52.341533],[-3.760266,52.34157],[-3.76005,52.341571],[-3.759931,52.341538],[-3.759829,52.341531],[-3.759742,52.341551],[-3.759613,52.341561],[-3.759444,52.341562],[-3.759319,52.341511],[-3.75924,52.341407],[-3.759234,52.341313],[-3.7593,52.34123],[-3.759295,52.341141],[-3.759219,52.341046],[-3.759084,52.34101],[-3.75889,52.341033],[-3.758709,52.341073],[-3.758541,52.34113],[-3.758381,52.341104],[-3.758227,52.340993],[-3.758031,52.340943],[-3.757792,52.340955],[-3.757655,52.340943],[-3.757617,52.340909],[-3.757536,52.340888],[-3.757409,52.340879],[-3.757302,52.340856],[-3.757213,52.340819],[-3.757163,52.340759],[-3.757152,52.340675],[-3.757118,52.340618],[-3.757062,52.340587],[-3.757006,52.340579],[-3.756949,52.340595],[-3.756899,52.340634],[-3.756857,52.340696],[-3.756792,52.34076],[-3.756704,52.340827],[-3.756571,52.340871],[-3.756392,52.340892],[-3.756226,52.340854],[-3.756072,52.340759],[-3.755975,52.340648],[-3.755935,52.340521],[-3.755892,52.340384],[-3.755846,52.340239],[-3.755822,52.340138],[-3.75582,52.340082],[-3.755923,52.340018],[-3.756133,52.339946],[-3.756318,52.339896],[-3.75648,52.339868],[-3.756613,52.339847],[-3.756717,52.339835],[-3.756809,52.339846],[-3.75689,52.339879],[-3.756952,52.339904],[-3.756996,52.339923],[-3.757116,52.339921],[-3.75731,52.339898],[-3.757443,52.339884],[-3.757517,52.339879],[-3.757608,52.339873],[-3.757716,52.339866],[-3.757795,52.339958],[-3.757843,52.340148],[-3.757874,52.340272],[-3.757888,52.340329],[-3.757955,52.340374],[-3.758074,52.340407],[-3.758145,52.340389],[-3.75817,52.34032],[-3.758174,52.34026],[-3.758158,52.340209],[-3.758143,52.340159],[-3.758127,52.34011],[-3.75813,52.340047],[-3.758152,52.339969],[-3.758232,52.339879],[-3.758371,52.339778],[-3.758393,52.3397],[-3.758298,52.339645],[-3.758188,52.339616],[-3.758063,52.339612],[-3.757946,52.339635],[-3.757839,52.339685],[-3.757716,52.339714],[-3.757579,52.33972],[-3.757514,52.339685],[-3.757521,52.339609],[-3.757582,52.33956],[-3.757699,52.339536],[-3.757814,52.339509],[-3.757928,52.339477],[-3.75802,52.339353],[-3.758092,52.339137],[-3.758286,52.338992],[-3.758603,52.338917],[-3.758753,52.338951],[-3.758736,52.339095],[-3.758838,52.339172],[-3.759058,52.339184],[-3.759143,52.339231],[-3.759091,52.339312],[-3.759003,52.339403],[-3.75888,52.339502],[-3.758868,52.339588],[-3.758969,52.339661],[-3.759056,52.33967],[-3.759132,52.339614],[-3.759253,52.339557],[-3.759421,52.3395],[-3.759583,52.3395],[-3.759741,52.339557],[-3.759836,52.339564],[-3.759869,52.339523],[-3.75995,52.339509],[-3.760078,52.339522],[-3.760219,52.339553],[-3.760374,52.339601],[-3.760503,52.339595],[-3.760608,52.339535],[-3.76075,52.339522],[-3.760927,52.339555],[-3.761028,52.339479],[-3.761051,52.339295],[-3.761087,52.33919],[-3.761135,52.339164],[-3.761092,52.339101],[-3.760956,52.339001],[-3.760908,52.338939],[-3.760947,52.338916],[-3.761058,52.338898],[-3.76124,52.338886],[-3.761406,52.338893],[-3.761557,52.338919],[-3.761655,52.338936],[-3.761701,52.338944],[-3.761776,52.338941],[-3.76188,52.338929],[-3.761988,52.338902],[-3.762099,52.338861],[-3.762175,52.338807],[-3.762217,52.338741],[-3.762243,52.3387],[-3.762253,52.338685],[-3.762253,52.33864],[-3.762245,52.338566],[-3.762327,52.338481],[-3.762498,52.338385],[-3.762639,52.338317],[-3.76275,52.338276],[-3.762769,52.338212],[-3.762695,52.338127],[-3.762719,52.338053],[-3.762839,52.337992],[-3.762947,52.337949],[-3.763044,52.337923],[-3.763108,52.337906],[-3.76314,52.337898],[-3.763144,52.337891],[-3.76312,52.337886],[-3.763037,52.337867],[-3.762894,52.337835],[-3.762762,52.337798],[-3.76264,52.337756],[-3.762564,52.337685],[-3.762532,52.337585],[-3.762536,52.337523],[-3.762575,52.3375],[-3.76269,52.337472],[-3.762881,52.33744],[-3.763026,52.337409],[-3.763125,52.337379],[-3.763179,52.337362],[-3.763186,52.33736],[-3.763197,52.337273],[-3.76321,52.337102],[-3.763139,52.336989],[-3.762984,52.336933],[-3.762833,52.336894],[-3.762687,52.336874],[-3.762449,52.336878],[-3.762118,52.336907],[-3.761926,52.336986],[-3.761874,52.337115],[-3.76166,52.337173],[-3.761284,52.33716],[-3.761072,52.337199],[-3.761023,52.33729],[-3.760935,52.337329],[-3.760807,52.337315],[-3.76065,52.337334],[-3.760465,52.337384],[-3.76025,52.337371],[-3.760007,52.337296],[-3.759749,52.337275],[-3.759476,52.337307],[-3.759127,52.337347],[-3.758701,52.337397],[-3.758423,52.33743],[-3.758291,52.337445],[-3.758205,52.337493],[-3.758165,52.337573],[-3.758044,52.33761],[-3.757841,52.337606],[-3.757648,52.337558],[-3.757465,52.337466],[-3.757285,52.337412],[-3.757109,52.337394],[-3.756925,52.33735],[-3.756732,52.337278],[-3.756591,52.337224],[-3.756502,52.337187],[-3.756491,52.337127],[-3.756558,52.337044],[-3.756548,52.336989],[-3.756462,52.336961],[-3.756364,52.336968],[-3.756253,52.337009],[-3.756162,52.336991],[-3.756092,52.336915],[-3.756059,52.33681],[-3.756063,52.336678],[-3.756057,52.336585],[-3.75604,52.336531],[-3.755949,52.336423],[-3.755782,52.33626],[-3.755695,52.33607],[-3.755688,52.335852],[-3.755584,52.335734],[-3.755385,52.335714],[-3.755242,52.335666],[-3.755156,52.335591],[-3.755141,52.335518],[-3.755196,52.335445],[-3.755284,52.335383],[-3.755407,52.335331],[-3.755505,52.335296],[-3.755576,52.335278],[-3.755625,52.335271],[-3.755649,52.335274],[-3.75573,52.335283],[-3.755866,52.335299],[-3.755967,52.335265],[-3.756034,52.335182],[-3.756012,52.335114],[-3.755903,52.335061],[-3.755833,52.334989],[-3.755805,52.334898],[-3.755782,52.334801],[-3.755766,52.3347],[-3.755757,52.334597],[-3.755755,52.334493],[-3.755686,52.334443],[-3.75555,52.334445],[-3.755458,52.334446],[-3.755409,52.334447],[-3.75528,52.334459],[-3.755071,52.334484],[-3.754917,52.334488],[-3.754819,52.334471],[-3.754765,52.334458],[-3.754756,52.334449],[-3.754629,52.334454],[-3.754385,52.334473],[-3.754074,52.33458],[-3.753697,52.334776],[-3.753463,52.334923],[-3.753373,52.335022],[-3.753256,52.335068],[-3.753112,52.335063],[-3.753039,52.335108],[-3.753038,52.335203],[-3.752992,52.335279],[-3.752902,52.335336],[-3.752877,52.335386],[-3.752918,52.335428],[-3.752963,52.335474],[-3.753014,52.335526],[-3.752995,52.335585],[-3.752908,52.335652],[-3.752792,52.335675],[-3.752646,52.335654],[-3.752449,52.335691],[-3.7522,52.335786],[-3.752061,52.335887],[-3.752033,52.335994],[-3.752112,52.336098],[-3.752299,52.336199],[-3.752388,52.336311],[-3.752381,52.336435],[-3.752205,52.33654],[-3.751861,52.336627],[-3.75166,52.33658],[-3.751603,52.336398],[-3.751617,52.336246],[-3.751702,52.336123],[-3.751769,52.336039],[-3.751817,52.335996],[-3.751825,52.335924],[-3.751794,52.335824],[-3.751758,52.335734],[-3.751717,52.335654],[-3.751708,52.335552],[-3.751731,52.335426],[-3.751774,52.335318],[-3.751838,52.335225],[-3.751877,52.335172],[-3.751891,52.335158],[-3.751878,52.335132],[-3.751839,52.335094],[-3.75172,52.335067],[-3.751523,52.335051],[-3.751407,52.334964],[-3.751374,52.334808],[-3.751303,52.334708],[-3.751197,52.334664],[-3.751131,52.334653],[-3.751107,52.334674],[-3.751084,52.334724],[-3.751062,52.334802],[-3.751017,52.334915],[-3.750949,52.335061],[-3.750908,52.335151],[-3.750893,52.335184],[-3.750881,52.33526],[-3.750872,52.33538],[-3.750865,52.33548],[-3.750859,52.33556],[-3.75088,52.3357],[-3.750929,52.335902],[-3.750942,52.336042],[-3.75092,52.33612],[-3.750901,52.336207],[-3.750885,52.336303],[-3.750868,52.336399],[-3.750852,52.336496],[-3.750826,52.33656],[-3.75079,52.336592],[-3.750731,52.336625],[-3.750649,52.336657],[-3.75058,52.336684],[-3.750524,52.336705],[-3.750473,52.33673],[-3.750427,52.336758],[-3.750368,52.336793],[-3.750297,52.336836],[-3.750243,52.336897],[-3.750207,52.336976],[-3.75027,52.337054],[-3.750433,52.337129],[-3.750442,52.337185],[-3.750299,52.33722],[-3.750156,52.337209],[-3.750013,52.33715],[-3.749866,52.337125],[-3.749714,52.337133],[-3.749623,52.337115],[-3.749594,52.337072],[-3.749577,52.336993],[-3.749573,52.336881],[-3.749537,52.336783],[-3.74947,52.336699],[-3.74936,52.336654],[-3.749207,52.336647],[-3.749107,52.336682],[-3.74906,52.336758],[-3.749068,52.336848],[-3.749131,52.336952],[-3.749092,52.337027],[-3.748952,52.337071],[-3.74888,52.337113],[-3.748876,52.337151],[-3.748875,52.33717],[-3.748877,52.337171],[-3.748914,52.33719],[-3.748986,52.337228],[-3.749052,52.337249],[-3.74911,52.337254],[-3.749205,52.337262],[-3.749337,52.337272],[-3.749445,52.337311],[-3.749528,52.337376],[-3.749557,52.337444],[-3.749532,52.337513],[-3.749509,52.33756],[-3.749488,52.337585],[-3.749477,52.337598],[-3.749475,52.3376],[-3.749446,52.337634],[-3.74939,52.337702],[-3.749292,52.337758],[-3.749151,52.337802],[-3.749064,52.337771],[-3.74903,52.337663],[-3.74901,52.337599],[-3.749003,52.33758],[-3.748937,52.337581],[-3.74881,52.337603],[-3.748722,52.337618],[-3.748672,52.337626],[-3.74857,52.33763],[-3.748415,52.337629],[-3.748256,52.337591],[-3.748093,52.337516],[-3.748036,52.337416],[-3.748085,52.337291],[-3.748091,52.337212],[-3.748054,52.337179],[-3.747917,52.337162],[-3.747679,52.337161],[-3.747443,52.337185],[-3.74721,52.337234],[-3.747077,52.337261],[-3.747044,52.337267],[-3.747053,52.337333],[-3.747104,52.337461],[-3.747011,52.33752],[-3.746776,52.33751],[-3.746564,52.337501],[-3.746377,52.337495],[-3.746237,52.337469],[-3.746145,52.337423],[-3.74605,52.337368],[-3.745953,52.337304],[-3.745772,52.337245],[-3.745507,52.337191],[-3.745395,52.337129],[-3.745434,52.337058],[-3.745595,52.337002],[-3.745875,52.33696],[-3.746122,52.336931],[-3.746334,52.336916],[-3.746524,52.336895],[-3.746693,52.336868],[-3.746811,52.33685],[-3.746878,52.336839],[-3.747062,52.336821],[-3.747364,52.336795],[-3.747498,52.336756],[-3.747466,52.336703],[-3.747364,52.336674],[-3.747192,52.33667],[-3.747059,52.336667],[-3.746966,52.336664],[-3.746889,52.336615],[-3.746828,52.336518],[-3.746743,52.336472],[-3.746636,52.336475],[-3.746522,52.336455],[-3.7464,52.336413],[-3.746346,52.336315],[-3.74636,52.336163],[-3.746393,52.336046],[-3.746445,52.335965],[-3.746504,52.335872],[-3.746571,52.335769],[-3.746606,52.335715],[-3.746609,52.33571],[-3.746612,52.335706],[-3.746615,52.335701],[-3.746608,52.335648],[-3.746592,52.335547],[-3.746569,52.335427],[-3.746541,52.335288],[-3.746617,52.335233],[-3.746795,52.335259],[-3.746984,52.335293],[-3.747183,52.335336],[-3.747475,52.335377],[-3.747859,52.335417],[-3.748098,52.335441],[-3.748194,52.335449],[-3.74825,52.335475],[-3.748268,52.335518],[-3.748302,52.335604],[-3.748354,52.335731],[-3.748392,52.33576],[-3.748417,52.335691],[-3.748439,52.33562],[-3.748459,52.335545],[-3.748546,52.335495],[-3.748702,52.335469],[-3.748886,52.335549],[-3.749099,52.335734],[-3.749407,52.335846],[-3.749811,52.335885],[-3.750009,52.335894],[-3.750003,52.335873],[-3.750016,52.335803],[-3.75005,52.335684],[-3.750021,52.335603],[-3.749929,52.335562],[-3.749787,52.335557],[-3.749594,52.335591],[-3.74948,52.335553],[-3.749446,52.335444],[-3.749371,52.335354],[-3.749255,52.335282],[-3.749128,52.335245],[-3.748988,52.335243],[-3.748833,52.335242],[-3.748663,52.335243],[-3.748555,52.335194],[-3.748508,52.335096],[-3.748444,52.334991],[-3.748362,52.334878],[-3.748296,52.334767],[-3.748247,52.33466],[-3.74814,52.334616],[-3.747976,52.334635],[-3.747815,52.334687],[-3.747656,52.334772],[-3.747512,52.334807],[-3.747384,52.334794],[-3.747198,52.334792],[-3.746953,52.334802],[-3.746808,52.334734],[-3.746762,52.334589],[-3.746731,52.334489],[-3.746714,52.334434],[-3.746815,52.334413],[-3.747036,52.334425],[-3.747152,52.334326],[-3.747163,52.334117],[-3.747188,52.333926],[-3.747226,52.333752],[-3.747336,52.333659],[-3.747518,52.333647],[-3.747619,52.333673],[-3.747639,52.333736],[-3.747681,52.333845],[-3.747745,52.333998],[-3.747841,52.334132],[-3.747971,52.334249],[-3.748078,52.334345],[-3.748164,52.33442],[-3.748272,52.334445],[-3.748404,52.33442],[-3.748491,52.334413],[-3.748534,52.334424],[-3.74857,52.334384],[-3.748599,52.334293],[-3.748719,52.334246],[-3.748932,52.334243],[-3.749063,52.334273],[-3.749113,52.334336],[-3.749303,52.334353],[-3.749635,52.334323],[-3.749861,52.334306],[-3.749984,52.334301],[-3.750048,52.334265],[-3.750054,52.334199],[-3.750057,52.33416],[-3.750058,52.334151],[-3.750111,52.334117],[-3.750216,52.334057],[-3.750321,52.334021],[-3.750426,52.334009],[-3.750503,52.333974],[-3.750554,52.333915],[-3.7506,52.333862],[-3.75064,52.333816],[-3.750602,52.333758],[-3.750487,52.333686],[-3.750407,52.333652],[-3.750363,52.333655],[-3.750272,52.333661],[-3.750134,52.33367],[-3.749999,52.333663],[-3.749869,52.333641],[-3.749715,52.333644],[-3.749539,52.333675],[-3.749405,52.333667],[-3.749313,52.333621],[-3.749239,52.333559],[-3.749184,52.33348],[-3.749092,52.333435],[-3.748964,52.333421],[-3.748864,52.333447],[-3.748791,52.333512],[-3.748705,52.333508],[-3.748605,52.333435],[-3.748572,52.33333],[-3.748606,52.333194],[-3.748645,52.332949],[-3.748689,52.332595],[-3.748794,52.332413],[-3.748961,52.332403],[-3.749093,52.332428],[-3.749189,52.332488],[-3.749387,52.332477],[-3.749687,52.332397],[-3.74983,52.332314],[-3.749815,52.33223],[-3.749756,52.332134],[-3.749651,52.332026],[-3.749568,52.331974],[-3.749506,52.331977],[-3.749393,52.331988],[-3.749231,52.332007],[-3.74899,52.33209],[-3.748671,52.332239],[-3.748435,52.332395],[-3.748283,52.332559],[-3.748121,52.332635],[-3.747949,52.332626],[-3.747827,52.332584],[-3.747755,52.332511],[-3.747727,52.332444],[-3.747742,52.332382],[-3.747767,52.332283],[-3.747802,52.332146],[-3.74785,52.332031],[-3.747912,52.331938],[-3.748024,52.331859],[-3.748186,52.331793],[-3.748468,52.331751],[-3.748871,52.331734],[-3.749158,52.331685],[-3.749329,52.331605],[-3.749426,52.331532],[-3.749447,52.331465],[-3.749427,52.331348],[-3.749367,52.331179],[-3.749323,52.331015],[-3.749294,52.330856],[-3.749417,52.330739],[-3.749693,52.330664],[-3.749788,52.330552],[-3.749704,52.330402],[-3.74973,52.330225],[-3.749867,52.33002],[-3.749999,52.329849],[-3.750126,52.329712],[-3.75027,52.329629],[-3.750431,52.329601],[-3.750481,52.329674],[-3.75042,52.32985],[-3.750376,52.330071],[-3.75035,52.330339],[-3.750448,52.330526],[-3.750672,52.330632],[-3.751121,52.33071],[-3.751798,52.33076],[-3.752378,52.330793],[-3.752861,52.330809],[-3.753171,52.330946],[-3.753308,52.331204],[-3.753448,52.331338],[-3.75359,52.331348],[-3.753694,52.331355],[-3.753761,52.331359],[-3.75395,52.331365],[-3.754261,52.331371],[-3.754562,52.331355],[-3.754852,52.331317],[-3.755128,52.331237],[-3.755389,52.331115],[-3.755548,52.331018],[-3.755605,52.330946],[-3.755754,52.330839],[-3.755997,52.330696],[-3.756148,52.330593],[-3.756207,52.330532],[-3.75623,52.330434],[-3.756215,52.3303],[-3.756204,52.330198],[-3.756197,52.330129],[-3.75614,52.330057],[-3.756033,52.329983],[-3.755964,52.329873],[-3.755933,52.329725],[-3.755954,52.329596],[-3.756027,52.329483],[-3.756187,52.329403],[-3.756435,52.329355],[-3.756626,52.329347],[-3.75676,52.329379],[-3.756834,52.329409],[-3.756848,52.329438],[-3.756915,52.329456],[-3.757033,52.329464],[-3.757124,52.329548],[-3.757188,52.329708],[-3.757222,52.329794],[-3.757226,52.329806],[-3.757255,52.329821],[-3.757306,52.329841],[-3.75737,52.329816],[-3.757446,52.329748],[-3.757482,52.329657],[-3.757478,52.329545],[-3.757488,52.32943],[-3.757513,52.329314],[-3.757583,52.329216],[-3.757698,52.329137],[-3.757801,52.329095],[-3.757893,52.32909],[-3.757985,52.329066],[-3.758077,52.329021],[-3.758194,52.328982],[-3.758336,52.328947],[-3.758492,52.328908],[-3.758663,52.328866],[-3.758911,52.328834],[-3.759236,52.328813],[-3.759522,52.328793],[-3.75977,52.328774],[-3.759901,52.328777],[-3.759914,52.328802],[-3.760004,52.328807],[-3.760172,52.328793],[-3.760273,52.32884],[-3.760308,52.328949],[-3.760253,52.329017],[-3.760109,52.329043],[-3.760035,52.329099],[-3.760031,52.329184],[-3.760126,52.32929],[-3.76032,52.329415],[-3.760421,52.329479],[-3.760427,52.329481],[-3.760516,52.329472],[-3.760687,52.329452],[-3.760794,52.329485],[-3.760837,52.329571],[-3.760914,52.329632],[-3.761024,52.329666],[-3.761285,52.329696],[-3.761696,52.329722],[-3.762138,52.329704],[-3.762611,52.329642],[-3.762882,52.329529],[-3.762952,52.329366],[-3.762976,52.329242],[-3.762955,52.329157],[-3.762869,52.329066],[-3.762717,52.32897],[-3.762605,52.328861],[-3.762534,52.328742],[-3.762553,52.328633],[-3.76266,52.328537],[-3.762739,52.328506],[-3.762789,52.32854],[-3.762871,52.328616],[-3.762985,52.328734],[-3.763234,52.328788],[-3.763617,52.328776],[-3.763939,52.328744],[-3.764198,52.32869],[-3.764396,52.328616],[-3.764532,52.328523],[-3.764669,52.328389],[-3.764808,52.328214],[-3.764953,52.328105],[-3.765105,52.32806],[-3.765329,52.328017],[-3.765625,52.327976],[-3.765906,52.327919],[-3.766171,52.327848],[-3.766364,52.327803],[-3.766485,52.327786],[-3.766647,52.327773],[-3.76685,52.327767],[-3.767051,52.327792],[-3.767251,52.327849],[-3.767452,52.327917],[-3.767653,52.327994],[-3.767791,52.327976],[-3.767866,52.327863],[-3.767968,52.32774],[-3.768098,52.327607],[-3.768182,52.327523],[-3.768221,52.327488],[-3.768211,52.327426],[-3.768153,52.327337],[-3.768121,52.327286],[-3.768114,52.327276],[-3.768132,52.327233],[-3.768174,52.327157],[-3.76829,52.327113],[-3.76848,52.327101],[-3.768592,52.327105],[-3.768626,52.327124],[-3.768714,52.327113],[-3.768854,52.32707],[-3.769081,52.327025],[-3.769393,52.326978],[-3.769555,52.326944],[-3.769567,52.326923],[-3.769503,52.326866],[-3.769364,52.326774],[-3.769344,52.326714],[-3.769442,52.326686],[-3.769477,52.326649],[-3.769448,52.326602],[-3.769623,52.326515],[-3.77,52.326386],[-3.770431,52.326307],[-3.770917,52.326278],[-3.771205,52.326273],[-3.771295,52.326293],[-3.77145,52.326293],[-3.77167,52.326274],[-3.77182,52.326267],[-3.7719,52.326272],[-3.771969,52.326269],[-3.772026,52.326259],[-3.772129,52.326244],[-3.772279,52.326227],[-3.772383,52.326215],[-3.772443,52.326208],[-3.772479,52.326175],[-3.772492,52.326117],[-3.772437,52.326067],[-3.772315,52.326025],[-3.772156,52.32601],[-3.771959,52.326024],[-3.771776,52.326008],[-3.771607,52.325962],[-3.771515,52.325924],[-3.771502,52.325894],[-3.77135,52.325876],[-3.771061,52.325868],[-3.77081,52.325887],[-3.770598,52.325933],[-3.770371,52.325972],[-3.77013,52.326005],[-3.769862,52.325978],[-3.769566,52.32589],[-3.769348,52.325865],[-3.769209,52.325901],[-3.768994,52.325993],[-3.768705,52.326139],[-3.768459,52.326232],[-3.768257,52.326271],[-3.768106,52.326345],[-3.768006,52.326453],[-3.767842,52.326488],[-3.767613,52.326448],[-3.767397,52.32645],[-3.767194,52.326493],[-3.767047,52.326468],[-3.766956,52.326375],[-3.766894,52.326278],[-3.766863,52.326178],[-3.766779,52.326084],[-3.766643,52.325996],[-3.76655,52.325899],[-3.766501,52.325791],[-3.766474,52.325658],[-3.76647,52.325498],[-3.766474,52.325354],[-3.766486,52.325227],[-3.766493,52.325151],[-3.766495,52.325127],[-3.7665,52.325077],[-3.766507,52.324999],[-3.766595,52.32496],[-3.766765,52.324959],[-3.766892,52.32502],[-3.766977,52.325142],[-3.767021,52.325248],[-3.767023,52.32534],[-3.767025,52.32542],[-3.767027,52.325488],[-3.767051,52.32553],[-3.767098,52.325546],[-3.76715,52.325563],[-3.767207,52.325583],[-3.767309,52.325607],[-3.767458,52.325637],[-3.767662,52.32567],[-3.767921,52.325705],[-3.768171,52.32569],[-3.768413,52.325624],[-3.76865,52.325598],[-3.768882,52.325612],[-3.769068,52.325569],[-3.769209,52.325469],[-3.769242,52.325392],[-3.769166,52.32534],[-3.769062,52.325275],[-3.768928,52.325196],[-3.768975,52.325148],[-3.769202,52.325131],[-3.769363,52.325102],[-3.769459,52.325063],[-3.769552,52.324993],[-3.76964,52.324893],[-3.769685,52.324841],[-3.769686,52.324836],[-3.769664,52.324765],[-3.769621,52.324627],[-3.769598,52.324555],[-3.769597,52.324548],[-3.769529,52.324524],[-3.769392,52.324482],[-3.769338,52.324408],[-3.769366,52.324301],[-3.769401,52.324216],[-3.769444,52.324155],[-3.769445,52.324084],[-3.769404,52.324004],[-3.769255,52.323998],[-3.768998,52.324066],[-3.768792,52.324123],[-3.768636,52.324169],[-3.768457,52.32419],[-3.768254,52.324186],[-3.768137,52.324157],[-3.768105,52.324104],[-3.768163,52.324069],[-3.768313,52.324052],[-3.768449,52.324017],[-3.768572,52.323965],[-3.768692,52.323904],[-3.768809,52.323833],[-3.768946,52.323789],[-3.769103,52.323771],[-3.769183,52.323724],[-3.769186,52.32365],[-3.769138,52.323593],[-3.769041,52.323555],[-3.768982,52.323531],[-3.768964,52.323521],[-3.768841,52.323541],[-3.768614,52.32359],[-3.768474,52.32358],[-3.768421,52.323511],[-3.768458,52.323445],[-3.768585,52.323381],[-3.768631,52.32327],[-3.768598,52.323111],[-3.768545,52.322998],[-3.768474,52.322929],[-3.768332,52.322896],[-3.76812,52.322899],[-3.767911,52.32293],[-3.767705,52.322992],[-3.767487,52.323026],[-3.767257,52.323034],[-3.767016,52.323053],[-3.766762,52.323083],[-3.766525,52.323092],[-3.766305,52.32308],[-3.765996,52.32313],[-3.765598,52.323243],[-3.765327,52.323341],[-3.765183,52.323424],[-3.765066,52.323447],[-3.764977,52.32341],[-3.764883,52.323382],[-3.764785,52.323364],[-3.764661,52.32334],[-3.764513,52.323313],[-3.764377,52.323296],[-3.764252,52.323292],[-3.764153,52.323303],[-3.76408,52.323328],[-3.76404,52.323341],[-3.764034,52.323341],[-3.763986,52.323343],[-3.763897,52.323348],[-3.763781,52.323382],[-3.763638,52.323445],[-3.76328,52.323425],[-3.762706,52.323322],[-3.762252,52.32338],[-3.761919,52.323598],[-3.761768,52.323758],[-3.761799,52.323858],[-3.76174,52.323964],[-3.761589,52.324075],[-3.761434,52.324132],[-3.761274,52.324133],[-3.761189,52.324133],[-3.761179,52.324133],[-3.761172,52.32414],[-3.761166,52.324154],[-3.76114,52.324218],[-3.761093,52.324333],[-3.761236,52.324475],[-3.761567,52.324644],[-3.761741,52.324803],[-3.761757,52.324952],[-3.761714,52.325037],[-3.761613,52.325058],[-3.761447,52.325073],[-3.761217,52.325081],[-3.760974,52.325142],[-3.760716,52.325257],[-3.760524,52.32536],[-3.760398,52.32545],[-3.760289,52.325571],[-3.760197,52.325723],[-3.760151,52.325847],[-3.76015,52.325941],[-3.760126,52.326062],[-3.760079,52.326209],[-3.760066,52.326338],[-3.760085,52.326448],[-3.759977,52.326499],[-3.759742,52.326489],[-3.759571,52.326584],[-3.759464,52.326785],[-3.759332,52.326881],[-3.759174,52.326871],[-3.759105,52.326799],[-3.759124,52.326665],[-3.75918,52.326521],[-3.759271,52.326369],[-3.75942,52.326229],[-3.759628,52.326101],[-3.759747,52.325988],[-3.759778,52.32589],[-3.759779,52.325796],[-3.759751,52.325705],[-3.759698,52.325612],[-3.759622,52.325517],[-3.75959,52.325417],[-3.759604,52.325312],[-3.759671,52.325182],[-3.759792,52.325026],[-3.759907,52.324899],[-3.760015,52.324802],[-3.760057,52.324736],[-3.76003,52.324701],[-3.759946,52.324654],[-3.759804,52.324596],[-3.75967,52.324517],[-3.759547,52.324418],[-3.759462,52.324273],[-3.759417,52.32408],[-3.75941,52.323935],[-3.759441,52.323837],[-3.759468,52.323773],[-3.75949,52.323743],[-3.759487,52.32368],[-3.759458,52.323586],[-3.759426,52.323504],[-3.75939,52.323435],[-3.75927,52.323352],[-3.759065,52.323254],[-3.758939,52.323104],[-3.758891,52.322902],[-3.758887,52.322742],[-3.758928,52.322624],[-3.758971,52.322492],[-3.759018,52.322345],[-3.759098,52.322232],[-3.759211,52.322154],[-3.759305,52.322035],[-3.75938,52.321874],[-3.759475,52.321683],[-3.759591,52.321462],[-3.759757,52.321278],[-3.759973,52.32113],[-3.760082,52.321009],[-3.760084,52.320914],[-3.760009,52.320824],[-3.759858,52.320738],[-3.759609,52.320659],[-3.759261,52.320586],[-3.758999,52.320518],[-3.758825,52.320453],[-3.758865,52.320411],[-3.759122,52.32039],[-3.759378,52.320393],[-3.759634,52.32042],[-3.75987,52.320383],[-3.760086,52.320282],[-3.760218,52.32021],[-3.760266,52.320167],[-3.76036,52.320071],[-3.760499,52.319923],[-3.760655,52.319805],[-3.760829,52.319719],[-3.760947,52.31968],[-3.761009,52.319689],[-3.76104,52.319693],[-3.761041,52.319691],[-3.7612,52.319625],[-3.761516,52.319496],[-3.761933,52.319352],[-3.762451,52.319195],[-3.762849,52.319056],[-3.763127,52.318934],[-3.763363,52.318812],[-3.763559,52.318689],[-3.763786,52.318602],[-3.764044,52.31855],[-3.764208,52.318615],[-3.764277,52.318796],[-3.76438,52.318908],[-3.764518,52.318952],[-3.764645,52.318914],[-3.764761,52.318795],[-3.764854,52.318722],[-3.764923,52.318697],[-3.765038,52.318673],[-3.7652,52.31865],[-3.76537,52.318623],[-3.765551,52.318594],[-3.765681,52.318551],[-3.765762,52.318494],[-3.765953,52.318442],[-3.766254,52.318394],[-3.766727,52.318368],[-3.767373,52.318365],[-3.767956,52.31832],[-3.768476,52.318234],[-3.768748,52.318148],[-3.768771,52.318064],[-3.768799,52.31793],[-3.768832,52.317747],[-3.76865,52.317592],[-3.768253,52.317468],[-3.768047,52.317383],[-3.768032,52.317337],[-3.768001,52.317215],[-3.767952,52.317015],[-3.767884,52.316877],[-3.767797,52.316802],[-3.767696,52.316771],[-3.767581,52.316784],[-3.767482,52.316817],[-3.7674,52.31687],[-3.767356,52.317018],[-3.767349,52.317263],[-3.767369,52.317484],[-3.767416,52.317679],[-3.767451,52.317821],[-3.767471,52.317908],[-3.767491,52.317983],[-3.767511,52.318045],[-3.767449,52.318074],[-3.767307,52.318069],[-3.767125,52.31806],[-3.766904,52.318048],[-3.766649,52.31803],[-3.766361,52.318008],[-3.766188,52.317986],[-3.76613,52.317964],[-3.766143,52.317937],[-3.766225,52.317905],[-3.766189,52.317607],[-3.766032,52.317043],[-3.765959,52.316743],[-3.765969,52.316708],[-3.766045,52.316649],[-3.766188,52.316568],[-3.76632,52.316463],[-3.766441,52.316333],[-3.76656,52.316154],[-3.766678,52.315926],[-3.766794,52.315746],[-3.766906,52.315613],[-3.766974,52.315515],[-3.766996,52.315452],[-3.766978,52.315339],[-3.766919,52.315175],[-3.766767,52.31515],[-3.766522,52.315264],[-3.766252,52.315366],[-3.765958,52.315456],[-3.765723,52.315482],[-3.765549,52.315442],[-3.765458,52.315408],[-3.765448,52.315379],[-3.765379,52.315237],[-3.76525,52.314983],[-3.765063,52.314814],[-3.764819,52.314731],[-3.764576,52.314706],[-3.764334,52.314739],[-3.764145,52.314832],[-3.76401,52.314984],[-3.76381,52.315083],[-3.763542,52.315127],[-3.763392,52.315085],[-3.763359,52.314956],[-3.763312,52.314865],[-3.763253,52.314812],[-3.763173,52.314778],[-3.76307,52.314765],[-3.762912,52.314809],[-3.762698,52.314911],[-3.762523,52.315015],[-3.762385,52.31512],[-3.762304,52.315152],[-3.762278,52.315111],[-3.762073,52.315144],[-3.761689,52.315251],[-3.761432,52.315287],[-3.761303,52.315252],[-3.761158,52.315146],[-3.760997,52.314971],[-3.760485,52.314974],[-3.759621,52.315154],[-3.758817,52.315277],[-3.758071,52.315343],[-3.757648,52.315352],[-3.757547,52.315305],[-3.75736,52.315339],[-3.757084,52.315455],[-3.756868,52.315562],[-3.756711,52.315661],[-3.756581,52.315723],[-3.756477,52.315747],[-3.756266,52.315793],[-3.755946,52.315861],[-3.755658,52.315943],[-3.755404,52.316041],[-3.755155,52.316235],[-3.754913,52.316527],[-3.754758,52.316679],[-3.754692,52.316693],[-3.754673,52.316748],[-3.7547,52.316846],[-3.754665,52.316977],[-3.754566,52.317142],[-3.754497,52.317363],[-3.754457,52.317643],[-3.75441,52.317849],[-3.754357,52.317981],[-3.754211,52.318128],[-3.753973,52.318292],[-3.753773,52.318497],[-3.753611,52.318743],[-3.753501,52.318958],[-3.753442,52.319141],[-3.753422,52.319265],[-3.753443,52.319329],[-3.753603,52.319372],[-3.753904,52.319394],[-3.754031,52.319454],[-3.753985,52.319554],[-3.753846,52.319603],[-3.753614,52.319602],[-3.753437,52.319656],[-3.753316,52.319764],[-3.753142,52.31985],[-3.752915,52.319915],[-3.752808,52.319871],[-3.752822,52.319718],[-3.752707,52.319623],[-3.752464,52.319586],[-3.752263,52.319515],[-3.752107,52.319411],[-3.752011,52.319304],[-3.751977,52.319195],[-3.751932,52.319078],[-3.751877,52.318952],[-3.751797,52.318844],[-3.751691,52.318752],[-3.751728,52.318672],[-3.751907,52.318604],[-3.751916,52.318509],[-3.751754,52.318387],[-3.751749,52.318298],[-3.751902,52.318242],[-3.751926,52.318173],[-3.751823,52.318091],[-3.751808,52.318017],[-3.75188,52.317952],[-3.751786,52.317874],[-3.751525,52.317782],[-3.751576,52.317678],[-3.751938,52.317564],[-3.752117,52.317444],[-3.752112,52.317319],[-3.752068,52.317223],[-3.751986,52.317157],[-3.751858,52.317097],[-3.751686,52.317041],[-3.751519,52.317],[-3.751355,52.316972],[-3.751198,52.316938],[-3.751046,52.3169],[-3.75094,52.316931],[-3.750879,52.317032],[-3.7508,52.317051],[-3.750702,52.316987],[-3.750609,52.316913],[-3.750521,52.316829],[-3.750406,52.316781],[-3.750263,52.31677],[-3.750139,52.31677],[-3.750035,52.316782],[-3.749927,52.316758],[-3.749816,52.316696],[-3.74976,52.316665],[-3.749758,52.316664],[-3.749698,52.316671],[-3.749579,52.316685],[-3.749507,52.316705],[-3.749482,52.316732],[-3.749425,52.316795],[-3.749334,52.316895],[-3.749207,52.316931],[-3.749044,52.316903],[-3.748898,52.316783],[-3.74877,52.316572],[-3.748765,52.316384],[-3.748883,52.316219],[-3.749031,52.316098],[-3.749207,52.316021],[-3.749393,52.315999],[-3.749588,52.316033],[-3.749708,52.316046],[-3.749753,52.316041],[-3.749955,52.316023],[-3.750315,52.315994],[-3.750572,52.315938],[-3.750727,52.315856],[-3.750858,52.315773],[-3.750963,52.315689],[-3.751044,52.31559],[-3.751099,52.315478],[-3.75126,52.31538],[-3.751526,52.315298],[-3.751904,52.315226],[-3.752393,52.315165],[-3.752682,52.315078],[-3.752772,52.314966],[-3.752935,52.314887],[-3.753172,52.314843],[-3.753384,52.314797],[-3.75357,52.314749],[-3.753736,52.314677],[-3.753879,52.314579],[-3.754094,52.314476],[-3.754379,52.314366],[-3.754678,52.314289],[-3.754991,52.314244],[-3.755177,52.314225],[-3.755235,52.314232],[-3.755215,52.314213],[-3.755118,52.314168],[-3.755246,52.314124],[-3.755599,52.314083],[-3.755863,52.313966],[-3.756038,52.313773],[-3.756101,52.3136],[-3.756053,52.313448],[-3.756054,52.313336],[-3.756102,52.313266],[-3.756212,52.313221],[-3.756383,52.313201],[-3.756592,52.313173],[-3.75684,52.313136],[-3.75706,52.313103],[-3.757251,52.313074],[-3.757409,52.312976],[-3.757534,52.312811],[-3.75764,52.312644],[-3.757729,52.312475],[-3.757776,52.31225],[-3.757782,52.311969],[-3.757782,52.311707],[-3.757776,52.311463],[-3.757787,52.31116],[-3.757814,52.310797],[-3.757741,52.310561],[-3.757569,52.310449],[-3.757421,52.310389],[-3.757297,52.310378],[-3.756999,52.31035],[-3.756527,52.310304],[-3.756235,52.310318],[-3.756121,52.31039],[-3.756041,52.310551],[-3.755992,52.3108],[-3.755782,52.311044],[-3.755409,52.311284],[-3.75514,52.311449],[-3.754974,52.311539],[-3.754717,52.311573],[-3.754368,52.311548],[-3.754168,52.311485],[-3.754117,52.311385],[-3.754125,52.311253],[-3.75419,52.311091],[-3.754238,52.310949],[-3.754268,52.310827],[-3.754198,52.310681],[-3.754027,52.310511],[-3.753841,52.310381],[-3.753637,52.310293],[-3.753611,52.310132],[-3.753763,52.309901],[-3.753844,52.309725],[-3.753855,52.309606],[-3.753878,52.309511],[-3.753915,52.309441],[-3.75401,52.309326],[-3.754164,52.309166],[-3.754321,52.309032],[-3.754482,52.308924],[-3.754633,52.308862],[-3.754774,52.308845],[-3.754862,52.308879],[-3.754899,52.308964],[-3.755073,52.309039],[-3.755385,52.309103],[-3.755578,52.309175],[-3.755652,52.309256],[-3.755695,52.309313],[-3.755706,52.309347],[-3.755666,52.30939],[-3.755575,52.309443],[-3.75553,52.309516],[-3.755531,52.309611],[-3.755656,52.309668],[-3.755905,52.309686],[-3.75618,52.309695],[-3.756482,52.309695],[-3.75685,52.309673],[-3.757283,52.309628],[-3.757551,52.309567],[-3.757654,52.30949],[-3.757817,52.309435],[-3.75804,52.309403],[-3.758391,52.309359],[-3.75887,52.309303],[-3.759175,52.309267],[-3.759307,52.309252],[-3.759399,52.30922],[-3.759452,52.309173],[-3.759546,52.309132],[-3.759682,52.309098],[-3.759853,52.309084],[-3.760059,52.30909],[-3.760175,52.309135],[-3.760202,52.309221],[-3.760243,52.30932],[-3.760298,52.309433],[-3.760386,52.30951],[-3.760507,52.309552],[-3.760564,52.309546],[-3.760556,52.309493],[-3.760585,52.309464],[-3.760649,52.309458],[-3.760737,52.309375],[-3.760849,52.309213],[-3.761059,52.309016],[-3.761368,52.308781],[-3.76159,52.308621],[-3.761726,52.308535],[-3.7619,52.308553],[-3.762112,52.308677],[-3.762258,52.308882],[-3.762337,52.30917],[-3.762436,52.309356],[-3.762556,52.309441],[-3.762655,52.309479],[-3.762733,52.30947],[-3.762848,52.309428],[-3.762998,52.309354],[-3.763131,52.309112],[-3.763246,52.308703],[-3.763347,52.308454],[-3.763435,52.308366],[-3.763482,52.308202],[-3.763488,52.307961],[-3.763521,52.307755],[-3.763584,52.307585],[-3.763623,52.307489],[-3.763639,52.307466],[-3.763666,52.307459],[-3.763704,52.307469],[-3.763778,52.307538],[-3.763888,52.307666],[-3.763977,52.307783],[-3.764045,52.307888],[-3.764135,52.307955],[-3.764249,52.307984],[-3.76443,52.307914],[-3.764678,52.307743],[-3.76482,52.307642],[-3.764856,52.307609],[-3.764901,52.307551],[-3.764956,52.307467],[-3.764975,52.307362],[-3.764959,52.307237],[-3.764929,52.307106],[-3.764886,52.306969],[-3.764909,52.306822],[-3.764999,52.306663],[-3.765216,52.306507],[-3.765562,52.306353],[-3.765703,52.306248],[-3.765639,52.306192],[-3.765532,52.306109],[-3.765381,52.305999],[-3.765207,52.305907],[-3.765009,52.305831],[-3.764872,52.305801],[-3.764796,52.305817],[-3.764644,52.305888],[-3.764417,52.306013],[-3.764267,52.306088],[-3.764193,52.30611],[-3.764081,52.306066],[-3.763932,52.305955],[-3.763911,52.305852],[-3.764018,52.305756],[-3.76409,52.305691],[-3.764126,52.305659],[-3.764186,52.305609],[-3.764269,52.305543],[-3.764369,52.305492],[-3.764486,52.305458],[-3.764699,52.305415],[-3.765007,52.305365],[-3.76522,52.305322],[-3.765337,52.305287],[-3.765568,52.305193],[-3.765914,52.305039],[-3.766201,52.304864],[-3.766429,52.304668],[-3.76662,52.304518],[-3.766773,52.304415],[-3.766883,52.304286],[-3.76695,52.30413],[-3.766919,52.30396],[-3.766792,52.303777],[-3.766712,52.303687],[-3.766678,52.303691],[-3.766549,52.303724],[-3.766325,52.303786],[-3.766147,52.303789],[-3.766013,52.303734],[-3.765931,52.303655],[-3.765898,52.303553],[-3.765852,52.303459],[-3.76579,52.303375],[-3.765741,52.30331],[-3.765703,52.303265],[-3.765625,52.303238],[-3.765507,52.303231],[-3.76542,52.303287],[-3.765365,52.303407],[-3.765193,52.303614],[-3.764903,52.30391],[-3.764586,52.304156],[-3.764242,52.304351],[-3.764024,52.304487],[-3.763931,52.304561],[-3.763813,52.304663],[-3.763668,52.304793],[-3.763411,52.304915],[-3.763041,52.305029],[-3.76279,52.305172],[-3.762658,52.305343],[-3.762608,52.305497],[-3.76264,52.305635],[-3.762664,52.305749],[-3.762681,52.305839],[-3.762587,52.305984],[-3.762384,52.306185],[-3.762204,52.306351],[-3.762048,52.306482],[-3.761861,52.306532],[-3.761642,52.306501],[-3.761518,52.30642],[-3.761489,52.306289],[-3.761556,52.306041],[-3.761719,52.305676],[-3.761841,52.305456],[-3.761923,52.305383],[-3.762039,52.305292],[-3.76219,52.305182],[-3.762366,52.305059],[-3.762566,52.304922],[-3.762661,52.304763],[-3.76265,52.30458],[-3.762587,52.304436],[-3.762472,52.304329],[-3.762324,52.30423],[-3.762141,52.304138],[-3.762132,52.304072],[-3.762296,52.304033],[-3.762363,52.303966],[-3.762334,52.303872],[-3.762318,52.303766],[-3.762315,52.303648],[-3.762298,52.303539],[-3.762266,52.303438],[-3.762224,52.303304],[-3.762171,52.303136],[-3.762149,52.302993],[-3.762157,52.302874],[-3.762267,52.302809],[-3.762481,52.302797],[-3.762733,52.302747],[-3.763024,52.302657],[-3.763353,52.302577],[-3.763718,52.302506],[-3.764064,52.30248],[-3.764389,52.302497],[-3.764605,52.302479],[-3.764714,52.302425],[-3.764664,52.30234],[-3.764457,52.302225],[-3.764141,52.302147],[-3.763718,52.302107],[-3.763461,52.30189],[-3.763372,52.301497],[-3.763171,52.301239],[-3.762858,52.301115],[-3.762478,52.301083],[-3.762028,52.301143],[-3.761652,52.301197],[-3.761348,52.301247],[-3.76113,52.301189],[-3.760998,52.301024],[-3.760873,52.300826],[-3.760756,52.300596],[-3.760513,52.300441],[-3.760145,52.300358],[-3.759684,52.300235],[-3.75913,52.30007],[-3.758788,52.299909],[-3.758658,52.29975],[-3.758451,52.299617],[-3.758166,52.299511],[-3.758015,52.299387],[-3.757995,52.299247],[-3.757983,52.299115],[-3.757976,52.298992],[-3.757924,52.298862],[-3.757827,52.298723],[-3.757478,52.298494],[-3.756876,52.298174],[-3.756418,52.297821],[-3.756104,52.297435],[-3.755921,52.297193],[-3.755869,52.297095],[-3.755781,52.296933],[-3.755656,52.296707],[-3.755548,52.296534],[-3.755458,52.296414],[-3.755311,52.296272],[-3.75511,52.296107],[-3.755001,52.295999],[-3.754986,52.295949],[-3.754937,52.295811],[-3.754856,52.295587],[-3.754789,52.295458],[-3.754736,52.295425],[-3.754382,52.295421],[-3.753728,52.295445],[-3.753396,52.295442],[-3.753386,52.295411],[-3.753294,52.295236],[-3.753119,52.294918],[-3.752939,52.29477],[-3.752754,52.294792],[-3.752646,52.29482],[-3.752615,52.294857],[-3.752534,52.294974],[-3.752404,52.295171],[-3.752315,52.295364],[-3.752267,52.295551],[-3.75215,52.295705],[-3.751964,52.295824],[-3.751803,52.295892],[-3.75167,52.295908],[-3.751654,52.295978],[-3.751757,52.296102],[-3.751854,52.296221],[-3.751943,52.296334],[-3.752185,52.296462],[-3.752582,52.296604],[-3.752896,52.296685],[-3.753126,52.296704],[-3.753265,52.296756],[-3.753313,52.296841],[-3.753331,52.296914],[-3.753318,52.296974],[-3.753265,52.297029],[-3.753174,52.297079],[-3.75306,52.297173],[-3.752923,52.297313],[-3.75271,52.297435],[-3.752423,52.297541],[-3.752213,52.297601],[-3.752079,52.297617],[-3.75201,52.297626],[-3.752008,52.297628],[-3.751982,52.297617],[-3.751935,52.297594],[-3.751878,52.297593],[-3.751811,52.297615],[-3.751692,52.297659],[-3.75152,52.297724],[-3.751387,52.297776],[-3.751292,52.297813],[-3.751181,52.297868],[-3.751055,52.297942],[-3.751008,52.298081],[-3.75104,52.298285],[-3.751016,52.298447],[-3.750937,52.298567],[-3.750876,52.29861],[-3.750833,52.298576],[-3.750747,52.298508],[-3.750619,52.298406],[-3.750504,52.298328],[-3.750402,52.298275],[-3.750218,52.298232],[-3.749951,52.298198],[-3.749812,52.298146],[-3.7498,52.298075],[-3.749781,52.297964],[-3.749754,52.297811],[-3.74977,52.29764],[-3.749828,52.297451],[-3.74992,52.297284],[-3.750045,52.297139],[-3.750202,52.29702],[-3.750391,52.296927],[-3.750459,52.296868],[-3.750406,52.296842],[-3.750465,52.296778],[-3.750637,52.296677],[-3.750658,52.296541],[-3.750528,52.29637],[-3.750461,52.296258],[-3.750457,52.296204],[-3.750551,52.2961],[-3.750745,52.295945],[-3.751036,52.295779],[-3.751425,52.295602],[-3.751603,52.29536],[-3.751571,52.295054],[-3.751269,52.294903],[-3.750698,52.294908],[-3.750286,52.29489],[-3.750032,52.29485],[-3.749797,52.29475],[-3.749581,52.294589],[-3.749441,52.294489],[-3.749378,52.29445],[-3.749164,52.294475],[-3.748797,52.294564],[-3.748542,52.294607],[-3.748398,52.294602],[-3.748311,52.294516],[-3.748281,52.294351],[-3.748343,52.294201],[-3.748497,52.294069],[-3.74857,52.293917],[-3.748564,52.293746],[-3.748506,52.293662],[-3.748398,52.293666],[-3.748281,52.293667],[-3.748156,52.293668],[-3.748015,52.293729],[-3.747858,52.293853],[-3.747737,52.294003],[-3.747652,52.29418],[-3.747362,52.294278],[-3.746867,52.294298],[-3.746356,52.294324],[-3.745826,52.294358],[-3.745413,52.294387],[-3.745116,52.294412],[-3.744885,52.294461],[-3.74472,52.294532],[-3.744567,52.294708],[-3.744428,52.294986],[-3.744385,52.295235],[-3.744438,52.295453],[-3.744206,52.295625],[-3.743691,52.295752],[-3.743288,52.295826],[-3.742996,52.295845],[-3.742816,52.295793],[-3.742745,52.295667],[-3.742592,52.295578],[-3.742356,52.295525],[-3.742205,52.295492],[-3.742139,52.295481],[-3.742044,52.295504],[-3.741921,52.295561],[-3.741758,52.295649],[-3.741553,52.295769],[-3.741359,52.295837],[-3.741176,52.295853],[-3.740956,52.295836],[-3.740697,52.295785],[-3.740443,52.29576],[-3.740193,52.295761],[-3.740012,52.295758],[-3.739901,52.295752],[-3.739774,52.29581],[-3.739632,52.295931],[-3.739461,52.296095],[-3.739259,52.296299],[-3.739139,52.29643],[-3.7391,52.296486],[-3.738981,52.29656],[-3.738784,52.296653],[-3.738477,52.296709],[-3.73806,52.296727],[-3.737477,52.296734],[-3.73673,52.296729],[-3.736286,52.296824],[-3.736146,52.297019],[-3.736112,52.297216],[-3.736185,52.297417],[-3.736249,52.297621],[-3.736304,52.29783],[-3.736292,52.298175],[-3.736212,52.298658],[-3.736117,52.298967],[-3.736009,52.299102],[-3.735915,52.299236],[-3.735835,52.299369],[-3.735731,52.299471],[-3.735603,52.299543],[-3.73554,52.29958],[-3.735542,52.299582],[-3.735575,52.299622],[-3.735638,52.2997],[-3.735639,52.299765],[-3.735579,52.29982],[-3.735502,52.299845],[-3.735408,52.299842],[-3.735302,52.299838],[-3.735185,52.299833],[-3.735092,52.29982],[-3.735024,52.2998],[-3.734989,52.299752],[-3.734989,52.299676],[-3.73499,52.299636],[-3.734992,52.29963],[-3.734973,52.299621],[-3.734931,52.299609],[-3.734862,52.29962],[-3.734767,52.299654],[-3.734661,52.299715],[-3.734542,52.299804],[-3.734427,52.299893],[-3.734315,52.299981],[-3.734232,52.30005],[-3.734178,52.300099],[-3.734142,52.300155],[-3.734123,52.300218],[-3.734088,52.300244],[-3.734038,52.300231],[-3.73395,52.300208],[-3.733823,52.300176],[-3.733713,52.300167],[-3.733617,52.300183],[-3.733508,52.300206],[-3.733386,52.300234],[-3.733275,52.300277],[-3.733178,52.300336],[-3.73309,52.300401],[-3.733011,52.300471],[-3.732932,52.300537],[-3.73285,52.300598],[-3.732781,52.300635],[-3.732722,52.300646],[-3.732634,52.300635],[-3.732515,52.300602],[-3.732413,52.300586],[-3.732329,52.300586],[-3.732244,52.300601],[-3.73216,52.300629],[-3.732014,52.300668],[-3.731805,52.300716],[-3.73166,52.300759],[-3.731579,52.300796],[-3.731528,52.300831],[-3.731507,52.300861],[-3.73152,52.300916],[-3.731568,52.300996],[-3.731628,52.301052],[-3.731701,52.301086],[-3.731764,52.301116],[-3.731819,52.301143],[-3.731843,52.301171],[-3.731837,52.3012],[-3.731799,52.301228],[-3.731731,52.301255],[-3.731661,52.301268],[-3.731591,52.301266],[-3.731504,52.301248],[-3.7314,52.301213],[-3.731338,52.301162],[-3.731316,52.301093],[-3.731297,52.301032],[-3.73128,52.300977],[-3.731252,52.300936],[-3.731212,52.300908],[-3.731132,52.300886],[-3.731011,52.300872],[-3.730949,52.300866],[-3.730946,52.300867],[-3.730922,52.30101],[-3.730877,52.301292],[-3.730919,52.301442],[-3.731046,52.30146],[-3.731132,52.301492],[-3.731178,52.301539],[-3.731192,52.301596],[-3.731175,52.301664],[-3.731114,52.301704],[-3.731009,52.301716],[-3.73089,52.301718],[-3.730756,52.30171],[-3.73068,52.301708],[-3.730661,52.301711],[-3.730612,52.301739],[-3.730533,52.301792],[-3.730493,52.30182],[-3.730494,52.301822],[-3.730488,52.301855],[-3.730477,52.301917],[-3.730459,52.301969],[-3.730433,52.30201],[-3.730394,52.302047],[-3.730343,52.302082],[-3.73026,52.302098],[-3.730143,52.302098],[-3.730054,52.302096],[-3.729991,52.302093],[-3.729934,52.302104],[-3.729882,52.302128],[-3.72988,52.302157],[-3.729926,52.302191],[-3.729976,52.302231],[-3.730029,52.302276],[-3.730015,52.302318],[-3.729934,52.302356],[-3.729834,52.302381],[-3.729715,52.302395],[-3.729643,52.302425],[-3.729619,52.30247],[-3.729588,52.302497],[-3.729553,52.302506],[-3.729516,52.302489],[-3.72948,52.302446],[-3.729444,52.302408],[-3.729411,52.302374],[-3.729372,52.302362],[-3.729329,52.302372],[-3.729244,52.302396],[-3.729116,52.302435],[-3.729035,52.302472],[-3.729001,52.30251],[-3.72898,52.302566],[-3.728973,52.302642],[-3.728949,52.302678],[-3.728909,52.302673],[-3.728835,52.302647],[-3.728727,52.302598],[-3.72863,52.302548],[-3.728544,52.302497],[-3.728476,52.302413],[-3.728424,52.302297],[-3.728396,52.302208],[-3.728392,52.302147],[-3.728409,52.302079],[-3.728448,52.302004],[-3.72848,52.301948],[-3.728508,52.301912],[-3.72854,52.301854],[-3.728577,52.301774],[-3.728612,52.301716],[-3.728647,52.301679],[-3.728687,52.30162],[-3.728731,52.301539],[-3.728793,52.301466],[-3.728873,52.3014],[-3.728914,52.301366],[-3.728917,52.301364],[-3.72892,52.30134],[-3.728924,52.301293],[-3.728811,52.301256],[-3.72858,52.301231],[-3.72826,52.301088],[-3.727852,52.300827],[-3.72759,52.300593],[-3.727474,52.300387],[-3.727374,52.30015],[-3.72729,52.299882],[-3.727219,52.299718],[-3.727163,52.299657],[-3.727089,52.299633],[-3.726998,52.299647],[-3.726929,52.29969],[-3.726882,52.299761],[-3.726851,52.299859],[-3.726836,52.299984],[-3.726841,52.300061],[-3.726865,52.300091],[-3.726912,52.300128],[-3.72698,52.300172],[-3.727016,52.300212],[-3.72702,52.30025],[-3.726996,52.300274],[-3.726945,52.300284],[-3.726908,52.300301],[-3.726884,52.300322],[-3.726881,52.300374],[-3.726899,52.300457],[-3.726935,52.300535],[-3.726989,52.300609],[-3.727071,52.300684],[-3.72718,52.300761],[-3.727268,52.300819],[-3.727334,52.300859],[-3.727402,52.300903],[-3.727472,52.300951],[-3.727547,52.301018],[-3.727627,52.301103],[-3.727633,52.301156],[-3.727562,52.301179],[-3.727434,52.301151],[-3.727247,52.301074],[-3.727117,52.301004],[-3.727044,52.300942],[-3.726961,52.300888],[-3.726869,52.300843],[-3.726819,52.300821],[-3.726812,52.300821],[-3.726748,52.300812],[-3.726626,52.300793],[-3.726521,52.300756],[-3.726434,52.3007],[-3.726382,52.300645],[-3.726365,52.30059],[-3.726353,52.300528],[-3.726347,52.300458],[-3.726344,52.300388],[-3.726345,52.300317],[-3.726353,52.300266],[-3.726369,52.300234],[-3.726361,52.300159],[-3.726329,52.300042],[-3.72632,52.299931],[-3.726334,52.299826],[-3.726301,52.299733],[-3.726221,52.299652],[-3.726143,52.299586],[-3.726064,52.299534],[-3.726028,52.299488],[-3.726034,52.299448],[-3.726006,52.299401],[-3.725942,52.299346],[-3.725722,52.299333],[-3.725345,52.299361],[-3.725054,52.29939],[-3.724848,52.299419],[-3.724687,52.299506],[-3.724569,52.299651],[-3.724382,52.299795],[-3.724128,52.29994],[-3.723872,52.30003],[-3.723617,52.300065],[-3.723436,52.300089],[-3.723328,52.300102],[-3.723209,52.300133],[-3.723079,52.300183],[-3.723016,52.300243],[-3.723021,52.300313],[-3.723021,52.300427],[-3.723014,52.300585],[-3.722951,52.300743],[-3.722833,52.3009],[-3.722642,52.301059],[-3.722378,52.30122],[-3.722197,52.301395],[-3.7221,52.301584],[-3.7218,52.301752],[-3.721297,52.3019],[-3.720843,52.301973],[-3.720439,52.301973],[-3.720085,52.301959],[-3.71978,52.301932],[-3.719612,52.30191],[-3.719581,52.301894],[-3.719499,52.301846],[-3.719367,52.301766],[-3.719113,52.301798],[-3.718739,52.301942],[-3.718521,52.302028],[-3.71846,52.302057],[-3.718292,52.302137],[-3.718016,52.302268],[-3.717622,52.302411],[-3.717111,52.302566],[-3.716666,52.302671],[-3.716288,52.302725],[-3.715986,52.302773],[-3.71576,52.302814],[-3.715521,52.302905],[-3.715269,52.303045],[-3.714975,52.303237],[-3.71464,52.303482],[-3.714256,52.303833],[-3.713823,52.30429],[-3.713434,52.304599],[-3.713089,52.30476],[-3.712724,52.304855],[-3.712338,52.304885],[-3.712029,52.304818],[-3.711797,52.304655],[-3.711689,52.304469],[-3.711706,52.304261],[-3.711812,52.304098],[-3.712005,52.30398],[-3.712155,52.303945],[-3.71226,52.303993],[-3.71247,52.304019],[-3.712784,52.304023],[-3.713023,52.303985],[-3.713188,52.303905],[-3.713295,52.303697],[-3.713346,52.30336],[-3.713386,52.303172],[-3.713415,52.303133],[-3.713493,52.303054],[-3.71362,52.302934],[-3.713817,52.302838],[-3.714082,52.302767],[-3.714427,52.302696],[-3.714849,52.302627],[-3.71519,52.302557],[-3.715448,52.302487],[-3.715685,52.302376],[-3.715901,52.302226],[-3.716161,52.302045],[-3.716465,52.301833],[-3.716835,52.30158],[-3.717268,52.301283],[-3.717489,52.301133],[-3.717496,52.301129],[-3.717556,52.301032],[-3.717668,52.300843],[-3.717733,52.300741],[-3.71775,52.300725],[-3.717973,52.300507],[-3.718402,52.300088],[-3.718487,52.299767],[-3.718226,52.299545],[-3.718041,52.299382],[-3.71793,52.299279],[-3.717938,52.299179],[-3.718064,52.299082],[-3.718106,52.298964],[-3.718063,52.298826],[-3.718153,52.298686],[-3.718377,52.298543],[-3.718667,52.298448],[-3.719022,52.2984],[-3.71926,52.298355],[-3.719381,52.298313],[-3.719493,52.298222],[-3.719594,52.29808],[-3.719739,52.297988],[-3.719927,52.297945],[-3.720121,52.297919],[-3.72032,52.29791],[-3.720353,52.297855],[-3.72022,52.297754],[-3.720072,52.29771],[-3.719908,52.297722],[-3.719793,52.29766],[-3.719728,52.297524],[-3.719735,52.297404],[-3.719814,52.297299],[-3.71988,52.297229],[-3.719933,52.297193],[-3.719944,52.297177],[-3.719915,52.297181],[-3.71993,52.297146],[-3.719991,52.29707],[-3.720144,52.296941],[-3.720389,52.296758],[-3.720629,52.296547],[-3.720864,52.29631],[-3.72108,52.296091],[-3.721278,52.295892],[-3.721486,52.295714],[-3.721703,52.295555],[-3.721924,52.295373],[-3.722148,52.295167],[-3.722276,52.294971],[-3.72231,52.294787],[-3.722351,52.294615],[-3.722399,52.294455],[-3.722374,52.294274],[-3.722275,52.294071],[-3.722122,52.293906],[-3.721914,52.293781],[-3.721743,52.293663],[-3.72161,52.293554],[-3.721584,52.293427],[-3.721664,52.293281],[-3.72164,52.293196],[-3.721511,52.293171],[-3.721453,52.293148],[-3.721466,52.293126],[-3.721524,52.293052],[-3.721628,52.292925],[-3.721742,52.292842],[-3.721866,52.292801],[-3.721974,52.292775],[-3.722064,52.292765],[-3.722233,52.292719],[-3.722481,52.292637],[-3.722621,52.2925],[-3.722655,52.292307],[-3.722724,52.29215],[-3.72283,52.292028],[-3.722967,52.291926],[-3.723136,52.291845],[-3.723382,52.291733],[-3.723704,52.29159],[-3.724001,52.291472],[-3.724275,52.291378],[-3.724623,52.291136],[-3.725047,52.290744],[-3.72526,52.290528],[-3.725262,52.290488],[-3.725241,52.290293],[-3.725196,52.289943],[-3.725278,52.289735],[-3.725488,52.289671],[-3.725634,52.289516],[-3.725715,52.289269],[-3.725524,52.289107],[-3.725061,52.28903],[-3.724594,52.288966],[-3.724125,52.288915],[-3.72373,52.288872],[-3.723408,52.288834],[-3.723044,52.28889],[-3.722637,52.289039],[-3.72221,52.289135],[-3.721763,52.289178],[-3.72135,52.289283],[-3.720971,52.289451],[-3.720666,52.289606],[-3.720435,52.289748],[-3.720293,52.289801],[-3.72024,52.289765],[-3.720175,52.289707],[-3.720099,52.289627],[-3.719852,52.289528],[-3.719435,52.289412],[-3.718966,52.289364],[-3.718446,52.289385],[-3.718179,52.289373],[-3.718166,52.28933],[-3.718195,52.289155],[-3.718267,52.288848],[-3.718356,52.288632],[-3.718464,52.288508],[-3.718582,52.288405],[-3.71871,52.288323],[-3.718807,52.288191],[-3.718875,52.288009],[-3.718937,52.287859],[-3.718995,52.28774],[-3.719004,52.287581],[-3.718963,52.28738],[-3.718874,52.287237],[-3.718737,52.28715],[-3.718555,52.287165],[-3.718328,52.287281],[-3.718071,52.287371],[-3.717784,52.287436],[-3.717579,52.287461],[-3.717457,52.287447],[-3.717384,52.287422],[-3.717362,52.287384],[-3.717328,52.287293],[-3.717283,52.287149],[-3.717188,52.287002],[-3.717046,52.286854],[-3.716854,52.286703],[-3.716613,52.286549],[-3.716488,52.28647],[-3.716478,52.286466],[-3.716227,52.286461],[-3.715734,52.286454],[-3.715427,52.286522],[-3.715306,52.286664],[-3.715179,52.286706],[-3.715046,52.286647],[-3.71499,52.286552],[-3.715011,52.286421],[-3.715041,52.286252],[-3.715081,52.286045],[-3.714989,52.28585],[-3.714766,52.285668],[-3.714537,52.285553],[-3.714304,52.285506],[-3.714005,52.28553],[-3.713641,52.285626],[-3.713456,52.28568],[-3.713451,52.285694],[-3.713391,52.285748],[-3.713278,52.285843],[-3.712994,52.285797],[-3.712539,52.285609],[-3.712227,52.285429],[-3.712057,52.285257],[-3.712023,52.28513],[-3.712125,52.285047],[-3.712305,52.284991],[-3.712563,52.284961],[-3.712758,52.284905],[-3.712891,52.284823],[-3.712984,52.284767],[-3.713036,52.284734],[-3.712992,52.284602],[-3.712849,52.28437],[-3.712828,52.284153],[-3.712927,52.28395],[-3.713062,52.28375],[-3.713233,52.283552],[-3.713359,52.283381],[-3.713442,52.283237],[-3.713419,52.283069],[-3.713289,52.282879],[-3.713091,52.282746],[-3.712823,52.282671],[-3.71254,52.282655],[-3.712243,52.282698],[-3.711987,52.282735],[-3.711772,52.282766],[-3.711616,52.282755],[-3.711518,52.282703],[-3.711331,52.282577],[-3.711055,52.28238],[-3.710853,52.282305],[-3.710724,52.282353],[-3.710551,52.282417],[-3.710335,52.282496],[-3.710169,52.282545],[-3.710054,52.282563],[-3.709972,52.282558],[-3.709923,52.28253],[-3.709892,52.282442],[-3.709878,52.282297],[-3.709834,52.282206],[-3.709758,52.282171],[-3.709679,52.282121],[-3.709594,52.282058],[-3.70953,52.281979],[-3.709484,52.281886],[-3.709384,52.28181],[-3.709228,52.28175],[-3.709133,52.281714],[-3.709097,52.281704],[-3.709059,52.281698],[-3.709019,52.281698],[-3.70885,52.281799],[-3.708551,52.282],[-3.708295,52.282185],[-3.708082,52.282352],[-3.707853,52.282442],[-3.707608,52.282456],[-3.707441,52.2824],[-3.707353,52.282273],[-3.707304,52.28218],[-3.707294,52.282123],[-3.707355,52.282034],[-3.707487,52.281916],[-3.707579,52.281827],[-3.707633,52.281767],[-3.707624,52.28166],[-3.707551,52.281506],[-3.707359,52.281354],[-3.707047,52.281204],[-3.706873,52.281112],[-3.706838,52.281077],[-3.706853,52.280997],[-3.706918,52.280871],[-3.706938,52.280754],[-3.706911,52.280644],[-3.706748,52.280572],[-3.706448,52.280538],[-3.70626,52.280541],[-3.706183,52.280579],[-3.706105,52.280625],[-3.706025,52.280679],[-3.705906,52.280813],[-3.705748,52.281027],[-3.705475,52.281221],[-3.705087,52.281394],[-3.704793,52.281521],[-3.704594,52.281604],[-3.704417,52.281683],[-3.704265,52.28176],[-3.704097,52.281905],[-3.703914,52.282117],[-3.703874,52.282284],[-3.703976,52.282404],[-3.703953,52.282549],[-3.703805,52.282719],[-3.703644,52.282811],[-3.703472,52.282826],[-3.703354,52.282771],[-3.703291,52.282646],[-3.703275,52.282491],[-3.703305,52.282306],[-3.703325,52.2821],[-3.703335,52.281873],[-3.703439,52.28168],[-3.703638,52.281519],[-3.703921,52.281331],[-3.704288,52.281117],[-3.704615,52.280863],[-3.704901,52.280569],[-3.705113,52.280361],[-3.705252,52.280236],[-3.705388,52.280081],[-3.705522,52.279893],[-3.70568,52.279742],[-3.705861,52.279628],[-3.706172,52.279528],[-3.706612,52.279442],[-3.706818,52.279348],[-3.706792,52.279245],[-3.706705,52.279166],[-3.706559,52.279112],[-3.70645,52.279091],[-3.706377,52.279105],[-3.706302,52.279096],[-3.706224,52.279063],[-3.706039,52.278991],[-3.705749,52.27888],[-3.705615,52.278791],[-3.705637,52.278726],[-3.705636,52.278602],[-3.705613,52.278418],[-3.705521,52.278327],[-3.70536,52.27833],[-3.705181,52.278346],[-3.704986,52.278374],[-3.704817,52.278446],[-3.704674,52.278561],[-3.704574,52.278651],[-3.704517,52.278715],[-3.704476,52.278762],[-3.704452,52.27879],[-3.704329,52.278929],[-3.704109,52.279178],[-3.703929,52.279326],[-3.703791,52.279373],[-3.703556,52.27937],[-3.703223,52.279315],[-3.703041,52.279263],[-3.703009,52.279215],[-3.702988,52.279147],[-3.702978,52.27906],[-3.703028,52.278976],[-3.703139,52.278896],[-3.703335,52.278746],[-3.703615,52.278526],[-3.703838,52.278322],[-3.704004,52.278133],[-3.704111,52.278012],[-3.704158,52.277957],[-3.704246,52.277876],[-3.704374,52.277767],[-3.704513,52.277626],[-3.704663,52.277453],[-3.704727,52.277289],[-3.704705,52.277136],[-3.7046,52.277034],[-3.704414,52.276983],[-3.704282,52.276954],[-3.704205,52.276947],[-3.704164,52.276923],[-3.70416,52.276883],[-3.704085,52.276816],[-3.703939,52.27672],[-3.703701,52.276597],[-3.703372,52.276446],[-3.70311,52.2764],[-3.702915,52.276458],[-3.702627,52.27653],[-3.702246,52.276616],[-3.7019,52.276627],[-3.701589,52.276562],[-3.701398,52.276528],[-3.701329,52.276524],[-3.701262,52.276559],[-3.701198,52.276632],[-3.701157,52.276764],[-3.701139,52.276955],[-3.701035,52.277104],[-3.700844,52.277209],[-3.700675,52.277317],[-3.700525,52.27743],[-3.700371,52.277525],[-3.70021,52.277603],[-3.700039,52.277705],[-3.699856,52.277833],[-3.69969,52.277942],[-3.699543,52.27803],[-3.699402,52.278168],[-3.699266,52.278355],[-3.699124,52.27849],[-3.698975,52.278573],[-3.698906,52.278738],[-3.698915,52.278985],[-3.698932,52.279131],[-3.698955,52.279173],[-3.698935,52.279206],[-3.69887,52.279229],[-3.698807,52.2794],[-3.698745,52.27972],[-3.698721,52.280009],[-3.698734,52.280268],[-3.698727,52.280446],[-3.698699,52.280544],[-3.69864,52.280667],[-3.69855,52.280814],[-3.698304,52.280848],[-3.697901,52.280771],[-3.697632,52.280687],[-3.697497,52.280596],[-3.697338,52.280508],[-3.697156,52.280422],[-3.696833,52.280336],[-3.696369,52.280248],[-3.695861,52.280177],[-3.69531,52.280123],[-3.694964,52.280148],[-3.694822,52.280253],[-3.694646,52.280342],[-3.694435,52.280414],[-3.694218,52.280448],[-3.693993,52.280445],[-3.693812,52.280407],[-3.693672,52.280334],[-3.693607,52.280232],[-3.693614,52.280101],[-3.693652,52.28002],[-3.693719,52.279988],[-3.693762,52.279891],[-3.693779,52.27973],[-3.693823,52.279636],[-3.693892,52.27961],[-3.694035,52.279584],[-3.69425,52.279559],[-3.694354,52.279455],[-3.694345,52.279273],[-3.694361,52.279105],[-3.6944,52.278952],[-3.694406,52.278801],[-3.694378,52.27865],[-3.694301,52.278481],[-3.694175,52.278295],[-3.694076,52.278197],[-3.694006,52.278187],[-3.693907,52.278151],[-3.693781,52.278089],[-3.693719,52.278046],[-3.693723,52.278023],[-3.693708,52.278003],[-3.693676,52.277988],[-3.693656,52.277917],[-3.69365,52.277791],[-3.693625,52.277676],[-3.693583,52.277571],[-3.693456,52.277481],[-3.693243,52.277407],[-3.69307,52.277317],[-3.692938,52.277211],[-3.69283,52.277169],[-3.692746,52.277189],[-3.69269,52.277212],[-3.692662,52.277238],[-3.692649,52.277312],[-3.692652,52.277435],[-3.692654,52.277529],[-3.692656,52.277592],[-3.692656,52.277695],[-3.692656,52.277839],[-3.692415,52.277963],[-3.691934,52.278069],[-3.691612,52.278093],[-3.691449,52.278034],[-3.691268,52.27802],[-3.69107,52.278048],[-3.690938,52.278075],[-3.690873,52.278099],[-3.690796,52.278199],[-3.690707,52.278374],[-3.690604,52.278579],[-3.690487,52.278813],[-3.690352,52.278944],[-3.690199,52.278973],[-3.690082,52.278976],[-3.690003,52.278952],[-3.689958,52.27888],[-3.689947,52.27876],[-3.689988,52.278615],[-3.690079,52.278445],[-3.690077,52.278294],[-3.689981,52.278162],[-3.689773,52.278175],[-3.689453,52.278333],[-3.689166,52.278383],[-3.688913,52.278325],[-3.688791,52.278281],[-3.6888,52.278252],[-3.688872,52.278194],[-3.689007,52.278107],[-3.689157,52.278024],[-3.689322,52.277944],[-3.689398,52.277814],[-3.689387,52.277633],[-3.689417,52.277484],[-3.689488,52.277365],[-3.68962,52.277193],[-3.689811,52.276967],[-3.689928,52.276835],[-3.689971,52.276796],[-3.690049,52.276726],[-3.69016,52.276626],[-3.690216,52.276518],[-3.690216,52.276402],[-3.690187,52.276309],[-3.690129,52.276239],[-3.69004,52.2762],[-3.68992,52.276192],[-3.689826,52.276192],[-3.689756,52.2762],[-3.689597,52.276227],[-3.68935,52.276272],[-3.689179,52.276333],[-3.689086,52.27641],[-3.689061,52.276478],[-3.689103,52.276537],[-3.689183,52.276646],[-3.689298,52.276806],[-3.689331,52.276935],[-3.689281,52.277034],[-3.68917,52.277169],[-3.688997,52.277337],[-3.688838,52.277463],[-3.688692,52.277546],[-3.688576,52.277637],[-3.688489,52.277735],[-3.688336,52.277896],[-3.688118,52.27812],[-3.687855,52.278269],[-3.687548,52.278343],[-3.687402,52.27839],[-3.687415,52.278409],[-3.687414,52.278431],[-3.6874,52.278455],[-3.68738,52.278592],[-3.687355,52.278841],[-3.687256,52.279076],[-3.687083,52.279298],[-3.686795,52.279587],[-3.686393,52.279943],[-3.686098,52.280134],[-3.685911,52.280161],[-3.685816,52.280191],[-3.685811,52.280224],[-3.685753,52.280307],[-3.685641,52.280443],[-3.685492,52.28058],[-3.685304,52.280719],[-3.685198,52.280945],[-3.685172,52.281258],[-3.685165,52.281543],[-3.685176,52.2818],[-3.685084,52.282037],[-3.68489,52.282252],[-3.684681,52.28252],[-3.684458,52.282842],[-3.684265,52.28305],[-3.684102,52.283145],[-3.683794,52.283244],[-3.683342,52.283348],[-3.683034,52.283373],[-3.68287,52.283316],[-3.682761,52.283226],[-3.682706,52.283101],[-3.682722,52.283017],[-3.682809,52.282974],[-3.682917,52.282949],[-3.683046,52.282944],[-3.683162,52.282935],[-3.683266,52.282923],[-3.683347,52.282859],[-3.683403,52.282745],[-3.683493,52.282638],[-3.683616,52.282539],[-3.683617,52.282454],[-3.683495,52.282384],[-3.683303,52.282362],[-3.683041,52.282387],[-3.682748,52.282422],[-3.682422,52.282464],[-3.68216,52.282464],[-3.681962,52.282422],[-3.681834,52.282171],[-3.681775,52.281713],[-3.681755,52.281339],[-3.681773,52.281051],[-3.681782,52.280871],[-3.681782,52.2808],[-3.681744,52.28077],[-3.681667,52.280781],[-3.681586,52.280711],[-3.681502,52.280559],[-3.681417,52.28039],[-3.681329,52.280204],[-3.681133,52.279776],[-3.680829,52.279109],[-3.680725,52.278635],[-3.680821,52.278355],[-3.680845,52.278185],[-3.680798,52.278124],[-3.680718,52.278022],[-3.680606,52.277877],[-3.680372,52.277765],[-3.680017,52.277685],[-3.679815,52.27766],[-3.679765,52.277688],[-3.679736,52.277715],[-3.679728,52.27774],[-3.679711,52.277744],[-3.679683,52.277728],[-3.679658,52.277739],[-3.679634,52.277779],[-3.679587,52.277865],[-3.679516,52.277998],[-3.679372,52.27808],[-3.679156,52.278109],[-3.679088,52.2782],[-3.679169,52.278352],[-3.679285,52.278468],[-3.679435,52.278547],[-3.679523,52.278646],[-3.679546,52.278765],[-3.679486,52.278911],[-3.679342,52.279085],[-3.679045,52.279173],[-3.678594,52.279173],[-3.678257,52.279141],[-3.678032,52.279078],[-3.677849,52.279035],[-3.677709,52.279011],[-3.677518,52.279013],[-3.677275,52.279041],[-3.677042,52.279101],[-3.676818,52.279191],[-3.676667,52.279312],[-3.676589,52.279463],[-3.676413,52.279546],[-3.676139,52.279561],[-3.675676,52.279595],[-3.675023,52.279647],[-3.674536,52.279655],[-3.674214,52.27962],[-3.673986,52.279539],[-3.673854,52.279413],[-3.673794,52.279326],[-3.673805,52.279276],[-3.673863,52.279196],[-3.673968,52.279087],[-3.674075,52.279006],[-3.674184,52.278953],[-3.67444,52.278872],[-3.674844,52.278765],[-3.675162,52.278714],[-3.675396,52.278719],[-3.675579,52.278724],[-3.675713,52.278728],[-3.675916,52.278699],[-3.676188,52.278635],[-3.676359,52.278578],[-3.67643,52.27853],[-3.6765,52.278414],[-3.676569,52.278233],[-3.67664,52.278101],[-3.676714,52.27802],[-3.676797,52.277947],[-3.67689,52.277884],[-3.67708,52.277769],[-3.677365,52.277603],[-3.677598,52.277501],[-3.677779,52.277463],[-3.677897,52.277417],[-3.677953,52.277362],[-3.67794,52.277289],[-3.677858,52.277198],[-3.677762,52.277124],[-3.677652,52.277068],[-3.677632,52.277004],[-3.677702,52.276931],[-3.677809,52.276853],[-3.677952,52.276771],[-3.677999,52.276714],[-3.67795,52.276685],[-3.677992,52.276626],[-3.678128,52.276539],[-3.678278,52.276435],[-3.678445,52.276314],[-3.678392,52.276165],[-3.678119,52.275986],[-3.677864,52.275824],[-3.677627,52.27568],[-3.67726,52.275548],[-3.676762,52.275426],[-3.676445,52.27543],[-3.676309,52.275559],[-3.676215,52.275648],[-3.676164,52.275697],[-3.675964,52.2758],[-3.675617,52.275958],[-3.675206,52.276033],[-3.674731,52.276026],[-3.674392,52.276046],[-3.674189,52.276093],[-3.674049,52.276093],[-3.67397,52.276048],[-3.673992,52.275975],[-3.674115,52.275875],[-3.674347,52.275758],[-3.674688,52.275625],[-3.674968,52.275518],[-3.675186,52.275438],[-3.675284,52.275361],[-3.67526,52.275285],[-3.675228,52.275203],[-3.675187,52.275114],[-3.675117,52.275072],[-3.675016,52.275076],[-3.674847,52.27515],[-3.674611,52.275295],[-3.674334,52.275432],[-3.674017,52.275563],[-3.673743,52.275751],[-3.673513,52.275996],[-3.673221,52.276147],[-3.672868,52.276203],[-3.672668,52.276196],[-3.67262,52.276123],[-3.672565,52.276009],[-3.672503,52.275852],[-3.67246,52.275736],[-3.672437,52.275661],[-3.672409,52.275532],[-3.672378,52.275348],[-3.672308,52.275208],[-3.672202,52.275112],[-3.672096,52.275079],[-3.671991,52.27511],[-3.671746,52.275088],[-3.67136,52.275014],[-3.671059,52.274944],[-3.670844,52.274879],[-3.670677,52.274745],[-3.670558,52.274543],[-3.670441,52.274393],[-3.670326,52.274293],[-3.67015,52.274157],[-3.66991,52.273987],[-3.66983,52.273891],[-3.669907,52.273871],[-3.670012,52.273864],[-3.670144,52.273872],[-3.670277,52.273868],[-3.670412,52.273852],[-3.670534,52.273812],[-3.670644,52.273748],[-3.670715,52.273632],[-3.670746,52.273464],[-3.670814,52.27334],[-3.670919,52.27326],[-3.671033,52.273133],[-3.671156,52.27296],[-3.671164,52.272778],[-3.671057,52.272586],[-3.670923,52.272455],[-3.670762,52.272383],[-3.670621,52.272334],[-3.670501,52.272308],[-3.670414,52.272276],[-3.67036,52.272237],[-3.670234,52.272146],[-3.670037,52.272005],[-3.669767,52.271935],[-3.669423,52.271935],[-3.669117,52.271951],[-3.668848,52.271982],[-3.668615,52.272069],[-3.668418,52.272211],[-3.66836,52.272353],[-3.668442,52.272497],[-3.668582,52.272603],[-3.668779,52.27267],[-3.669008,52.272781],[-3.669269,52.272934],[-3.669434,52.273031],[-3.669503,52.273072],[-3.669602,52.273133],[-3.66973,52.273214],[-3.669861,52.273324],[-3.669997,52.273461],[-3.669911,52.273573],[-3.669604,52.27366],[-3.669306,52.273703],[-3.669018,52.273702],[-3.668832,52.273676],[-3.668748,52.273625],[-3.668667,52.273632],[-3.668591,52.273697],[-3.668546,52.27373],[-3.668531,52.273733],[-3.66851,52.273724],[-3.668482,52.273705],[-3.668408,52.273617],[-3.668287,52.27346],[-3.668155,52.273374],[-3.668014,52.27336],[-3.667917,52.273362],[-3.667866,52.273381],[-3.66773,52.273479],[-3.667511,52.273654],[-3.667414,52.273766],[-3.66744,52.273815],[-3.667395,52.273907],[-3.667279,52.274042],[-3.667306,52.274167],[-3.667476,52.274282],[-3.667585,52.274356],[-3.667632,52.274388],[-3.667656,52.274406],[-3.667657,52.274411],[-3.667681,52.274515],[-3.667728,52.274719],[-3.667744,52.274949],[-3.66773,52.275206],[-3.667687,52.275478],[-3.667613,52.275763],[-3.667477,52.276136],[-3.667279,52.276598],[-3.667062,52.277095],[-3.666827,52.277629],[-3.666672,52.277901],[-3.666598,52.277912],[-3.66653,52.278004],[-3.666468,52.278177],[-3.666362,52.278429],[-3.666213,52.278758],[-3.666008,52.279108],[-3.665748,52.279481],[-3.665345,52.279756],[-3.6648,52.279932],[-3.66452,52.280016],[-3.664505,52.280006],[-3.664482,52.280042],[-3.66445,52.280125],[-3.664366,52.28028],[-3.664228,52.280507],[-3.663898,52.280731],[-3.663374,52.280952],[-3.662887,52.281152],[-3.662436,52.281331],[-3.661997,52.281472],[-3.66157,52.281574],[-3.661282,52.281671],[-3.661135,52.281763],[-3.661039,52.281865],[-3.660994,52.281978],[-3.660887,52.282045],[-3.660718,52.282068],[-3.660517,52.282075],[-3.660285,52.282067],[-3.660111,52.281997],[-3.659996,52.281867],[-3.660011,52.281752],[-3.660155,52.28165],[-3.660283,52.281548],[-3.660395,52.281443],[-3.660432,52.28134],[-3.660394,52.281237],[-3.660323,52.281152],[-3.660217,52.281086],[-3.660095,52.281031],[-3.659958,52.280985],[-3.659926,52.280917],[-3.66,52.280827],[-3.660067,52.280804],[-3.660129,52.280849],[-3.66024,52.280903],[-3.660398,52.280966],[-3.660712,52.28098],[-3.661181,52.280945],[-3.661784,52.28067],[-3.66252,52.280154],[-3.662993,52.279823],[-3.663203,52.279674],[-3.663463,52.279457],[-3.663774,52.27917],[-3.663933,52.279025],[-3.663939,52.279021],[-3.66394,52.278963],[-3.663934,52.278851],[-3.663889,52.27873],[-3.663803,52.2786],[-3.663738,52.278489],[-3.663692,52.278399],[-3.663678,52.278349],[-3.663693,52.278341],[-3.663671,52.278341],[-3.663612,52.278349],[-3.66369,52.278299],[-3.663904,52.278191],[-3.664077,52.278114],[-3.664208,52.278067],[-3.664318,52.278036],[-3.664407,52.27802],[-3.664453,52.277918],[-3.664454,52.27773],[-3.664454,52.27754],[-3.664454,52.277347],[-3.664386,52.277198],[-3.664251,52.277094],[-3.664159,52.276963],[-3.66411,52.276807],[-3.664048,52.276663],[-3.663973,52.276531],[-3.66399,52.276435],[-3.664099,52.276375],[-3.664262,52.276307],[-3.664477,52.27623],[-3.664648,52.275928],[-3.664775,52.275402],[-3.664809,52.275086],[-3.664751,52.27498],[-3.664608,52.27496],[-3.664379,52.275024],[-3.664238,52.275039],[-3.664184,52.275006],[-3.664141,52.274923],[-3.664106,52.274791],[-3.664098,52.27466],[-3.664115,52.27453],[-3.664146,52.274421],[-3.66419,52.274332],[-3.664239,52.274223],[-3.664293,52.274094],[-3.664235,52.27398],[-3.664068,52.273881],[-3.663878,52.273806],[-3.663668,52.273756],[-3.66354,52.273667],[-3.663493,52.273541],[-3.663431,52.273387],[-3.663353,52.273207],[-3.66334,52.27305],[-3.663391,52.272916],[-3.663439,52.272792],[-3.663483,52.272677],[-3.663457,52.272571],[-3.663361,52.272472],[-3.663232,52.27241],[-3.66307,52.272384],[-3.662926,52.272361],[-3.6628,52.272341],[-3.662724,52.272289],[-3.662697,52.272204],[-3.662694,52.27214],[-3.662714,52.272097],[-3.662748,52.272023],[-3.662797,52.271917],[-3.662888,52.271797],[-3.663019,52.271663],[-3.663021,52.271555],[-3.662895,52.271473],[-3.662699,52.271423],[-3.662434,52.271406],[-3.662261,52.271403],[-3.66218,52.271416],[-3.662079,52.271356],[-3.66196,52.271223],[-3.661811,52.271173],[-3.661634,52.271208],[-3.661442,52.271149],[-3.661234,52.270997],[-3.661069,52.270844],[-3.660945,52.270692],[-3.660757,52.270565],[-3.660505,52.270464],[-3.660279,52.270384],[-3.660077,52.270324],[-3.659722,52.27021],[-3.659213,52.270041],[-3.658758,52.269983],[-3.658356,52.270034],[-3.658096,52.270018],[-3.657978,52.269934],[-3.657971,52.269838],[-3.658074,52.269728],[-3.658179,52.269602],[-3.658287,52.26946],[-3.658264,52.26934],[-3.658112,52.269241],[-3.657932,52.269165],[-3.657725,52.26911],[-3.657492,52.269033],[-3.657232,52.268933],[-3.656974,52.268886],[-3.656718,52.268893],[-3.656441,52.268932],[-3.656144,52.269004],[-3.655968,52.26911],[-3.655913,52.269251],[-3.655781,52.269375],[-3.655571,52.269483],[-3.655285,52.26954],[-3.654922,52.269545],[-3.654718,52.269548],[-3.654671,52.269549],[-3.654598,52.269548],[-3.654499,52.269545],[-3.654359,52.269597],[-3.654178,52.269701],[-3.654081,52.26979],[-3.654068,52.269862],[-3.654021,52.26992],[-3.653941,52.269961],[-3.653868,52.269962],[-3.653801,52.269923],[-3.653728,52.269924],[-3.653649,52.269965],[-3.653546,52.269999],[-3.653422,52.270025],[-3.653222,52.270066],[-3.652949,52.270123],[-3.652648,52.270159],[-3.652321,52.270172],[-3.652144,52.270254],[-3.652118,52.270402],[-3.652114,52.270528],[-3.652133,52.270631],[-3.652139,52.270715],[-3.652133,52.270781],[-3.652114,52.270815],[-3.652082,52.270819],[-3.651971,52.270815],[-3.651781,52.270802],[-3.651688,52.270886],[-3.651691,52.271066],[-3.651681,52.271201],[-3.651656,52.271293],[-3.651474,52.271337],[-3.651135,52.271332],[-3.650888,52.271328],[-3.650735,52.271325],[-3.650569,52.271335],[-3.65039,52.271355],[-3.65013,52.271426],[-3.64979,52.271547],[-3.649456,52.271656],[-3.649129,52.271755],[-3.648725,52.27179],[-3.648246,52.27176],[-3.647974,52.27175],[-3.64791,52.271757],[-3.647775,52.271813],[-3.647569,52.271918],[-3.647367,52.271941],[-3.64717,52.271883],[-3.647045,52.271811],[-3.646991,52.271724],[-3.64691,52.271643],[-3.6468,52.271566],[-3.646626,52.271542],[-3.64639,52.27157],[-3.646134,52.271599],[-3.645859,52.271631],[-3.645619,52.271692],[-3.645415,52.27178],[-3.645146,52.271908],[-3.644814,52.272076],[-3.644527,52.272239],[-3.644284,52.272397],[-3.644032,52.272576],[-3.643769,52.272776],[-3.643597,52.272903],[-3.643514,52.272957],[-3.643395,52.272967],[-3.643238,52.272933],[-3.643108,52.272865],[-3.643003,52.272764],[-3.642921,52.272608],[-3.642862,52.272396],[-3.642816,52.27227],[-3.642784,52.272229],[-3.642804,52.272168],[-3.642878,52.272087],[-3.642984,52.272],[-3.643121,52.271907],[-3.643309,52.27182],[-3.643549,52.27174],[-3.643785,52.271668],[-3.644018,52.271605],[-3.644191,52.271522],[-3.644305,52.27142],[-3.644477,52.271313],[-3.644707,52.271201],[-3.645104,52.271072],[-3.645669,52.270925],[-3.646194,52.270771],[-3.646681,52.27061],[-3.646929,52.270512],[-3.64694,52.270477],[-3.646935,52.270397],[-3.646914,52.270271],[-3.646914,52.270197],[-3.646936,52.270177],[-3.646912,52.270133],[-3.646843,52.270066],[-3.646827,52.270025],[-3.646863,52.270009],[-3.646881,52.27],[-3.64688,52.269996],[-3.646958,52.269917],[-3.647115,52.26976],[-3.647542,52.269528],[-3.648239,52.269221],[-3.648711,52.269003],[-3.648959,52.268874],[-3.64903,52.268756],[-3.648925,52.268649],[-3.648749,52.268531],[-3.648503,52.268403],[-3.648354,52.268269],[-3.6483,52.268131],[-3.648324,52.26804],[-3.648423,52.267997],[-3.6485,52.267913],[-3.648554,52.267788],[-3.648695,52.267696],[-3.648924,52.267638],[-3.649148,52.267533],[-3.649369,52.267382],[-3.649548,52.26728],[-3.649685,52.267226],[-3.649815,52.267114],[-3.649937,52.266942],[-3.649949,52.2668],[-3.649851,52.266685],[-3.649804,52.266616],[-3.649806,52.26659],[-3.649818,52.266495],[-3.649838,52.266329],[-3.64992,52.266213],[-3.650064,52.266146],[-3.650335,52.266108],[-3.650734,52.266099],[-3.651025,52.266078],[-3.651208,52.266045],[-3.651398,52.26601],[-3.651594,52.265974],[-3.651631,52.265891],[-3.651508,52.265761],[-3.651422,52.265695],[-3.651371,52.265693],[-3.651256,52.265687],[-3.651077,52.265679],[-3.650978,52.265644],[-3.650959,52.265583],[-3.651054,52.265548],[-3.651263,52.265538],[-3.651373,52.265491],[-3.651385,52.265405],[-3.651396,52.265362],[-3.651406,52.265361],[-3.651435,52.265357],[-3.651482,52.265352],[-3.651647,52.265292],[-3.65193,52.265176],[-3.652142,52.265028],[-3.652281,52.264848],[-3.652331,52.264692],[-3.652291,52.264562],[-3.652175,52.264426],[-3.651983,52.264284],[-3.651875,52.264206],[-3.65185,52.264193],[-3.651704,52.264117],[-3.651436,52.263977],[-3.651087,52.263846],[-3.650656,52.263724],[-3.650362,52.263627],[-3.650205,52.263555],[-3.649973,52.263399],[-3.649665,52.263158],[-3.64957,52.263031],[-3.649688,52.263017],[-3.64988,52.263002],[-3.650145,52.262986],[-3.650353,52.263007],[-3.650506,52.263064],[-3.650686,52.26317],[-3.650894,52.263326],[-3.651178,52.263412],[-3.651539,52.26343],[-3.65173,52.263393],[-3.65175,52.263301],[-3.651911,52.263231],[-3.652211,52.263183],[-3.652425,52.263033],[-3.652553,52.262781],[-3.652588,52.262653],[-3.652531,52.262648],[-3.6522,52.262658],[-3.651595,52.262683],[-3.651134,52.262699],[-3.650817,52.262706],[-3.650579,52.262689],[-3.650419,52.262648],[-3.650278,52.262589],[-3.650157,52.262514],[-3.650072,52.262419],[-3.650024,52.262305],[-3.649994,52.262189],[-3.649982,52.26207],[-3.649976,52.261992],[-3.649976,52.261955],[-3.650032,52.261975],[-3.650141,52.262052],[-3.650236,52.262138],[-3.650314,52.262234],[-3.650402,52.262317],[-3.650497,52.262388],[-3.650624,52.262441],[-3.650782,52.262475],[-3.651024,52.262484],[-3.65135,52.262469],[-3.651529,52.262433],[-3.65156,52.262377],[-3.651618,52.262228],[-3.651702,52.261986],[-3.651801,52.261754],[-3.651916,52.261531],[-3.651995,52.261313],[-3.652038,52.261098],[-3.652129,52.260859],[-3.652268,52.260596],[-3.652331,52.260432],[-3.652319,52.260365],[-3.652262,52.260294],[-3.652159,52.260219],[-3.652067,52.260157],[-3.651986,52.260107],[-3.651897,52.260088],[-3.6518,52.2601],[-3.651667,52.260095],[-3.651499,52.260075],[-3.651099,52.260038],[-3.650467,52.259983],[-3.650126,52.259875],[-3.650075,52.259713],[-3.650124,52.259583],[-3.650272,52.259487],[-3.650443,52.259438],[-3.650636,52.259435],[-3.65102,52.25942],[-3.651594,52.259393],[-3.65227,52.259354],[-3.653047,52.259303],[-3.653435,52.259276],[-3.653434,52.259274],[-3.653376,52.259167],[-3.653262,52.258956],[-3.6531,52.258798],[-3.652889,52.258694],[-3.652793,52.258567],[-3.652811,52.258417],[-3.652808,52.258303],[-3.652784,52.258227],[-3.652681,52.258155],[-3.652498,52.258088],[-3.652305,52.257987],[-3.652101,52.257852],[-3.651668,52.257735],[-3.651006,52.257634],[-3.65036,52.257561],[-3.649731,52.257516],[-3.649267,52.257456],[-3.648969,52.257382],[-3.648151,52.257353],[-3.646813,52.257371],[-3.645671,52.257523],[-3.644725,52.257811],[-3.6441,52.258056],[-3.643797,52.258257],[-3.643444,52.258422],[-3.64304,52.258549],[-3.64258,52.258692],[-3.642063,52.258851],[-3.64149,52.259036],[-3.64086,52.259248],[-3.640483,52.259469],[-3.640361,52.259701],[-3.640212,52.259847],[-3.640037,52.259907],[-3.639785,52.260034],[-3.639458,52.260231],[-3.639064,52.260237],[-3.638602,52.260053],[-3.638326,52.259947],[-3.638236,52.259918],[-3.638164,52.259818],[-3.638111,52.259646],[-3.638068,52.259483],[-3.638036,52.259329],[-3.638045,52.259175],[-3.638094,52.259021],[-3.638145,52.258951],[-3.638198,52.258965],[-3.638226,52.259001],[-3.638228,52.25906],[-3.638268,52.259189],[-3.638346,52.259387],[-3.638459,52.259517],[-3.638608,52.259579],[-3.638762,52.259605],[-3.638921,52.259597],[-3.639201,52.259613],[-3.639603,52.259656],[-3.639842,52.259593],[-3.63992,52.259426],[-3.639805,52.259188],[-3.639498,52.258878],[-3.639286,52.25869],[-3.639169,52.258625],[-3.639154,52.258552],[-3.639243,52.258473],[-3.639325,52.258396],[-3.639402,52.258323],[-3.639432,52.258286],[-3.639415,52.258286],[-3.639407,52.258167],[-3.639409,52.257929],[-3.63889,52.257496],[-3.637851,52.256867],[-3.637106,52.256446],[-3.636656,52.256233],[-3.636366,52.256041],[-3.636236,52.255869],[-3.636081,52.255699],[-3.635901,52.255533],[-3.635788,52.255374],[-3.635741,52.255224],[-3.635628,52.255026],[-3.63545,52.254781],[-3.635364,52.254464],[-3.63537,52.254073],[-3.635459,52.253742],[-3.635631,52.253473],[-3.635735,52.253273],[-3.635771,52.253144],[-3.635781,52.252847],[-3.635764,52.25238],[-3.635333,52.2519],[-3.634489,52.251405],[-3.633697,52.251161],[-3.632958,52.251169],[-3.632343,52.251084],[-3.631853,52.250907],[-3.631483,52.250839],[-3.631231,52.250879],[-3.631052,52.250838],[-3.630945,52.250714],[-3.630629,52.250628],[-3.630102,52.25058],[-3.629776,52.250352],[-3.62965,52.249945],[-3.629613,52.249622],[-3.629666,52.249382],[-3.629492,52.249191],[-3.62909,52.24905],[-3.628699,52.248987],[-3.62832,52.248999],[-3.627957,52.249026],[-3.627612,52.249066],[-3.627412,52.24912],[-3.627356,52.249189],[-3.627364,52.249298],[-3.627436,52.249445],[-3.627505,52.249586],[-3.627572,52.249718],[-3.627548,52.249846],[-3.627432,52.249969],[-3.626939,52.249987],[-3.626069,52.249901],[-3.625234,52.250013],[-3.624436,52.250324],[-3.623963,52.250517],[-3.623816,52.250593],[-3.623552,52.250566],[-3.623172,52.250437],[-3.623077,52.25031],[-3.623268,52.250184],[-3.62348,52.250045],[-3.623714,52.249893],[-3.623916,52.249721],[-3.624087,52.24953],[-3.624089,52.249288],[-3.623921,52.248995],[-3.6238,52.248853],[-3.623726,52.248862],[-3.623516,52.248925],[-3.623169,52.249043],[-3.622798,52.24925],[-3.622405,52.249546],[-3.62213,52.249773],[-3.621975,52.249931],[-3.621734,52.249897],[-3.621407,52.249669],[-3.621208,52.249521],[-3.621135,52.249451],[-3.621012,52.249465],[-3.620838,52.249564],[-3.620715,52.249703],[-3.620643,52.249883],[-3.620535,52.250028],[-3.62039,52.250138],[-3.620177,52.250233],[-3.619894,52.250313],[-3.619725,52.250432],[-3.619669,52.250592],[-3.619325,52.250726],[-3.618692,52.250834],[-3.618233,52.250834],[-3.617949,52.250726],[-3.617431,52.250326],[-3.616679,52.249632],[-3.616029,52.249271],[-3.615483,52.24924],[-3.615123,52.249274],[-3.614949,52.249373],[-3.614735,52.249632],[-3.614482,52.250051],[-3.614321,52.250437],[-3.614251,52.250788],[-3.61426,52.251107],[-3.614349,52.251393],[-3.614433,52.251703],[-3.614511,52.252038],[-3.614595,52.252348],[-3.614684,52.252634],[-3.615027,52.252914],[-3.615623,52.253189],[-3.616198,52.253379],[-3.61675,52.253487],[-3.617077,52.253551],[-3.617177,52.25357],[-3.617372,52.253509],[-3.61766,52.253366],[-3.617947,52.253262],[-3.618234,52.253198],[-3.618671,52.253163],[-3.619257,52.253157],[-3.619581,52.253252],[-3.619641,52.253448],[-3.619705,52.253652],[-3.61977,52.253862],[-3.619811,52.254076],[-3.619827,52.254293],[-3.619774,52.254533],[-3.619652,52.254797],[-3.619419,52.254996],[-3.619077,52.255129],[-3.618837,52.255219],[-3.618698,52.255267],[-3.618621,52.255307],[-3.618606,52.25534],[-3.618482,52.255518],[-3.61825,52.255842],[-3.617981,52.256005],[-3.617676,52.25601],[-3.617376,52.256016],[-3.617083,52.256024],[-3.616905,52.256029],[-3.616844,52.256031],[-3.616754,52.256046],[-3.616635,52.256076],[-3.616415,52.256109],[-3.616095,52.256146],[-3.615849,52.256221],[-3.61568,52.256335],[-3.615346,52.256865],[-3.614848,52.257813],[-3.614681,52.258511],[-3.614846,52.25896],[-3.616015,52.259183],[-3.618188,52.259181],[-3.619415,52.259159],[-3.619696,52.259118],[-3.619953,52.25908],[-3.620186,52.259046],[-3.620427,52.259152],[-3.620677,52.259396],[-3.620806,52.259521],[-3.620813,52.259528],[-3.620821,52.259532],[-3.62083,52.259532],[-3.621189,52.259537],[-3.6219,52.259547],[-3.622288,52.259716],[-3.622355,52.260045],[-3.622472,52.260245],[-3.622639,52.260318],[-3.622787,52.260455],[-3.622917,52.260656],[-3.623536,52.260682],[-3.624643,52.260533],[-3.625852,52.260305],[-3.627163,52.259997],[-3.627933,52.259884],[-3.628163,52.259967],[-3.628276,52.260453],[-3.628272,52.261343],[-3.628228,52.2618],[-3.628146,52.261824],[-3.628172,52.261865],[-3.628307,52.261923],[-3.628607,52.261896],[-3.629074,52.261782],[-3.629446,52.261625],[-3.629723,52.261425],[-3.630349,52.2612],[-3.631323,52.260948],[-3.631882,52.26077],[-3.632027,52.260664],[-3.632371,52.260496],[-3.632914,52.260265],[-3.633638,52.260067],[-3.634541,52.259903],[-3.635473,52.259829],[-3.636433,52.259846],[-3.636987,52.259935],[-3.637134,52.260096],[-3.637234,52.260262],[-3.637288,52.260433],[-3.637104,52.260544],[-3.636682,52.260593],[-3.635745,52.26078],[-3.634293,52.261107],[-3.633241,52.261367],[-3.63259,52.261562],[-3.632003,52.261808],[-3.63148,52.262105],[-3.63088,52.262412],[-3.630201,52.262728],[-3.629595,52.263095],[-3.629061,52.263512],[-3.628749,52.263938],[-3.628658,52.264374],[-3.628421,52.264628],[-3.62804,52.264702],[-3.627826,52.264732],[-3.62778,52.264717],[-3.62776,52.26482],[-3.627766,52.265042],[-3.627733,52.265237],[-3.627661,52.265406],[-3.627577,52.265559],[-3.627482,52.265696],[-3.627316,52.265897],[-3.62708,52.266161],[-3.626964,52.26652],[-3.626967,52.266975],[-3.626941,52.267358],[-3.626885,52.267668],[-3.627035,52.267904],[-3.627389,52.268065],[-3.627809,52.268147],[-3.628293,52.26815],[-3.628635,52.268203],[-3.628833,52.268307],[-3.629124,52.268399],[-3.629509,52.268481],[-3.629751,52.268592],[-3.62985,52.268733],[-3.629991,52.26883],[-3.630174,52.268885],[-3.630246,52.268982],[-3.630206,52.269122],[-3.62986,52.269208],[-3.629207,52.269242],[-3.628683,52.269248],[-3.628289,52.269226],[-3.628038,52.269175],[-3.627931,52.269095],[-3.627786,52.268964],[-3.627605,52.268783],[-3.627202,52.268732],[-3.626578,52.268813],[-3.626078,52.268896],[-3.625704,52.268982],[-3.62524,52.269158],[-3.624687,52.269425],[-3.624271,52.269642],[-3.623991,52.269809],[-3.62367,52.269999],[-3.623306,52.270209],[-3.622975,52.270455],[-3.622675,52.270734],[-3.622373,52.270988],[-3.622071,52.271217],[-3.621789,52.27133],[-3.621526,52.271326],[-3.621415,52.271377],[-3.621456,52.271482],[-3.621358,52.2715],[-3.621123,52.271431],[-3.620919,52.271422],[-3.620748,52.271475],[-3.620604,52.271553],[-3.620489,52.271656],[-3.620455,52.271763],[-3.620502,52.271872],[-3.620574,52.271994],[-3.62067,52.272131],[-3.62065,52.27226],[-3.620513,52.272382],[-3.620277,52.272483],[-3.619939,52.272563],[-3.619615,52.272621],[-3.619305,52.272657],[-3.619125,52.272748],[-3.619076,52.272892],[-3.619023,52.273025],[-3.618967,52.273146],[-3.618734,52.27328],[-3.618323,52.273426],[-3.618027,52.273595],[-3.617845,52.273788],[-3.617666,52.273944],[-3.617488,52.274063],[-3.617315,52.274152],[-3.617146,52.274213],[-3.617025,52.274276],[-3.616951,52.274342],[-3.616803,52.274707],[-3.61658,52.275371],[-3.616485,52.275799],[-3.616519,52.275992],[-3.616603,52.276113],[-3.616739,52.276163],[-3.616861,52.276231],[-3.616968,52.276316],[-3.617027,52.276375],[-3.617036,52.276407],[-3.616943,52.27643],[-3.616746,52.276444],[-3.616517,52.276463],[-3.616256,52.276485],[-3.616026,52.276544],[-3.615828,52.276641],[-3.615757,52.27678],[-3.615814,52.276962],[-3.615932,52.277148],[-3.616113,52.27734],[-3.616363,52.277475],[-3.616682,52.277553],[-3.617145,52.277703],[-3.617751,52.277928],[-3.618458,52.278325],[-3.619266,52.278894],[-3.620025,52.279244],[-3.620736,52.279374],[-3.621445,52.279562],[-3.622152,52.279807],[-3.622643,52.279963],[-3.622919,52.280029],[-3.623256,52.280056],[-3.623654,52.280042],[-3.623967,52.280012],[-3.624194,52.279964],[-3.624302,52.279971],[-3.624292,52.280032],[-3.624387,52.280053],[-3.624586,52.280034],[-3.62498,52.280204],[-3.625568,52.280564],[-3.625887,52.280774],[-3.625938,52.280833],[-3.626023,52.280825],[-3.626143,52.280748],[-3.626191,52.280636],[-3.626168,52.280489],[-3.626191,52.280334],[-3.626263,52.280169],[-3.626486,52.280065],[-3.626862,52.280022],[-3.627277,52.280048],[-3.62773,52.280145],[-3.628135,52.280268],[-3.628493,52.280416],[-3.628707,52.280476],[-3.628776,52.280448],[-3.629062,52.280347],[-3.629564,52.280173],[-3.630038,52.28005],[-3.630483,52.279978],[-3.63091,52.279885],[-3.63132,52.279769],[-3.631614,52.279643],[-3.631794,52.279507],[-3.632287,52.279229],[-3.633091,52.27881],[-3.63354,52.278517],[-3.633632,52.27835],[-3.63372,52.27815],[-3.633803,52.277916],[-3.633961,52.277724],[-3.634193,52.277575],[-3.634531,52.277465],[-3.634976,52.277393],[-3.635277,52.277446],[-3.635432,52.277625],[-3.635488,52.277802],[-3.635442,52.277977],[-3.635512,52.278166],[-3.635697,52.278368],[-3.635782,52.278532],[-3.635765,52.278656],[-3.635609,52.278745],[-3.635314,52.2788],[-3.634993,52.278806],[-3.634647,52.278765],[-3.634428,52.27876],[-3.634337,52.278791],[-3.634207,52.278854],[-3.634036,52.278948],[-3.633836,52.279076],[-3.633609,52.279239],[-3.633391,52.279434],[-3.633184,52.279662],[-3.632937,52.27987],[-3.632651,52.280059],[-3.632419,52.280263],[-3.632242,52.28048],[-3.632106,52.280741],[-3.632011,52.281044],[-3.631933,52.281294],[-3.631872,52.281491],[-3.631802,52.281659],[-3.631723,52.281797],[-3.631568,52.282032],[-3.631337,52.282364],[-3.631155,52.282549],[-3.631022,52.282584],[-3.630521,52.282639],[-3.629653,52.282713],[-3.628884,52.282673],[-3.628213,52.28252],[-3.627823,52.282412],[-3.627715,52.28235],[-3.627501,52.282341],[-3.627181,52.282385],[-3.626933,52.282414],[-3.626758,52.282427],[-3.62667,52.282458],[-3.626669,52.282506],[-3.62649,52.282661],[-3.626133,52.282924],[-3.625704,52.283215],[-3.625201,52.283533],[-3.625107,52.283712],[-3.62542,52.283752],[-3.625869,52.283788],[-3.626455,52.283819],[-3.62688,52.283877],[-3.627145,52.283961],[-3.627365,52.284065],[-3.627542,52.28419],[-3.627643,52.284315],[-3.62767,52.284442],[-3.627282,52.284602],[-3.626477,52.284794],[-3.625957,52.284935],[-3.625722,52.285023],[-3.625501,52.28516],[-3.625295,52.285344],[-3.625084,52.285349],[-3.624867,52.285176],[-3.624755,52.285055],[-3.624746,52.284988],[-3.624892,52.284894],[-3.625194,52.284775],[-3.625454,52.284665],[-3.625672,52.284563],[-3.625751,52.284393],[-3.62569,52.284156],[-3.625547,52.28402],[-3.625323,52.283985],[-3.624842,52.283949],[-3.624104,52.283912],[-3.623635,52.283861],[-3.623435,52.283795],[-3.62333,52.283839],[-3.62332,52.283993],[-3.623245,52.284066],[-3.623104,52.284056],[-3.622716,52.283978],[-3.622081,52.28383],[-3.621661,52.283607],[-3.621456,52.28331],[-3.621078,52.283041],[-3.620526,52.282799],[-3.619979,52.282771],[-3.619436,52.282956],[-3.619059,52.283015],[-3.61885,52.282947],[-3.618578,52.282777],[-3.618242,52.282502],[-3.617898,52.282382],[-3.617545,52.282415],[-3.617284,52.282441],[-3.617115,52.282461],[-3.6169,52.282517],[-3.61664,52.282608],[-3.616399,52.282678],[-3.616176,52.282727],[-3.615939,52.28285],[-3.615687,52.283047],[-3.615448,52.283143],[-3.615221,52.283139],[-3.615035,52.283103],[-3.614889,52.283036],[-3.614737,52.283073],[-3.614581,52.283213],[-3.614465,52.283364],[-3.61439,52.283526],[-3.614403,52.283669],[-3.614505,52.283795],[-3.614943,52.283855],[-3.615718,52.283849],[-3.61619,52.283898],[-3.61636,52.284],[-3.616484,52.284139],[-3.616563,52.284313],[-3.616737,52.284449],[-3.617006,52.284548],[-3.617232,52.284671],[-3.617416,52.284818],[-3.617705,52.284922],[-3.618099,52.284983],[-3.618396,52.285071],[-3.618595,52.285185],[-3.618725,52.285342],[-3.618787,52.285541],[-3.618891,52.285777],[-3.619039,52.286051],[-3.619161,52.28622],[-3.619256,52.286285],[-3.619383,52.286412],[-3.619542,52.2866],[-3.619639,52.286695],[-3.619676,52.286697],[-3.619623,52.286725],[-3.619481,52.286781],[-3.61943,52.286855],[-3.619471,52.286948],[-3.619595,52.287017],[-3.619804,52.287063],[-3.619941,52.287134],[-3.620005,52.287231],[-3.619881,52.287329],[-3.619569,52.287428],[-3.619344,52.28744],[-3.619206,52.287366],[-3.619013,52.287406],[-3.618763,52.28756],[-3.618653,52.287775],[-3.618682,52.288051],[-3.618789,52.288213],[-3.618976,52.288261],[-3.619288,52.288235],[-3.619726,52.288136],[-3.620043,52.288179],[-3.620238,52.288366],[-3.620385,52.288562],[-3.620483,52.288767],[-3.620555,52.289163],[-3.6206,52.289751],[-3.620504,52.290104],[-3.620266,52.290222],[-3.620159,52.290374],[-3.620183,52.29056],[-3.6203,52.290734],[-3.620511,52.290898],[-3.620652,52.291095],[-3.620724,52.291324],[-3.621184,52.291682],[-3.622034,52.292169],[-3.622858,52.292538],[-3.623656,52.292787],[-3.624143,52.292873],[-3.624319,52.292795],[-3.624415,52.292789],[-3.624431,52.292856],[-3.624545,52.292911],[-3.624757,52.292954],[-3.625218,52.292995],[-3.625927,52.293034],[-3.626618,52.293037],[-3.627292,52.293004],[-3.627732,52.293059],[-3.627939,52.293202],[-3.627837,52.293336],[-3.627428,52.293459],[-3.626959,52.293593],[-3.626432,52.293738],[-3.625945,52.293912],[-3.625498,52.294115],[-3.625222,52.294229],[-3.625116,52.294253],[-3.625044,52.294261],[-3.625006,52.294254],[-3.624838,52.294252],[-3.624541,52.294257],[-3.624309,52.294291],[-3.624143,52.294356],[-3.623752,52.294378],[-3.623136,52.294359],[-3.622726,52.294399],[-3.62252,52.294498],[-3.622344,52.294633],[-3.622198,52.294801],[-3.622099,52.294923],[-3.622047,52.294997],[-3.62191,52.295134],[-3.621686,52.295335],[-3.621486,52.295472],[-3.62131,52.295545],[-3.621076,52.295535],[-3.620785,52.295439],[-3.620582,52.295326],[-3.620467,52.295196],[-3.620194,52.295098],[-3.619764,52.295034],[-3.61934,52.294894],[-3.618925,52.294676],[-3.618716,52.294507],[-3.618716,52.294386],[-3.618539,52.294217],[-3.618185,52.294],[-3.618017,52.29394],[-3.618035,52.294036],[-3.617962,52.294143],[-3.6178,52.294261],[-3.617758,52.294387],[-3.617838,52.294522],[-3.617937,52.294681],[-3.618056,52.294864],[-3.618094,52.295106],[-3.618051,52.295407],[-3.618104,52.295777],[-3.618253,52.296215],[-3.618546,52.296617],[-3.618983,52.296983],[-3.619316,52.297275],[-3.619545,52.297491],[-3.619726,52.297713],[-3.619859,52.29794],[-3.619941,52.298101],[-3.61997,52.298197],[-3.620006,52.298261],[-3.620048,52.298294],[-3.62002,52.298315],[-3.619921,52.298326],[-3.620069,52.298501],[-3.620464,52.298841],[-3.621085,52.299342],[-3.621933,52.300004],[-3.622553,52.300543],[-3.622945,52.300961],[-3.623425,52.301371],[-3.623993,52.301773],[-3.624918,52.301787],[-3.626202,52.301412],[-3.628004,52.301107],[-3.630325,52.300871],[-3.631515,52.300717],[-3.631574,52.300647],[-3.631655,52.300635],[-3.631759,52.30068],[-3.632028,52.300621],[-3.632462,52.300456],[-3.632838,52.300255],[-3.633155,52.300016],[-3.633667,52.29979],[-3.634375,52.299578],[-3.635307,52.299361],[-3.636462,52.299139],[-3.637533,52.298973],[-3.63852,52.298864],[-3.63941,52.298761],[-3.640205,52.298663],[-3.640738,52.298682],[-3.641009,52.298816],[-3.641425,52.298895],[-3.641985,52.298918],[-3.642566,52.298967],[-3.643168,52.299043],[-3.643577,52.299112],[-3.643792,52.299175],[-3.64391,52.299281],[-3.643931,52.299429],[-3.643817,52.299527],[-3.643569,52.299577],[-3.643326,52.299603],[-3.643088,52.299604],[-3.64291,52.299648],[-3.642793,52.299734],[-3.642651,52.299894],[-3.642485,52.300125],[-3.642128,52.300263],[-3.64158,52.300306],[-3.641234,52.300315],[-3.64109,52.30029],[-3.640986,52.300281],[-3.64092,52.300289],[-3.640842,52.300298],[-3.640752,52.300309],[-3.640625,52.300339],[-3.640462,52.300389],[-3.640343,52.300483],[-3.640267,52.300622],[-3.64018,52.300821],[-3.640083,52.301081],[-3.639769,52.301234],[-3.639239,52.30128],[-3.638831,52.301268],[-3.638545,52.301197],[-3.638203,52.30119],[-3.637804,52.301247],[-3.637505,52.301326],[-3.637307,52.301427],[-3.637246,52.301571],[-3.637321,52.30176],[-3.637494,52.301836],[-3.637763,52.301799],[-3.638002,52.3018],[-3.638209,52.301838],[-3.638286,52.30192],[-3.638231,52.302046],[-3.638127,52.302148],[-3.637974,52.302228],[-3.637872,52.302313],[-3.637823,52.302401],[-3.637895,52.302468],[-3.638088,52.302513],[-3.638236,52.302499],[-3.638341,52.302424],[-3.63845,52.302324],[-3.638563,52.302196],[-3.6387,52.302144],[-3.63886,52.302167],[-3.639005,52.302236],[-3.639134,52.30235],[-3.639129,52.302455],[-3.638988,52.302549],[-3.63882,52.302664],[-3.638624,52.302801],[-3.638547,52.302928],[-3.638589,52.303044],[-3.638796,52.303163],[-3.639169,52.303285],[-3.639379,52.303314],[-3.639427,52.30325],[-3.639506,52.303099],[-3.639617,52.302862],[-3.639818,52.302658],[-3.64011,52.302489],[-3.640461,52.302355],[-3.640873,52.302254],[-3.641165,52.302164],[-3.641337,52.302084],[-3.64149,52.301905],[-3.641625,52.301627],[-3.641871,52.30143],[-3.642228,52.301313],[-3.642528,52.30123],[-3.64277,52.301179],[-3.642996,52.301153],[-3.643205,52.301151],[-3.643314,52.301187],[-3.643325,52.301261],[-3.643318,52.301337],[-3.643293,52.301415],[-3.643141,52.3015],[-3.642862,52.301592],[-3.642742,52.3017],[-3.642781,52.301823],[-3.642821,52.301991],[-3.642862,52.302204],[-3.642815,52.302427],[-3.642679,52.30266],[-3.642552,52.302903],[-3.642434,52.303157],[-3.642534,52.303322],[-3.642853,52.303397],[-3.643039,52.303439],[-3.643091,52.303448],[-3.643262,52.303425],[-3.643552,52.303369],[-3.6439,52.303362],[-3.644307,52.303405],[-3.644743,52.30344],[-3.645207,52.303469],[-3.64559,52.303473],[-3.645891,52.303453],[-3.646107,52.303398],[-3.646239,52.303308],[-3.646364,52.303256],[-3.646483,52.303242],[-3.646617,52.303256],[-3.646766,52.303299],[-3.647045,52.303267],[-3.647454,52.303159],[-3.64795,52.303154],[-3.648534,52.303251],[-3.648916,52.303307],[-3.649096,52.30332],[-3.649237,52.3033],[-3.649341,52.303247],[-3.650128,52.303195],[-3.651599,52.303145],[-3.652467,52.303044],[-3.652731,52.302892],[-3.653017,52.302764],[-3.653324,52.302659],[-3.653719,52.302519],[-3.654202,52.302342],[-3.654603,52.3022],[-3.654924,52.302094],[-3.655048,52.301945],[-3.654974,52.301755],[-3.654805,52.30162],[-3.654539,52.301538],[-3.654425,52.301448],[-3.654465,52.301348],[-3.654604,52.301272],[-3.654842,52.301218],[-3.655267,52.301152],[-3.65588,52.301072],[-3.656234,52.300983],[-3.656331,52.300885],[-3.656454,52.300802],[-3.656602,52.300733],[-3.656763,52.300727],[-3.656937,52.300785],[-3.656999,52.300847],[-3.656949,52.300913],[-3.656838,52.301034],[-3.656666,52.301209],[-3.656463,52.301375],[-3.656229,52.301532],[-3.65596,52.301714],[-3.655657,52.301922],[-3.655273,52.302144],[-3.654808,52.302379],[-3.654416,52.302576],[-3.654097,52.302734],[-3.654044,52.302994],[-3.654257,52.303358],[-3.654455,52.303607],[-3.654638,52.303741],[-3.654904,52.303797],[-3.65525,52.303774],[-3.655565,52.303785],[-3.655848,52.303829],[-3.655894,52.303954],[-3.655703,52.304157],[-3.655539,52.304333],[-3.655402,52.304481],[-3.655397,52.304571],[-3.655524,52.304603],[-3.655598,52.304712],[-3.655618,52.304897],[-3.655603,52.305044],[-3.655553,52.305153],[-3.655519,52.305297],[-3.655502,52.305479],[-3.655608,52.305633],[-3.655837,52.30576],[-3.656183,52.305992],[-3.656645,52.306329],[-3.656947,52.306621],[-3.657087,52.306867],[-3.657288,52.307142],[-3.657551,52.307445],[-3.6578,52.307637],[-3.658035,52.307718],[-3.658312,52.307763],[-3.65863,52.307771],[-3.658969,52.307661],[-3.659328,52.307433],[-3.659889,52.30699],[-3.66065,52.306332],[-3.661202,52.305896],[-3.661545,52.305683],[-3.662176,52.305565],[-3.663093,52.305541],[-3.663634,52.305523],[-3.663798,52.305511],[-3.663955,52.305457],[-3.664104,52.305363],[-3.664189,52.305278],[-3.66421,52.305203],[-3.664299,52.305205],[-3.664456,52.305284],[-3.66462,52.305266],[-3.664791,52.305151],[-3.665071,52.305118],[-3.66546,52.305168],[-3.665803,52.305187],[-3.6661,52.305175],[-3.666294,52.305137],[-3.666383,52.305076],[-3.66661,52.304954],[-3.666975,52.304772],[-3.667229,52.304661],[-3.667374,52.304622],[-3.667592,52.304608],[-3.667885,52.304618],[-3.668118,52.304808],[-3.668294,52.305177],[-3.668647,52.305496],[-3.669177,52.305764],[-3.669643,52.305908],[-3.670047,52.305928],[-3.670252,52.305966],[-3.670258,52.306024],[-3.670269,52.3061],[-3.670287,52.306194],[-3.670138,52.306259],[-3.669824,52.306295],[-3.669642,52.306327],[-3.66959,52.306355],[-3.669497,52.306425],[-3.669363,52.306536],[-3.669345,52.30667],[-3.669443,52.306828],[-3.669579,52.306974],[-3.669753,52.307108],[-3.669831,52.307242],[-3.669813,52.307376],[-3.669703,52.307643],[-3.669502,52.308041],[-3.669112,52.308237],[-3.668531,52.308231],[-3.667987,52.30807],[-3.667479,52.307754],[-3.666903,52.307563],[-3.666261,52.307495],[-3.665831,52.307449],[-3.665613,52.307426],[-3.665295,52.30738],[-3.664876,52.307311],[-3.664435,52.307344],[-3.663971,52.307479],[-3.663662,52.307706],[-3.663508,52.308025],[-3.66337,52.308353],[-3.663246,52.308691],[-3.663103,52.308888],[-3.66294,52.308943],[-3.662854,52.309093],[-3.662846,52.309336],[-3.663074,52.309508],[-3.663539,52.309608],[-3.664019,52.309641],[-3.664514,52.309605],[-3.664872,52.309575],[-3.665093,52.309549],[-3.665275,52.309543],[-3.665417,52.309558],[-3.665481,52.309587],[-3.665466,52.309632],[-3.665524,52.309661],[-3.665655,52.309675],[-3.665822,52.309756],[-3.666026,52.309905],[-3.666152,52.310038],[-3.666198,52.310154],[-3.666232,52.310262],[-3.666253,52.310362],[-3.666185,52.310415],[-3.66603,52.31042],[-3.665822,52.310428],[-3.665563,52.310439],[-3.665372,52.310444],[-3.66525,52.310442],[-3.665081,52.310439],[-3.664866,52.310435],[-3.664377,52.310423],[-3.663614,52.310403],[-3.6631,52.310405],[-3.662835,52.31043],[-3.66259,52.310487],[-3.662366,52.310577],[-3.66216,52.310774],[-3.661971,52.311078],[-3.661619,52.311362],[-3.661103,52.311627],[-3.660707,52.311769],[-3.660429,52.311788],[-3.660178,52.311808],[-3.659953,52.311828],[-3.659787,52.311866],[-3.659678,52.311923],[-3.659462,52.312003],[-3.659137,52.312105],[-3.658816,52.312171],[-3.6585,52.312201],[-3.658292,52.312309],[-3.658192,52.312493],[-3.658114,52.312714],[-3.658057,52.31297],[-3.658046,52.313288],[-3.658081,52.313668],[-3.658202,52.313932],[-3.658411,52.314081],[-3.658445,52.314172],[-3.658304,52.314207],[-3.658276,52.314259],[-3.658361,52.314327],[-3.658512,52.31438],[-3.658728,52.314417],[-3.658869,52.314527],[-3.658934,52.314712],[-3.659001,52.31488],[-3.65907,52.315032],[-3.659073,52.31517],[-3.659009,52.315293],[-3.658968,52.315454],[-3.65895,52.315653],[-3.658869,52.315769],[-3.658726,52.315803],[-3.658645,52.315788],[-3.658625,52.315724],[-3.65859,52.315603],[-3.658542,52.315426],[-3.65845,52.315272],[-3.658314,52.31514],[-3.658125,52.314991],[-3.657882,52.314823],[-3.657678,52.314684],[-3.657512,52.314574],[-3.657424,52.314488],[-3.657413,52.314427],[-3.657389,52.314292],[-3.657352,52.314082],[-3.657351,52.313895],[-3.657388,52.31373],[-3.65737,52.313556],[-3.657298,52.313373],[-3.657244,52.313283],[-3.657209,52.313287],[-3.657131,52.313296],[-3.657011,52.31331],[-3.656832,52.313344],[-3.656593,52.313399],[-3.656452,52.313415],[-3.656409,52.313394],[-3.656454,52.313317],[-3.656589,52.313186],[-3.656675,52.313077],[-3.656715,52.312993],[-3.656697,52.312888],[-3.656621,52.312763],[-3.656554,52.312701],[-3.656497,52.312704],[-3.656467,52.312736],[-3.656464,52.312799],[-3.656336,52.312952],[-3.656083,52.313195],[-3.655866,52.313388],[-3.655683,52.313529],[-3.655445,52.31368],[-3.655151,52.313838],[-3.654929,52.314007],[-3.65478,52.314185],[-3.654647,52.314298],[-3.654531,52.314347],[-3.654462,52.314349],[-3.65444,52.314302],[-3.654442,52.314228],[-3.654469,52.314127],[-3.654501,52.314019],[-3.654538,52.313903],[-3.654564,52.313764],[-3.65458,52.313602],[-3.654644,52.313445],[-3.654758,52.313294],[-3.654789,52.313183],[-3.654738,52.313113],[-3.654615,52.313072],[-3.654421,52.313059],[-3.654171,52.313065],[-3.653865,52.313092],[-3.653648,52.31322],[-3.653522,52.313448],[-3.653328,52.313634],[-3.653065,52.313775],[-3.652851,52.313875],[-3.652685,52.313931],[-3.652551,52.313879],[-3.652448,52.313716],[-3.652383,52.313575],[-3.652355,52.313454],[-3.652401,52.313242],[-3.652519,52.312937],[-3.652518,52.312674],[-3.652398,52.312453],[-3.65228,52.312349],[-3.652162,52.312363],[-3.652011,52.312384],[-3.651827,52.312411],[-3.651666,52.312433],[-3.651529,52.312449],[-3.651423,52.312337],[-3.651349,52.312099],[-3.651296,52.311947],[-3.651266,52.311882],[-3.651221,52.31182],[-3.651161,52.311758],[-3.651041,52.311813],[-3.65086,52.311982],[-3.650571,52.312226],[-3.650173,52.312545],[-3.649868,52.312722],[-3.649657,52.312759],[-3.649437,52.312754],[-3.649209,52.312706],[-3.648943,52.312653],[-3.648641,52.312596],[-3.648398,52.31255],[-3.648215,52.312515],[-3.648121,52.312474],[-3.648116,52.312425],[-3.648203,52.312281],[-3.648383,52.312044],[-3.648632,52.311851],[-3.648951,52.311703],[-3.649173,52.311553],[-3.649299,52.311402],[-3.649455,52.311267],[-3.64964,52.311146],[-3.649823,52.310983],[-3.650002,52.310776],[-3.650104,52.310616],[-3.650129,52.310501],[-3.650075,52.310424],[-3.649941,52.310384],[-3.649814,52.310352],[-3.649695,52.310329],[-3.649503,52.310268],[-3.649239,52.310169],[-3.649066,52.310102],[-3.648984,52.310068],[-3.648872,52.310115],[-3.648729,52.310243],[-3.64847,52.310403],[-3.648093,52.310596],[-3.647813,52.310659],[-3.647631,52.310594],[-3.647431,52.31054],[-3.647215,52.310497],[-3.647022,52.310482],[-3.646854,52.310495],[-3.646571,52.310646],[-3.646173,52.310933],[-3.645883,52.311205],[-3.645699,52.311462],[-3.645543,52.311647],[-3.645416,52.31176],[-3.645126,52.311918],[-3.644671,52.312119],[-3.64434,52.312312],[-3.644134,52.312497],[-3.643957,52.312639],[-3.643811,52.312737],[-3.643713,52.312774],[-3.643664,52.312751],[-3.643565,52.312736],[-3.643417,52.31273],[-3.643349,52.312666],[-3.64336,52.312546],[-3.643344,52.312385],[-3.6433,52.312182],[-3.643097,52.312016],[-3.642736,52.311886],[-3.642466,52.311772],[-3.64229,52.311674],[-3.642074,52.311577],[-3.641821,52.311482],[-3.64165,52.311463],[-3.64156,52.311521],[-3.641437,52.311624],[-3.641279,52.311773],[-3.640964,52.312026],[-3.640491,52.312384],[-3.640176,52.312684],[-3.640018,52.312928],[-3.639919,52.313064],[-3.63988,52.313093],[-3.639681,52.313172],[-3.639322,52.313303],[-3.639073,52.313409],[-3.638933,52.31349],[-3.638735,52.313558],[-3.638479,52.313611],[-3.63827,52.313659],[-3.638108,52.313702],[-3.637937,52.313763],[-3.637758,52.313843],[-3.637792,52.313923],[-3.63804,52.314001],[-3.638289,52.314049],[-3.638538,52.314067],[-3.638686,52.314151],[-3.638733,52.3143],[-3.638683,52.314484],[-3.638537,52.314703],[-3.63855,52.314838],[-3.638721,52.314889],[-3.639228,52.314904],[-3.640068,52.314884],[-3.640837,52.314881],[-3.641532,52.314895],[-3.641927,52.314849],[-3.64202,52.314743],[-3.642132,52.314632],[-3.642261,52.314517],[-3.642515,52.314487],[-3.642893,52.314544],[-3.643066,52.314646],[-3.643034,52.314792],[-3.642963,52.314925],[-3.642854,52.315044],[-3.642863,52.315197],[-3.64299,52.315385],[-3.643111,52.315488],[-3.643228,52.315509],[-3.643453,52.3156],[-3.643787,52.315761],[-3.644185,52.315845],[-3.644649,52.315852],[-3.645204,52.315833],[-3.645851,52.315788],[-3.64656,52.315843],[-3.647331,52.315996],[-3.647759,52.316269],[-3.647844,52.316662],[-3.647866,52.316971],[-3.647824,52.317197],[-3.647654,52.317452],[-3.647356,52.317737],[-3.647218,52.317993],[-3.647239,52.318218],[-3.647392,52.318371],[-3.647679,52.318452],[-3.648047,52.318512],[-3.648496,52.318551],[-3.648716,52.318597],[-3.648708,52.318652],[-3.648694,52.318748],[-3.648675,52.318887],[-3.648542,52.31896],[-3.648295,52.318965],[-3.647699,52.318936],[-3.646756,52.318871],[-3.646252,52.318853],[-3.646187,52.318883],[-3.645942,52.318916],[-3.645516,52.31895],[-3.64505,52.318894],[-3.644543,52.318748],[-3.643458,52.318649],[-3.641797,52.318599],[-3.640615,52.318557],[-3.639913,52.318522],[-3.639567,52.318509],[-3.639577,52.318517],[-3.639287,52.318625],[-3.638697,52.318834],[-3.638428,52.319179],[-3.63848,52.319663],[-3.638486,52.319972],[-3.638446,52.320106],[-3.638347,52.320208],[-3.638188,52.320276],[-3.638009,52.320307],[-3.63781,52.3203],[-3.637653,52.320243],[-3.637538,52.320137],[-3.637457,52.320191],[-3.637409,52.320406],[-3.637511,52.320575],[-3.637761,52.320695],[-3.638154,52.320825],[-3.638689,52.320962],[-3.639165,52.321097],[-3.639583,52.321228],[-3.639738,52.32141],[-3.63963,52.321642],[-3.639532,52.321878],[-3.639443,52.322118],[-3.639219,52.322269],[-3.638861,52.322331],[-3.638546,52.322342],[-3.638271,52.322304],[-3.637705,52.32217],[-3.636847,52.32194],[-3.636321,52.321751],[-3.636127,52.321604],[-3.63605,52.321513],[-3.636088,52.321479],[-3.636131,52.321329],[-3.63618,52.321064],[-3.636101,52.320873],[-3.635895,52.320756],[-3.635786,52.320694],[-3.635772,52.320686],[-3.635618,52.320759],[-3.635322,52.320913],[-3.634904,52.320942],[-3.634366,52.320844],[-3.633868,52.320747],[-3.633412,52.32065],[-3.632903,52.320515],[-3.63234,52.32034],[-3.631791,52.320129],[-3.631255,52.319882],[-3.630857,52.319578],[-3.630597,52.319219],[-3.630172,52.319038],[-3.629582,52.319037],[-3.628929,52.319307],[-3.628213,52.31985],[-3.628303,52.320244],[-3.629199,52.32049],[-3.629921,52.320731],[-3.63047,52.320967],[-3.631217,52.32118],[-3.632161,52.32137],[-3.632967,52.321561],[-3.633633,52.321754],[-3.634306,52.322162],[-3.634985,52.322787],[-3.63529,52.323117],[-3.63522,52.32315],[-3.634974,52.323233],[-3.634551,52.323365],[-3.63431,52.323601],[-3.634252,52.323941],[-3.634219,52.324336],[-3.634209,52.324787],[-3.634068,52.32519],[-3.633797,52.325546],[-3.633521,52.325757],[-3.633241,52.325823],[-3.633061,52.32599],[-3.63298,52.326257],[-3.633198,52.326407],[-3.633713,52.326438],[-3.634028,52.326398],[-3.634143,52.326285],[-3.634325,52.326209],[-3.634573,52.326172],[-3.634716,52.326239],[-3.634756,52.326409],[-3.634939,52.326579],[-3.635265,52.32675],[-3.635527,52.326802],[-3.635726,52.326738],[-3.63583,52.326634],[-3.63584,52.326491],[-3.635938,52.326301],[-3.636123,52.326063],[-3.636436,52.325927],[-3.636876,52.325893],[-3.637209,52.325975],[-3.637435,52.326173],[-3.637673,52.326325],[-3.637924,52.326429],[-3.638175,52.3264],[-3.638425,52.326237],[-3.638663,52.326081],[-3.638889,52.32593],[-3.639214,52.325767],[-3.639637,52.325593],[-3.639939,52.325554],[-3.64012,52.325649],[-3.640421,52.325827],[-3.640843,52.326086],[-3.641196,52.326178],[-3.641478,52.326105],[-3.641613,52.326097],[-3.6416,52.326154],[-3.641675,52.326184],[-3.641837,52.326186],[-3.642012,52.326152],[-3.642198,52.326081],[-3.642383,52.326006],[-3.642567,52.325929],[-3.642799,52.325874],[-3.643078,52.325841],[-3.643682,52.325831],[-3.644612,52.325843],[-3.645522,52.325885],[-3.646413,52.325958],[-3.646872,52.326039],[-3.6469,52.326127],[-3.647049,52.326216],[-3.64732,52.326304],[-3.647697,52.32631],[-3.648183,52.326232],[-3.648511,52.326173],[-3.648684,52.326132],[-3.648862,52.326147],[-3.649046,52.326217],[-3.649313,52.326239],[-3.649663,52.326212],[-3.649981,52.326154],[-3.650266,52.326065],[-3.650491,52.325971],[-3.650658,52.325875],[-3.650704,52.325746],[-3.650631,52.325585],[-3.650504,52.325476],[-3.650324,52.325419],[-3.650127,52.325379],[-3.649911,52.325355],[-3.649506,52.325299],[-3.648912,52.325213],[-3.648597,52.325133],[-3.648563,52.32506],[-3.648572,52.324939],[-3.648623,52.324771],[-3.648775,52.324591],[-3.649028,52.324399],[-3.649144,52.324252],[-3.649123,52.324148],[-3.649158,52.324056],[-3.649249,52.323975],[-3.649264,52.323839],[-3.649205,52.323649],[-3.649091,52.323525],[-3.648923,52.323467],[-3.648838,52.323438],[-3.648838,52.323438],[-3.6488,52.32341],[-3.648725,52.323355],[-3.648714,52.3233],[-3.648766,52.323245],[-3.648744,52.323173],[-3.648647,52.323086],[-3.648507,52.323007],[-3.648323,52.322937],[-3.648237,52.322848],[-3.64825,52.322741],[-3.648291,52.322651],[-3.648361,52.322579],[-3.648457,52.322515],[-3.648578,52.322459],[-3.648667,52.32241],[-3.648724,52.322368],[-3.648777,52.322408],[-3.648826,52.322529],[-3.648899,52.322651],[-3.648995,52.322774],[-3.6491,52.322889],[-3.649215,52.322995],[-3.649288,52.3231],[-3.64932,52.323202],[-3.649366,52.323288],[-3.649427,52.323359],[-3.649482,52.323393],[-3.649532,52.323389],[-3.649632,52.323424],[-3.649782,52.323498],[-3.649927,52.323574],[-3.650067,52.323651],[-3.650272,52.32374],[-3.650543,52.323843],[-3.650727,52.323896],[-3.650826,52.3239],[-3.651173,52.323893],[-3.651766,52.323876],[-3.652151,52.323923],[-3.652326,52.324033],[-3.652606,52.324246],[-3.652992,52.324562],[-3.653235,52.324782],[-3.653334,52.324904],[-3.653395,52.32511],[-3.653418,52.325398],[-3.653489,52.325585],[-3.653608,52.325672],[-3.653804,52.325712],[-3.654077,52.325707],[-3.654336,52.325654],[-3.65458,52.325555],[-3.654829,52.325442],[-3.655083,52.325316],[-3.655383,52.32519],[-3.655728,52.325064],[-3.656093,52.32496],[-3.656477,52.324878],[-3.65679,52.324773],[-3.657031,52.324645],[-3.657326,52.324552],[-3.657675,52.324497],[-3.657879,52.324429],[-3.657937,52.324347],[-3.657997,52.324309],[-3.658061,52.324313],[-3.65814,52.324271],[-3.658236,52.324185],[-3.658439,52.324034],[-3.65875,52.32382],[-3.659092,52.323636],[-3.659465,52.323483],[-3.660007,52.323305],[-3.660716,52.323102],[-3.661236,52.322966],[-3.661567,52.322896],[-3.662217,52.322694],[-3.663187,52.322362],[-3.663967,52.322151],[-3.664558,52.322061],[-3.66487,52.322085],[-3.664905,52.322222],[-3.664984,52.322394],[-3.665108,52.322599],[-3.665271,52.322761],[-3.665471,52.322879],[-3.665557,52.323003],[-3.665528,52.323132],[-3.665412,52.32331],[-3.665208,52.323538],[-3.664933,52.323771],[-3.664587,52.324011],[-3.664336,52.32418],[-3.664178,52.324278],[-3.664199,52.324324],[-3.664398,52.324318],[-3.664476,52.324415],[-3.664435,52.324616],[-3.664321,52.324791],[-3.664135,52.32494],[-3.663975,52.325136],[-3.663841,52.325379],[-3.663669,52.325499],[-3.663458,52.325495],[-3.663209,52.325517],[-3.662921,52.325564],[-3.662773,52.325872],[-3.662764,52.326441],[-3.662667,52.326747],[-3.662483,52.32679],[-3.662326,52.326847],[-3.662197,52.326919],[-3.662128,52.327015],[-3.66212,52.327137],[-3.66224,52.327205],[-3.662489,52.327218],[-3.662778,52.327213],[-3.663108,52.327189],[-3.663364,52.327244],[-3.663546,52.327379],[-3.663743,52.327616],[-3.663953,52.327953],[-3.664173,52.328116],[-3.664402,52.328103],[-3.664698,52.328026],[-3.665061,52.327885],[-3.665741,52.327674],[-3.666737,52.327395],[-3.667388,52.327241],[-3.667693,52.327213],[-3.667944,52.32712],[-3.668139,52.326962],[-3.668404,52.326843],[-3.66874,52.326761],[-3.668985,52.326651],[-3.66914,52.326513],[-3.6693,52.326355],[-3.669467,52.32618],[-3.66964,52.326064],[-3.66982,52.326008],[-3.669937,52.326008],[-3.66999,52.326066],[-3.67013,52.326103],[-3.670356,52.326119],[-3.670616,52.326167],[-3.670908,52.326247],[-3.671224,52.326362],[-3.671563,52.326515],[-3.671822,52.32658],[-3.672002,52.326559],[-3.672067,52.32647],[-3.672018,52.326313],[-3.672001,52.326109],[-3.672016,52.325859],[-3.672117,52.325641],[-3.672303,52.325456],[-3.672555,52.325321],[-3.672872,52.325235],[-3.673127,52.325257],[-3.673319,52.325388],[-3.673395,52.325531],[-3.673357,52.325687],[-3.673311,52.325829],[-3.673257,52.325956],[-3.673161,52.326094],[-3.673022,52.326246],[-3.672772,52.326434],[-3.672412,52.326661],[-3.672098,52.32696],[-3.67183,52.327332],[-3.671678,52.327701],[-3.671641,52.328067],[-3.671581,52.328489],[-3.671497,52.328967],[-3.671536,52.329222],[-3.671697,52.329253],[-3.671918,52.329234],[-3.6722,52.329166],[-3.672481,52.329041],[-3.672762,52.328859],[-3.673046,52.328688],[-3.673334,52.328527],[-3.673566,52.32845],[-3.673743,52.328458],[-3.673876,52.32851],[-3.673964,52.328606],[-3.67412,52.328712],[-3.674342,52.328828],[-3.674616,52.328885],[-3.674942,52.328882],[-3.675131,52.328881],[-3.675184,52.328881],[-3.67522,52.32893],[-3.675239,52.329029],[-3.675273,52.329285],[-3.675322,52.329697],[-3.675361,52.329902],[-3.675389,52.329899],[-3.675588,52.329944],[-3.675959,52.330036],[-3.676449,52.330047],[-3.677058,52.329976],[-3.67745,52.329889],[-3.677622,52.329785],[-3.677691,52.329679],[-3.677657,52.329568],[-3.677665,52.329458],[-3.677716,52.329348],[-3.677752,52.329245],[-3.677773,52.329149],[-3.677813,52.32903],[-3.677871,52.328887],[-3.67787,52.328721],[-3.67781,52.32853],[-3.677796,52.328376],[-3.677827,52.328258],[-3.677942,52.328187],[-3.67814,52.328164],[-3.678599,52.328158],[-3.679319,52.328167],[-3.679875,52.328196],[-3.680266,52.328245],[-3.680627,52.328281],[-3.680959,52.328304],[-3.681039,52.328477],[-3.680866,52.328799],[-3.680718,52.329118],[-3.680595,52.329434],[-3.68069,52.3296],[-3.681002,52.329616],[-3.681212,52.329659],[-3.68132,52.32973],[-3.681294,52.329837],[-3.681134,52.32998],[-3.68087,52.33012],[-3.680503,52.330257],[-3.680333,52.330396],[-3.68036,52.330539],[-3.680138,52.330809],[-3.679664,52.331208],[-3.679097,52.331524],[-3.678436,52.331757],[-3.677693,52.331921],[-3.676869,52.332017],[-3.676345,52.332088],[-3.67612,52.332135],[-3.67592,52.33225],[-3.675745,52.332431],[-3.675565,52.332619],[-3.675379,52.332812],[-3.675209,52.333017],[-3.675054,52.333232],[-3.6748,52.333486],[-3.674447,52.333777],[-3.674042,52.334172],[-3.673583,52.334673],[-3.673297,52.335258],[-3.673181,52.335927],[-3.673205,52.336308],[-3.673368,52.336401],[-3.673369,52.336511],[-3.673208,52.336638],[-3.672893,52.336822],[-3.672426,52.337064],[-3.671992,52.337208],[-3.671591,52.337255],[-3.67125,52.337295],[-3.670971,52.337327],[-3.67077,52.337841],[-3.670647,52.338836],[-3.67051,52.339816],[-3.67036,52.340782],[-3.67044,52.341296],[-3.670749,52.341359],[-3.670984,52.341387],[-3.671144,52.341379],[-3.671366,52.341337],[-3.67165,52.34126],[-3.671832,52.341178],[-3.671914,52.341092],[-3.671988,52.340868],[-3.672056,52.340507],[-3.672509,52.340278],[-3.673347,52.340181],[-3.673936,52.340068],[-3.674276,52.339941],[-3.674759,52.339807],[-3.675385,52.339668],[-3.675849,52.339532],[-3.676151,52.339397],[-3.676376,52.339222],[-3.676526,52.339007],[-3.676737,52.338872],[-3.67701,52.338818],[-3.677375,52.338742],[-3.677833,52.338645],[-3.678185,52.338499],[-3.678432,52.338305],[-3.67854,52.338072],[-3.678509,52.3378],[-3.678589,52.33762],[-3.678778,52.337532],[-3.678868,52.337445],[-3.678859,52.337357],[-3.678887,52.337216],[-3.678953,52.337021],[-3.679021,52.33692],[-3.67909,52.336912],[-3.679315,52.336908],[-3.679695,52.336907],[-3.680121,52.336968],[-3.680593,52.337089],[-3.680866,52.337146],[-3.680939,52.337137],[-3.681,52.33713],[-3.681049,52.337125],[-3.681168,52.337105],[-3.681357,52.337072],[-3.6817,52.336955],[-3.682198,52.336754],[-3.682637,52.336626],[-3.683018,52.33657],[-3.683244,52.336627],[-3.683314,52.336795],[-3.683368,52.336965],[-3.683404,52.337137],[-3.683363,52.337269],[-3.683247,52.337359],[-3.682984,52.337438],[-3.682576,52.337504],[-3.682393,52.337543],[-3.682437,52.337555],[-3.6824,52.337589],[-3.682282,52.337644],[-3.682009,52.337795],[-3.68158,52.338044],[-3.681131,52.338316],[-3.680663,52.338613],[-3.680119,52.338897],[-3.679498,52.339168],[-3.678947,52.339315],[-3.678466,52.339337],[-3.677879,52.339428],[-3.677187,52.339586],[-3.67669,52.339704],[-3.676389,52.339783],[-3.675926,52.340096],[-3.675301,52.340642],[-3.675011,52.341134],[-3.675057,52.341569],[-3.675251,52.342015],[-3.675593,52.342471],[-3.675959,52.342803],[-3.67635,52.343011],[-3.676717,52.3432],[-3.677059,52.34337],[-3.677461,52.343411],[-3.677923,52.343324],[-3.678468,52.343244],[-3.679096,52.343171],[-3.679388,52.343033],[-3.679342,52.342829],[-3.679675,52.342448],[-3.680387,52.341891],[-3.680789,52.341558],[-3.680882,52.341448],[-3.680954,52.341387],[-3.681008,52.341375],[-3.681067,52.341395],[-3.681131,52.341449],[-3.681241,52.341449],[-3.681397,52.341395],[-3.681745,52.341337],[-3.682285,52.341275],[-3.683035,52.34118],[-3.683993,52.341053],[-3.684461,52.340799],[-3.684439,52.340416],[-3.684508,52.34017],[-3.684669,52.340063],[-3.68502,52.340096],[-3.685562,52.34027],[-3.686356,52.340163],[-3.687403,52.339774],[-3.688109,52.339618],[-3.688474,52.339694],[-3.688971,52.339725],[-3.689599,52.339711],[-3.690058,52.339776],[-3.690347,52.339921],[-3.690578,52.340116],[-3.690753,52.340363],[-3.690899,52.340635],[-3.691017,52.340933],[-3.690655,52.341175],[-3.689812,52.341362],[-3.688821,52.341619],[-3.687681,52.341944],[-3.686578,52.342466],[-3.685513,52.343183],[-3.684847,52.343624],[-3.684582,52.343788],[-3.684213,52.343972],[-3.683741,52.344175],[-3.683355,52.344328],[-3.683053,52.344431],[-3.682858,52.344662],[-3.682768,52.34502],[-3.68272,52.345385],[-3.682715,52.345756],[-3.682644,52.346076],[-3.682509,52.346344],[-3.682275,52.346608],[-3.681943,52.346869],[-3.681516,52.347178],[-3.680995,52.347536],[-3.68062,52.347817],[-3.680392,52.348021],[-3.68026,52.348222],[-3.680224,52.348419],[-3.680241,52.348588],[-3.680309,52.348728],[-3.68023,52.348826],[-3.680004,52.348882],[-3.679808,52.348957],[-3.679643,52.34905],[-3.679558,52.349208],[-3.679555,52.349431],[-3.679454,52.349577],[-3.679256,52.349644],[-3.679076,52.349806],[-3.678913,52.350062],[-3.678896,52.350361],[-3.679027,52.350702],[-3.679312,52.350987],[-3.679749,52.351218],[-3.680151,52.351335],[-3.680517,52.351337],[-3.680743,52.351436],[-3.68083,52.351634],[-3.680746,52.351755],[-3.680492,52.351799],[-3.680102,52.351956],[-3.679578,52.352225],[-3.679029,52.352502],[-3.678457,52.352789],[-3.678236,52.352959],[-3.678367,52.353013],[-3.678167,52.353147],[-3.677637,52.353362],[-3.677089,52.353663],[-3.676522,52.354051],[-3.676165,52.354391],[-3.676018,52.354682],[-3.675534,52.354932],[-3.674713,52.35514],[-3.673988,52.355361],[-3.67336,52.355595],[-3.673048,52.355825],[-3.673052,52.35605],[-3.673169,52.356254],[-3.673399,52.356437],[-3.67366,52.356596],[-3.673954,52.356731],[-3.674305,52.356775],[-3.674714,52.356727],[-3.675282,52.356557],[-3.67601,52.356262],[-3.676525,52.356025],[-3.676826,52.355845],[-3.677161,52.355625],[-3.677529,52.355365],[-3.677946,52.355135],[-3.678413,52.354935],[-3.678785,52.354727],[-3.679061,52.354509],[-3.67931,52.35444],[-3.679533,52.354519],[-3.67968,52.354586],[-3.679751,52.354643],[-3.679727,52.354714],[-3.679608,52.3548],[-3.679476,52.354864],[-3.67933,52.354905],[-3.679206,52.354972],[-3.679102,52.355065],[-3.679101,52.355145],[-3.679202,52.355214],[-3.679466,52.355232],[-3.679892,52.355198],[-3.680292,52.355104],[-3.680667,52.354947],[-3.680979,52.354742],[-3.68123,52.354487],[-3.681423,52.354273],[-3.681556,52.3541],[-3.681752,52.35405],[-3.682011,52.354123],[-3.682187,52.354266],[-3.68228,52.354478],[-3.6823,52.354669],[-3.682246,52.354836],[-3.682065,52.355059],[-3.681755,52.355336],[-3.681558,52.355512],[-3.681476,52.355586],[-3.681451,52.355678],[-3.681486,52.355787],[-3.681583,52.355844],[-3.681743,52.355849],[-3.681989,52.355789],[-3.68232,52.355661],[-3.682618,52.355474],[-3.682884,52.355225],[-3.68317,52.355019],[-3.683476,52.354854],[-3.683698,52.354742],[-3.683835,52.354683],[-3.684011,52.354684],[-3.684226,52.354744],[-3.684314,52.354808],[-3.684274,52.354875],[-3.684179,52.35507],[-3.684029,52.355394],[-3.683924,52.355628],[-3.683863,52.355772],[-3.683957,52.355882],[-3.684206,52.355958],[-3.684402,52.355991],[-3.684544,52.355983],[-3.684644,52.355983],[-3.6847,52.355993],[-3.684735,52.356021],[-3.68475,52.356068],[-3.684794,52.356167],[-3.684868,52.35632],[-3.685074,52.356449],[-3.685412,52.356555],[-3.685716,52.35664],[-3.685988,52.356705],[-3.686265,52.356721],[-3.686546,52.356689],[-3.68683,52.356603],[-3.687117,52.356465],[-3.687353,52.356329],[-3.687536,52.356195],[-3.68769,52.356076],[-3.687817,52.355973],[-3.687901,52.355891],[-3.687945,52.355829],[-3.688028,52.355793],[-3.688152,52.355782],[-3.688376,52.355945],[-3.688702,52.356281],[-3.688876,52.356556],[-3.688898,52.356767],[-3.688936,52.356894],[-3.688989,52.356936],[-3.688972,52.356996],[-3.688886,52.357074],[-3.688764,52.357165],[-3.688606,52.357271],[-3.688436,52.357412],[-3.688252,52.357588],[-3.68809,52.35773],[-3.68795,52.357838],[-3.687839,52.357928],[-3.687758,52.358001],[-3.687635,52.358051],[-3.68747,52.35808],[-3.687375,52.358096],[-3.687352,52.358099],[-3.687375,52.358147],[-3.687444,52.35824],[-3.687581,52.358285],[-3.687786,52.35828],[-3.687981,52.358267],[-3.688165,52.358246],[-3.688304,52.358235],[-3.688399,52.358233],[-3.688609,52.358206],[-3.688934,52.358154],[-3.689087,52.358095],[-3.689066,52.35803],[-3.689035,52.357942],[-3.688992,52.357831],[-3.689049,52.357722],[-3.689207,52.357617],[-3.689432,52.35746],[-3.689724,52.357252],[-3.689881,52.357129],[-3.689902,52.357091],[-3.690027,52.357067],[-3.690257,52.357056],[-3.6906,52.357184],[-3.691058,52.357452],[-3.691459,52.357647],[-3.691805,52.357767],[-3.691912,52.357969],[-3.691781,52.358251],[-3.691622,52.35841],[-3.691435,52.358446],[-3.691303,52.358458],[-3.691224,52.358449],[-3.691138,52.358411],[-3.691045,52.358346],[-3.690938,52.358274],[-3.690818,52.358196],[-3.690673,52.35815],[-3.690502,52.358136],[-3.690385,52.358196],[-3.690324,52.358329],[-3.690274,52.358425],[-3.690236,52.358484],[-3.690203,52.358534],[-3.690178,52.358574],[-3.690072,52.358626],[-3.689885,52.358692],[-3.689738,52.358724],[-3.689629,52.358723],[-3.68945,52.358722],[-3.689201,52.358721],[-3.68898,52.358732],[-3.688789,52.358754],[-3.688736,52.358801],[-3.688822,52.358873],[-3.688916,52.35892],[-3.689019,52.358941],[-3.689078,52.358954],[-3.689095,52.358957],[-3.689064,52.35901],[-3.688984,52.359111],[-3.688926,52.359178],[-3.688889,52.359212],[-3.688841,52.359236],[-3.688782,52.359253],[-3.68863,52.359275],[-3.688384,52.359304],[-3.688172,52.359359],[-3.687993,52.35944],[-3.687807,52.359524],[-3.687615,52.359612],[-3.687275,52.359696],[-3.686788,52.359776],[-3.686486,52.359948],[-3.68637,52.360212],[-3.686297,52.360348],[-3.686269,52.360355],[-3.686119,52.360412],[-3.685846,52.360517],[-3.6856,52.360646],[-3.685382,52.360799],[-3.685201,52.360941],[-3.685056,52.36107],[-3.684906,52.36122],[-3.684749,52.361391],[-3.684496,52.361533],[-3.684145,52.361647],[-3.683893,52.361743],[-3.68374,52.36182],[-3.68368,52.361876],[-3.683714,52.361912],[-3.683769,52.36197],[-3.683843,52.362048],[-3.683882,52.362105],[-3.683884,52.362139],[-3.683814,52.362184],[-3.68367,52.36224],[-3.683506,52.362281],[-3.683321,52.362307],[-3.683142,52.362332],[-3.682969,52.362354],[-3.682849,52.362381],[-3.682783,52.362415],[-3.682505,52.362682],[-3.682016,52.363183],[-3.681787,52.363553],[-3.681818,52.363793],[-3.681839,52.363913],[-3.681852,52.363913],[-3.681931,52.363941],[-3.682078,52.363997],[-3.682211,52.364063],[-3.682331,52.364137],[-3.682429,52.364246],[-3.682506,52.364389],[-3.682546,52.364502],[-3.682548,52.364585],[-3.682514,52.364666],[-3.682444,52.364745],[-3.682418,52.364807],[-3.682435,52.364853],[-3.682503,52.364911],[-3.682621,52.364981],[-3.682827,52.365045],[-3.683119,52.365103],[-3.683478,52.365107],[-3.683902,52.365058],[-3.684327,52.364967],[-3.684752,52.364834],[-3.685135,52.364676],[-3.685477,52.364494],[-3.685864,52.364219],[-3.686298,52.363851],[-3.686634,52.363431],[-3.686871,52.362961],[-3.687052,52.362695],[-3.687178,52.362635],[-3.687231,52.362578],[-3.68721,52.362524],[-3.687193,52.362374],[-3.687181,52.362131],[-3.68727,52.361899],[-3.687459,52.361681],[-3.687616,52.361501],[-3.687741,52.361359],[-3.68783,52.361258],[-3.687884,52.361198],[-3.68799,52.361151],[-3.688149,52.361118],[-3.688398,52.361091],[-3.688738,52.361071],[-3.688895,52.361109],[-3.688869,52.361205],[-3.688738,52.361339],[-3.688501,52.361508],[-3.688272,52.361665],[-3.688051,52.361808],[-3.687908,52.361916],[-3.687841,52.361987],[-3.687846,52.362082],[-3.687923,52.3622],[-3.688207,52.362139],[-3.688699,52.361899],[-3.688998,52.361772],[-3.689106,52.36176],[-3.689212,52.361747],[-3.689316,52.361735],[-3.689505,52.361747],[-3.689777,52.361782],[-3.689946,52.361805],[-3.690011,52.361816],[-3.690208,52.361697],[-3.690536,52.361447],[-3.690816,52.361201],[-3.691048,52.36096],[-3.691258,52.36075],[-3.691447,52.36057],[-3.691713,52.360452],[-3.692056,52.360396],[-3.692269,52.36036],[-3.692353,52.360347],[-3.692652,52.360264],[-3.693168,52.360112],[-3.693533,52.360073],[-3.693749,52.360149],[-3.693911,52.360226],[-3.694018,52.360306],[-3.693994,52.360384],[-3.69384,52.36046],[-3.693766,52.360538],[-3.693774,52.360619],[-3.693784,52.360714],[-3.693794,52.360824],[-3.69363,52.360974],[-3.693291,52.361164],[-3.692944,52.361304],[-3.692588,52.361396],[-3.692173,52.361474],[-3.691699,52.361537],[-3.691444,52.361667],[-3.691409,52.361864],[-3.691257,52.362078],[-3.690986,52.36231],[-3.690821,52.362614],[-3.69076,52.362989],[-3.690742,52.363284],[-3.690768,52.363498],[-3.690865,52.363696],[-3.691031,52.363877],[-3.691383,52.363903],[-3.691919,52.363774],[-3.692414,52.363666],[-3.692868,52.36358],[-3.693204,52.363456],[-3.693423,52.363294],[-3.693682,52.363201],[-3.693982,52.363177],[-3.694477,52.363171],[-3.695168,52.363182],[-3.695652,52.363172],[-3.69593,52.36314],[-3.696248,52.363036],[-3.696605,52.36286],[-3.697043,52.362746],[-3.697562,52.362694],[-3.698438,52.362638],[-3.699669,52.362579],[-3.700447,52.362584],[-3.700771,52.362655],[-3.70106,52.362701],[-3.701314,52.362722],[-3.701662,52.362694],[-3.702105,52.362617],[-3.702647,52.362462],[-3.703288,52.362228],[-3.703761,52.362006],[-3.704065,52.361795],[-3.704278,52.36164],[-3.704398,52.361543],[-3.704739,52.361423],[-3.705299,52.361283],[-3.705838,52.361053],[-3.706356,52.360733],[-3.706613,52.360566],[-3.706609,52.360551],[-3.706843,52.360514],[-3.707314,52.360455],[-3.70799,52.360445],[-3.708871,52.360485],[-3.709512,52.36052],[-3.709915,52.360551],[-3.71016,52.360479],[-3.710248,52.360303],[-3.710325,52.360198],[-3.710389,52.360163],[-3.710539,52.360148],[-3.710774,52.360152],[-3.711231,52.360081],[-3.71191,52.359933],[-3.712299,52.359768],[-3.712401,52.359586],[-3.712613,52.359359],[-3.712935,52.359087],[-3.713168,52.358869],[-3.713313,52.358705],[-3.713396,52.358591],[-3.713417,52.358528],[-3.713476,52.358486],[-3.713573,52.358464],[-3.713677,52.358423],[-3.713789,52.35836],[-3.713853,52.358349],[-3.713869,52.358389],[-3.713875,52.358476],[-3.713872,52.35861],[-3.713889,52.358711],[-3.713926,52.358781],[-3.713962,52.358825],[-3.713998,52.358843],[-3.714048,52.358847],[-3.714113,52.358835],[-3.714153,52.358807],[-3.714169,52.358764],[-3.714256,52.358618],[-3.714412,52.35837],[-3.714489,52.358228],[-3.714487,52.358192],[-3.714631,52.358155],[-3.714919,52.358116],[-3.715231,52.358005],[-3.715567,52.357822],[-3.715938,52.357749],[-3.716344,52.357785],[-3.716837,52.357739],[-3.717417,52.35761],[-3.717723,52.357558],[-3.717755,52.357582],[-3.7181,52.35753],[-3.718758,52.357403],[-3.719259,52.35732],[-3.719605,52.357279],[-3.720021,52.357262],[-3.720509,52.357266],[-3.72087,52.357333],[-3.721103,52.357462],[-3.721294,52.357616],[-3.721442,52.357795],[-3.721732,52.357886],[-3.722165,52.357892],[-3.722755,52.357798],[-3.723502,52.357604],[-3.72402,52.357471],[-3.72431,52.357398],[-3.724816,52.357228],[-3.725539,52.356959],[-3.726111,52.356791],[-3.726531,52.356726],[-3.726763,52.356634],[-3.726809,52.356517],[-3.726885,52.356466],[-3.726991,52.356482],[-3.727083,52.3566],[-3.727161,52.35682],[-3.727511,52.356924],[-3.728132,52.356913],[-3.72848,52.356912],[-3.728556,52.35692],[-3.728647,52.356917],[-3.728753,52.356905],[-3.728849,52.356874],[-3.728935,52.356825],[-3.72898,52.356736],[-3.728985,52.356607],[-3.728994,52.356519],[-3.729007,52.356473],[-3.729067,52.356447],[-3.729176,52.356439],[-3.72929,52.356451],[-3.72941,52.356482],[-3.729581,52.35656],[-3.729804,52.356684],[-3.730255,52.35669],[-3.730936,52.356577],[-3.731285,52.356478],[-3.731304,52.356392],[-3.731329,52.356297],[-3.731361,52.356192],[-3.731394,52.356138],[-3.73143,52.356134],[-3.731515,52.356085],[-3.731651,52.355991],[-3.731793,52.355888],[-3.731941,52.355775],[-3.732167,52.355604],[-3.732471,52.355372],[-3.732672,52.355151],[-3.73277,52.354938],[-3.732834,52.354677],[-3.732864,52.354369],[-3.732881,52.354215],[-3.732886,52.354216],[-3.732913,52.354063],[-3.732963,52.353756],[-3.733074,52.353571],[-3.733245,52.353506],[-3.733356,52.353423],[-3.733406,52.353323],[-3.733406,52.353225],[-3.733357,52.35313],[-3.733326,52.353069],[-3.733312,52.353042],[-3.733262,52.352957],[-3.733176,52.352812],[-3.733166,52.352677],[-3.733232,52.35255],[-3.733323,52.35247],[-3.733438,52.35244],[-3.733536,52.352413],[-3.733616,52.352391],[-3.733773,52.352412],[-3.734005,52.352474],[-3.734278,52.352537],[-3.734592,52.3526],[-3.734904,52.352566],[-3.735214,52.352435],[-3.7354,52.352329],[-3.735462,52.352247],[-3.735534,52.352151],[-3.735617,52.352042],[-3.735757,52.352028],[-3.735954,52.35211],[-3.736081,52.352179],[-3.736138,52.352236],[-3.736233,52.352332],[-3.736367,52.352466],[-3.736582,52.352651],[-3.736876,52.352885],[-3.737061,52.353],[-3.737137,52.352996],[-3.737278,52.353031],[-3.737482,52.353104],[-3.737667,52.353132],[-3.737831,52.353112],[-3.737905,52.353175],[-3.737888,52.353318],[-3.73787,52.35341],[-3.737852,52.353449],[-3.737919,52.353465],[-3.738071,52.353457],[-3.738225,52.353438],[-3.738382,52.353407],[-3.738488,52.353396],[-3.738545,52.353405],[-3.73874,52.353329],[-3.739074,52.353171],[-3.739262,52.353052],[-3.739302,52.352973],[-3.739312,52.352925],[-3.739292,52.352908],[-3.739332,52.352872],[-3.739435,52.352815],[-3.739364,52.352721],[-3.739121,52.352589],[-3.738992,52.352513],[-3.738976,52.352494],[-3.738901,52.352403],[-3.738767,52.352243],[-3.738677,52.352137],[-3.73863,52.352086],[-3.738766,52.352051],[-3.739086,52.352032],[-3.739317,52.352005],[-3.739461,52.35197],[-3.739542,52.351908],[-3.739561,52.351821],[-3.73959,52.351742],[-3.73963,52.351672],[-3.739673,52.351587],[-3.739719,52.351487],[-3.739632,52.351408],[-3.739412,52.351348],[-3.739285,52.351288],[-3.73925,52.351226],[-3.739207,52.351189],[-3.739157,52.351176],[-3.739018,52.351154],[-3.738792,52.351124],[-3.738696,52.351064],[-3.73873,52.350976],[-3.73884,52.350906],[-3.739025,52.350856],[-3.739188,52.350809],[-3.739329,52.350764],[-3.739458,52.350726],[-3.739575,52.350696],[-3.739631,52.350673],[-3.739625,52.350659],[-3.739613,52.350637],[-3.739593,52.350608],[-3.739587,52.350591],[-3.739595,52.350588],[-3.739688,52.350576],[-3.739867,52.350555],[-3.739984,52.350608],[-3.740039,52.350733],[-3.740106,52.350848],[-3.740185,52.350952],[-3.740296,52.351057],[-3.740438,52.351163],[-3.74056,52.351233],[-3.740664,52.351268],[-3.74085,52.351294],[-3.741118,52.351309],[-3.741344,52.351311],[-3.741526,52.351299],[-3.741737,52.351268],[-3.741978,52.351216],[-3.742123,52.351185],[-3.742172,52.351174],[-3.742255,52.351158],[-3.742372,52.351135],[-3.74246,52.35112],[-3.74252,52.351113],[-3.742608,52.351153],[-3.742725,52.351241],[-3.742796,52.351294],[-3.742821,52.351312],[-3.742888,52.351324],[-3.742998,52.35133],[-3.743144,52.351351],[-3.743326,52.351386],[-3.743455,52.351404],[-3.743533,52.351404],[-3.743609,52.351377],[-3.743684,52.351321],[-3.743725,52.351263],[-3.74373,52.351204],[-3.743735,52.351147],[-3.74374,52.351092],[-3.743805,52.351014],[-3.743928,52.350915],[-3.744024,52.350852],[-3.744093,52.350825],[-3.744146,52.350772],[-3.744183,52.350692],[-3.74421,52.350604],[-3.744226,52.350508],[-3.744314,52.350469],[-3.744475,52.350488],[-3.744624,52.350518],[-3.74476,52.350558],[-3.745311,52.350394],[-3.746275,52.350026],[-3.746767,52.349838],[-3.746787,52.349832],[-3.7469,52.349843],[-3.747107,52.349871],[-3.747241,52.349858],[-3.747302,52.349804],[-3.747373,52.349735],[-3.747454,52.349652],[-3.747499,52.349606],[-3.747507,52.349598],[-3.747597,52.349699],[-3.747768,52.34991],[-3.747883,52.350041],[-3.747943,52.350094],[-3.748122,52.350179],[-3.74842,52.350296],[-3.748649,52.350405],[-3.748811,52.350505],[-3.748857,52.350668],[-3.748787,52.350895],[-3.748763,52.351093],[-3.748783,52.351262],[-3.748819,52.351374],[-3.748868,52.351427],[-3.749044,52.351433],[-3.749345,52.351391],[-3.749608,52.351328],[-3.749831,52.351242],[-3.750001,52.35111],[-3.750118,52.350931],[-3.750179,52.350762],[-3.750183,52.350602],[-3.750132,52.350423],[-3.750026,52.350224],[-3.749806,52.350045],[-3.749474,52.349885],[-3.749218,52.349779],[-3.749039,52.349728],[-3.748894,52.349596],[-3.748784,52.349384],[-3.748758,52.349231],[-3.748815,52.349139],[-3.748855,52.349075],[-3.748876,52.349039],[-3.748828,52.348972],[-3.74871,52.348873],[-3.748538,52.348811],[-3.748313,52.348784],[-3.748093,52.348745],[-3.747878,52.348694]]]}}